,0,1,2,3,4,5,6,7,8,9,10,11,12,13,14,15,16,17,18,19,20,21,22,23,y
1,1,6,4,12,5,5,3,4,1,67,3,2,1,2,1,0,0,1,0,0,1,0,0,1,0
2,2,48,2,60,1,3,2,2,1,22,3,1,1,1,1,0,0,1,0,0,1,0,0,1,1
3,4,12,4,21,1,4,3,3,1,49,3,1,2,1,1,0,0,1,0,0,1,0,1,0,0
4,1,42,2,79,1,4,3,4,2,45,3,1,2,1,1,0,0,0,0,0,0,0,0,1,0
5,1,24,3,49,1,3,3,4,4,53,3,2,2,1,1,1,0,1,0,0,0,0,0,1,1
6,4,36,2,91,5,3,3,4,4,35,3,1,2,2,1,0,0,1,0,0,0,0,1,0,0
7,4,24,2,28,3,5,3,4,2,53,3,1,1,1,1,0,0,1,0,0,1,0,0,1,0
8,2,36,2,69,1,3,3,2,3,35,3,1,1,2,1,0,1,1,0,1,0,0,0,0,0
9,4,12,2,31,4,4,1,4,1,61,3,1,1,1,1,0,0,1,0,0,1,0,1,0,0
10,2,30,4,52,1,1,4,2,3,28,3,2,1,1,1,1,0,1,0,0,1,0,0,0,1
11,2,12,2,13,1,2,2,1,3,25,3,1,1,1,1,1,0,1,0,1,0,0,0,1,1
12,1,48,2,43,1,2,2,4,2,24,3,1,1,1,1,0,0,1,0,1,0,0,0,1,1
13,2,12,2,16,1,3,2,1,3,22,3,1,1,2,1,0,0,1,0,0,1,0,0,1,0
14,1,24,4,12,1,5,3,4,3,60,3,2,1,1,1,1,0,1,0,0,1,0,1,0,1
15,1,15,2,14,1,3,2,4,3,28,3,1,1,1,1,1,0,1,0,1,0,0,0,1,0
16,1,24,2,13,2,3,2,2,3,32,3,1,1,1,1,0,0,1,0,0,1,0,1,0,1
17,4,24,4,24,5,5,3,4,2,53,3,2,1,1,1,0,0,1,0,0,1,0,0,1,0
18,1,30,0,81,5,2,3,3,3,25,1,3,1,1,1,0,0,1,0,0,1,0,0,1,0
19,2,24,2,126,1,5,2,2,4,44,3,1,1,2,1,0,1,1,0,0,0,0,0,0,1
20,4,24,2,34,3,5,3,2,3,31,3,1,2,2,1,0,0,1,0,0,1,0,0,1,0
21,4,9,4,21,1,3,3,4,3,48,3,3,1,2,1,1,0,1,0,0,1,0,0,1,0
22,1,6,2,26,3,3,3,3,1,44,3,1,2,1,1,0,0,1,0,1,0,0,0,1,0
23,1,10,4,22,1,2,3,3,1,48,3,2,2,1,2,1,0,1,0,1,0,0,1,0,0
24,2,12,4,18,2,2,3,4,2,44,3,1,1,1,1,0,1,1,0,0,1,0,0,1,0
25,4,10,4,21,5,3,4,1,3,26,3,2,1,1,2,0,0,1,0,0,1,0,0,1,0
26,1,6,2,14,1,3,3,2,1,36,1,1,1,2,1,0,0,1,0,0,1,0,1,0,0
27,4,6,0,4,1,5,4,4,3,39,3,1,1,1,1,0,0,1,0,0,1,0,1,0,0
28,3,12,1,4,4,3,2,3,1,42,3,2,1,1,1,0,0,1,0,1,0,0,0,1,0
29,2,7,2,24,1,3,3,2,1,34,3,1,1,1,1,0,0,0,0,0,1,0,0,1,0
30,1,60,3,68,1,5,3,4,4,63,3,2,1,2,1,0,0,1,0,0,1,0,0,1,1
31,2,18,2,19,4,2,4,3,1,36,1,1,1,2,1,0,0,1,0,0,1,0,0,1,0
32,1,24,2,40,1,3,3,2,3,27,2,1,1,1,1,0,0,1,0,0,1,0,0,1,0
33,2,18,2,59,2,3,3,2,3,30,3,2,1,2,1,1,0,1,0,0,1,0,0,1,0
34,4,12,4,13,5,5,3,4,4,57,3,1,1,1,1,0,0,1,0,1,0,0,1,0,0
35,3,12,2,15,1,2,2,1,2,33,1,1,1,2,1,0,0,1,0,0,1,0,0,0,0
36,2,45,4,47,1,2,3,2,2,25,3,2,1,1,1,0,0,1,0,0,1,0,1,0,1
37,4,48,4,61,1,3,3,3,4,31,1,1,1,2,1,0,0,1,0,0,0,0,0,1,0
38,3,18,2,21,1,3,3,2,1,37,2,1,1,1,1,0,0,0,1,0,1,0,0,1,1
39,3,10,2,12,1,3,3,2,3,37,3,1,1,2,1,0,0,1,0,0,1,0,0,1,0
40,2,9,2,5,1,3,3,3,1,24,3,1,1,1,1,0,0,1,0,0,1,0,0,1,0
41,4,30,2,23,3,5,3,2,3,30,1,1,1,1,1,0,0,1,0,0,1,0,0,0,0
42,2,12,2,12,3,3,1,1,3,26,3,1,1,2,1,0,0,1,0,0,1,0,0,1,0
43,2,18,3,62,1,3,3,4,1,44,3,1,2,2,1,0,0,1,0,0,1,0,1,0,0
44,1,30,4,62,2,4,4,4,3,24,3,2,1,1,1,0,1,1,0,1,0,0,0,1,0
45,1,48,4,61,1,5,2,4,4,58,2,2,1,1,1,0,1,1,0,0,0,0,1,0,1
46,4,11,4,14,1,2,2,4,3,35,3,2,1,1,1,1,0,1,0,0,1,0,0,0,0
47,4,36,2,23,3,5,3,4,3,39,3,1,1,1,1,0,0,1,0,0,1,0,0,1,0
48,1,6,2,14,3,1,2,2,2,23,3,1,1,2,1,0,1,1,0,1,0,1,0,0,0
49,4,11,4,72,1,3,3,4,2,39,3,2,1,1,1,1,0,1,0,0,1,0,1,0,0
50,4,12,2,21,2,3,2,2,1,28,3,1,1,1,1,0,0,0,1,0,1,0,0,1,0
51,2,24,3,23,5,2,3,2,2,29,1,1,1,1,1,0,0,1,0,0,1,0,1,0,0
52,2,27,3,60,1,5,3,2,3,30,3,2,1,2,1,0,1,1,0,0,1,0,0,0,0
53,4,12,2,13,1,3,3,2,3,25,3,1,1,1,1,0,0,1,0,0,1,0,0,1,0
54,4,18,2,34,5,3,3,1,2,31,3,1,1,2,1,0,1,1,0,0,1,0,0,1,0
55,2,36,3,22,1,5,3,4,4,57,1,2,1,2,1,1,0,1,0,0,0,0,0,1,1
56,4,6,1,8,5,3,3,2,1,26,2,1,2,1,1,1,0,0,0,0,1,0,1,0,0
57,2,12,2,65,5,1,3,1,4,52,3,1,1,2,1,0,0,1,0,0,1,0,0,0,1
58,4,36,4,96,1,3,2,2,3,31,2,2,1,1,1,0,0,1,0,0,1,0,0,1,0
59,3,18,2,20,1,5,2,2,3,23,3,1,1,1,1,1,0,1,0,0,1,0,0,0,0
60,1,36,4,62,1,2,2,4,4,23,3,2,1,2,1,0,0,0,1,1,0,0,1,0,1
61,2,9,2,14,1,3,4,1,1,27,1,1,1,2,1,0,0,1,0,0,1,0,0,1,0
62,2,15,4,15,5,5,3,4,1,50,3,2,1,2,1,0,0,0,0,0,1,0,0,1,0
63,2,36,0,20,1,5,3,4,4,61,3,1,1,2,1,0,0,1,0,0,0,0,0,0,1
64,2,48,0,144,1,3,3,2,3,25,3,1,1,2,1,0,0,1,0,0,1,0,0,1,1
65,4,24,2,32,1,2,2,4,2,26,3,1,1,2,1,0,0,1,0,0,1,0,0,1,0
66,4,27,2,52,5,5,3,4,2,48,3,4,2,2,1,0,0,1,0,0,1,0,0,1,0
67,4,12,2,22,1,2,2,2,3,29,1,1,1,1,1,0,0,1,0,0,1,0,0,1,0
68,2,12,2,10,4,3,4,1,1,22,3,1,1,1,1,1,0,1,0,0,1,0,0,1,0
69,4,36,2,18,1,3,3,4,4,37,2,1,1,2,1,0,0,1,0,0,0,0,0,1,1
70,4,36,2,24,5,3,2,4,3,25,3,1,1,1,1,0,0,1,0,0,1,0,0,1,0
71,4,36,2,81,1,3,2,2,2,30,1,1,1,1,1,0,1,1,0,0,1,0,0,1,0
72,4,7,4,7,5,5,3,2,2,46,3,2,1,2,1,0,0,1,0,1,0,0,1,0,0
73,1,8,4,12,1,5,3,4,4,51,1,2,2,2,1,0,0,1,0,0,0,0,0,0,0
74,2,42,4,60,1,4,2,1,1,41,1,2,1,1,1,0,0,1,0,0,1,0,1,0,0
75,1,36,2,20,5,5,3,4,4,40,3,1,1,2,1,0,0,1,0,0,1,0,0,0,1
76,1,12,4,15,1,5,3,4,4,66,3,2,1,1,1,0,1,1,0,0,0,0,0,0,0
77,1,42,2,40,1,2,3,3,3,34,3,1,1,1,1,0,0,1,0,0,1,0,0,1,1
78,2,11,3,48,1,4,3,4,2,51,3,1,1,1,1,0,0,1,0,0,1,0,0,1,0
79,4,54,0,94,5,3,3,2,2,39,3,1,2,1,1,0,1,1,0,0,1,0,1,0,0
80,2,30,2,38,1,2,4,1,2,22,3,1,1,1,1,0,0,1,0,0,1,0,0,1,0
81,4,24,2,59,5,2,2,1,3,44,3,2,1,2,1,0,0,1,0,0,1,0,0,1,1
82,4,15,2,12,3,5,3,3,2,47,2,1,1,2,1,0,0,1,0,0,1,0,0,1,0
83,4,18,2,16,2,3,2,4,2,24,3,1,1,1,1,0,0,1,0,1,0,0,1,0,0
84,1,24,2,18,1,5,2,4,1,58,3,1,1,2,1,0,0,0,0,0,1,0,1,0,0
85,1,10,2,23,1,5,3,4,1,52,3,1,1,1,1,0,0,1,0,0,1,0,1,0,0
86,4,12,4,14,1,3,2,2,1,29,3,2,1,2,1,0,0,0,0,0,1,0,0,0,0
87,2,18,4,13,1,2,2,1,2,27,3,2,1,1,1,0,0,1,0,0,1,0,0,1,0
88,2,36,2,126,2,3,3,4,4,47,3,1,2,2,1,0,0,1,0,0,0,0,0,1,1
89,1,18,2,22,2,4,3,3,3,30,3,1,2,2,1,1,0,1,0,0,1,0,0,0,0
90,1,12,0,11,1,4,3,3,1,28,3,2,1,1,1,0,0,1,0,0,1,0,0,1,1
91,4,12,4,6,1,5,3,4,1,56,3,1,1,1,1,0,0,1,0,0,1,0,0,1,0
92,1,12,4,14,1,5,3,3,1,54,3,1,1,1,1,0,1,1,0,0,1,0,0,1,0
93,4,12,4,8,5,5,2,3,2,33,1,1,2,1,1,0,0,1,0,0,1,0,1,0,1
94,3,24,4,36,5,5,3,4,4,20,3,2,1,1,1,0,0,0,1,1,0,0,0,1,0
95,2,12,2,13,4,5,3,4,1,54,3,1,1,2,1,1,0,1,0,0,1,0,0,1,0
96,2,54,0,159,1,2,3,4,4,58,3,1,1,2,1,0,0,1,0,1,0,0,0,1,1
97,4,12,4,20,5,4,2,2,3,61,3,1,1,1,1,0,0,1,0,0,1,0,0,1,0
98,2,18,2,26,2,3,3,4,3,34,3,1,1,1,1,0,0,1,0,0,1,0,0,1,0
99,2,36,4,23,1,5,3,4,1,36,3,1,1,1,1,0,0,1,0,0,1,0,0,1,0
100,2,20,3,71,5,4,3,4,2,36,1,2,2,2,1,0,1,1,0,1,0,0,0,0,0
101,4,24,2,15,2,5,4,4,1,41,3,1,1,1,1,1,0,1,0,1,0,0,1,0,0
102,2,36,2,23,1,4,3,4,3,24,3,1,1,1,1,0,0,1,0,1,0,0,0,1,0
103,4,6,3,9,1,3,2,2,1,24,3,1,1,1,1,0,0,1,0,0,1,0,0,1,0
104,2,9,4,19,1,4,3,3,3,35,3,1,1,2,1,0,0,1,0,1,0,0,0,1,0
105,4,12,2,24,5,2,4,4,3,26,3,1,1,2,1,0,1,1,0,1,0,0,0,1,0
106,2,24,4,119,1,3,3,3,3,39,3,2,2,2,1,0,0,0,1,0,1,0,0,0,1
107,4,18,1,65,1,5,3,4,4,39,1,2,2,2,1,1,0,1,0,0,1,0,0,0,1
108,2,12,2,61,1,4,3,2,3,32,3,1,1,1,1,1,0,1,0,0,1,0,0,1,0
109,1,24,2,77,5,2,2,2,2,30,3,1,1,2,2,0,0,1,0,0,1,0,0,1,0
110,2,14,2,14,3,5,4,2,1,35,3,1,1,2,1,0,0,1,0,0,1,0,0,1,0
111,2,6,3,14,2,5,1,2,3,31,1,2,2,1,1,0,0,1,0,0,1,0,0,1,0
112,3,15,2,4,1,2,2,4,2,23,3,1,1,2,1,0,0,1,0,1,0,0,0,1,0
113,2,18,2,63,1,4,3,3,1,28,3,1,1,1,1,1,0,1,0,1,0,0,1,0,0
114,4,36,4,79,1,3,2,2,1,25,2,2,1,2,1,1,0,1,0,0,1,0,0,1,1
115,1,12,2,17,3,5,4,1,1,35,3,1,1,1,1,0,0,1,0,0,1,0,0,1,0
116,4,48,4,36,5,5,3,1,1,47,3,1,1,2,1,0,0,1,0,0,1,0,0,1,0
117,1,42,2,72,5,4,2,3,3,30,3,1,1,2,1,0,0,1,0,0,1,0,0,0,1
118,1,10,4,21,5,2,2,3,1,27,3,2,1,1,2,0,0,0,1,1,0,0,0,1,0
119,1,33,4,43,3,3,2,4,3,23,3,2,1,1,1,0,0,1,0,0,1,0,0,1,1
120,2,12,4,24,3,4,1,3,3,36,3,1,1,2,1,1,0,1,0,0,1,0,0,0,0
121,1,21,2,18,1,3,2,2,1,25,3,2,1,2,1,0,0,1,0,0,1,0,0,1,1
122,4,24,4,39,1,5,2,2,3,41,3,2,1,2,1,0,1,1,0,1,0,0,0,0,0
123,4,12,2,18,1,3,3,2,1,24,3,1,1,1,1,0,0,1,0,1,0,0,1,0,0
124,3,10,4,8,1,5,3,4,4,63,3,2,1,2,1,1,0,1,0,0,0,0,0,1,0
125,2,18,2,19,5,2,2,3,1,27,3,1,1,1,1,0,0,1,0,1,0,0,0,1,1
126,1,12,4,21,1,3,3,2,2,30,3,2,1,1,1,1,0,1,0,0,1,0,0,1,0
127,1,12,2,7,1,3,4,2,1,40,3,1,1,1,1,0,0,1,0,0,1,0,1,0,0
128,2,12,2,6,1,3,3,2,3,30,3,1,1,1,1,0,0,1,0,0,1,0,0,1,1
129,2,12,4,19,1,1,3,2,3,34,3,2,1,2,1,0,1,1,0,0,1,0,0,0,0
130,1,12,4,35,1,3,2,2,1,29,3,2,1,1,1,1,0,0,1,0,1,0,0,1,1
131,2,48,2,85,5,4,2,2,3,24,3,1,1,1,1,1,0,1,0,0,1,0,0,1,0
132,1,36,3,69,1,3,3,3,2,29,2,1,1,2,1,0,0,1,0,0,1,0,0,1,1
133,4,15,2,27,1,2,3,3,2,27,1,2,1,1,1,0,0,1,0,0,1,0,1,0,0
134,4,18,2,20,1,3,3,4,4,47,1,2,1,1,1,0,0,1,0,0,0,0,0,1,0
135,4,60,2,101,2,4,2,4,1,21,3,1,1,2,1,0,0,1,0,0,1,0,0,1,0
136,4,12,4,12,5,5,2,2,1,38,3,2,1,2,1,0,0,1,0,0,1,0,0,1,0
137,4,27,3,86,4,3,3,2,3,27,3,2,1,1,1,0,1,1,0,0,1,0,0,1,0
138,2,12,2,8,3,3,3,3,1,66,3,1,1,1,1,0,0,1,0,0,1,0,1,0,1
139,2,15,4,27,5,4,3,2,1,35,1,3,1,2,1,0,0,0,0,0,1,0,0,1,0
140,3,12,2,19,1,3,2,2,3,44,3,1,1,2,1,0,0,1,0,1,0,0,1,0,0
141,3,6,2,7,4,2,4,2,1,27,3,1,1,1,2,1,0,1,0,0,1,1,0,0,0
142,2,36,2,48,1,2,2,1,4,30,3,1,1,2,1,0,0,1,0,0,1,0,0,0,0
143,1,27,2,34,1,3,3,2,3,27,3,1,1,1,1,0,0,1,0,0,1,0,0,0,0
144,1,18,2,25,1,3,3,2,3,22,3,1,1,1,1,0,0,1,0,0,1,0,0,1,1
145,4,21,4,23,1,2,2,4,2,23,3,1,1,2,1,0,0,1,0,0,1,0,0,1,0
146,2,48,1,36,2,4,3,2,3,30,3,1,1,1,1,0,0,1,0,0,1,0,0,1,0
147,1,6,4,9,1,5,2,4,4,39,3,2,1,2,1,1,0,1,0,0,1,0,0,1,0
148,4,12,4,7,2,4,2,3,3,51,3,2,1,2,1,1,0,1,0,0,1,0,0,1,0
149,1,36,4,54,1,3,3,2,2,28,3,2,1,1,1,0,0,0,0,0,1,0,0,1,0
150,4,18,4,16,4,5,3,4,3,46,3,2,1,1,1,0,0,1,0,0,1,0,0,1,0
151,4,6,2,13,2,5,3,4,4,42,1,1,2,2,1,0,0,1,0,0,0,0,0,1,0
152,4,10,2,19,1,3,3,4,2,38,3,1,1,2,2,0,0,1,0,0,1,0,0,1,0
153,3,36,2,58,1,3,3,1,3,24,3,1,1,1,1,0,0,1,0,0,1,0,0,1,0
154,2,24,4,78,4,5,2,4,4,29,3,1,1,1,1,0,1,1,0,1,0,0,0,1,0
155,2,24,3,70,2,4,3,4,3,36,3,1,1,2,1,0,0,1,0,1,0,0,0,0,0
156,1,12,2,13,1,3,2,4,3,20,3,1,1,1,1,0,0,1,0,1,0,0,0,1,1
157,1,9,4,13,2,5,3,4,1,48,3,2,2,1,2,0,0,0,0,0,1,0,0,1,0
158,1,12,1,3,1,5,4,1,3,45,1,1,1,1,1,0,0,1,0,0,1,0,1,0,0
159,2,24,2,35,2,4,3,3,3,38,1,2,1,2,1,1,0,1,0,0,1,0,0,1,0
160,4,6,4,19,5,3,3,2,1,34,3,2,2,1,1,0,0,1,0,0,1,0,1,0,0
161,4,24,4,29,2,5,3,4,1,36,3,1,2,2,1,0,0,1,0,0,1,0,0,1,0
162,4,18,4,11,1,2,2,1,2,30,3,2,1,1,1,1,0,1,0,0,1,0,0,1,0
163,4,15,2,13,3,4,3,3,2,36,3,2,1,2,1,0,0,1,0,0,1,0,0,1,0
164,2,10,2,73,1,1,3,4,4,70,1,1,1,2,1,1,0,1,0,0,0,0,0,0,0
165,4,36,2,9,3,5,3,4,2,36,3,1,1,1,1,1,0,1,0,0,1,0,0,1,0
166,4,6,2,30,3,3,3,2,3,32,3,1,1,2,1,0,0,1,0,0,1,0,0,1,0
167,1,18,2,11,1,1,2,2,3,33,3,1,1,1,1,0,0,1,0,0,1,0,0,1,1
168,2,11,2,16,4,2,2,1,1,20,3,1,1,1,1,0,0,1,0,0,1,0,0,1,0
169,4,24,2,40,1,4,2,4,2,25,3,1,1,2,1,0,0,1,0,1,0,0,0,1,0
170,2,24,4,19,1,5,1,4,1,31,3,2,1,2,1,0,0,1,0,0,1,0,0,1,1
171,1,15,0,10,1,5,3,3,3,33,3,2,2,1,1,1,0,1,0,1,0,0,0,1,1
172,4,12,2,8,1,3,2,1,1,26,3,1,1,2,1,0,0,1,0,0,1,0,0,1,0
173,2,24,3,21,1,1,2,2,2,34,3,1,1,2,1,0,0,1,0,0,1,0,0,0,1
174,2,8,2,14,1,3,3,2,1,33,3,1,1,1,2,0,0,0,0,0,1,0,0,1,0
175,1,21,3,34,1,2,3,1,2,26,3,2,1,1,1,0,0,1,0,0,1,0,0,1,1
176,4,30,1,75,5,1,2,1,1,53,1,1,1,2,1,0,1,1,0,0,1,0,0,0,1
177,1,12,2,26,1,3,1,1,3,42,3,1,1,1,1,0,0,1,0,0,1,0,0,1,0
178,1,6,4,3,3,5,3,4,3,52,3,2,1,1,1,0,0,1,0,0,1,0,0,1,0
179,4,12,2,20,1,4,3,2,3,31,3,2,2,2,1,0,0,1,0,1,0,0,0,0,0
180,1,21,4,6,1,5,3,4,1,65,3,2,1,1,1,1,0,1,0,0,1,0,0,1,0
181,4,36,3,96,1,2,1,1,3,28,3,2,1,1,1,0,0,1,0,0,1,0,0,1,1
182,2,36,3,45,1,3,1,2,1,30,2,2,1,2,1,0,0,1,0,0,1,0,0,0,1
183,1,21,1,16,5,3,3,2,2,40,3,2,2,1,1,1,0,1,0,0,1,0,1,0,1
184,4,24,4,38,4,3,3,4,1,50,3,1,1,2,1,0,0,1,0,0,1,0,0,1,0
185,2,18,4,9,1,5,3,4,3,36,1,1,2,2,1,1,0,1,0,0,1,0,0,1,1
186,4,15,4,14,1,3,3,2,2,31,3,2,1,1,1,0,0,1,0,0,1,0,0,1,0
187,2,9,1,51,1,5,2,4,4,74,1,1,2,2,1,0,1,1,0,0,0,0,0,0,1
188,2,16,4,12,1,1,3,3,3,68,3,3,1,2,1,1,0,1,0,0,0,1,0,0,0
189,1,12,2,7,2,4,4,1,2,20,3,1,1,1,1,0,0,1,0,0,1,0,0,1,1
190,2,18,0,32,1,3,2,4,3,33,1,2,1,2,1,0,0,1,0,0,1,0,0,1,0
191,4,24,2,46,4,3,3,3,2,54,3,3,1,2,1,0,0,1,0,0,1,0,0,0,1
192,2,48,0,38,2,4,3,4,4,34,3,1,2,1,1,0,0,1,0,0,0,0,1,0,1
193,2,27,2,39,1,3,3,2,3,36,3,1,2,2,1,0,0,1,0,0,1,0,0,1,1
194,4,6,2,21,1,4,4,2,1,29,3,1,1,1,1,0,0,1,0,1,0,0,0,1,0
195,2,45,2,30,2,3,3,4,2,21,3,1,1,1,1,0,0,0,0,1,0,0,0,1,1
196,2,9,4,15,1,5,2,3,3,34,3,2,1,2,1,0,0,1,0,0,1,0,0,0,1
197,4,6,4,14,1,3,2,1,3,28,3,2,1,2,1,0,0,1,0,0,1,0,0,1,0
198,2,12,2,10,2,2,2,4,3,27,1,4,1,1,1,0,0,1,0,1,0,0,0,1,1
199,2,24,2,28,5,5,3,4,4,36,1,1,1,2,1,0,1,1,0,0,0,0,0,1,0
200,2,18,3,43,1,5,1,3,4,40,3,1,1,2,1,0,0,1,0,0,1,0,0,0,1
201,4,9,4,9,3,5,3,2,3,52,3,2,1,2,1,0,0,1,0,0,1,0,0,1,0
202,1,12,2,12,1,3,4,3,1,27,3,1,1,1,1,1,0,1,0,0,1,0,1,0,0
203,4,27,3,51,1,4,3,4,3,26,3,2,1,1,1,0,0,1,0,0,1,0,0,1,0
204,1,12,2,9,1,4,4,4,2,21,3,1,1,1,1,0,0,1,0,1,0,0,0,1,1
205,4,12,4,15,1,5,3,1,1,38,3,2,2,1,1,1,0,1,0,0,1,0,1,0,0
206,1,30,4,106,1,5,3,4,4,38,3,3,2,2,1,0,1,1,0,0,0,0,0,0,0
207,4,12,4,19,1,5,3,4,1,43,3,3,1,2,1,0,0,1,0,0,1,0,0,1,0
208,2,12,4,14,1,4,3,3,2,26,3,1,1,1,1,0,0,1,0,0,1,0,0,1,0
209,1,24,2,66,1,3,4,2,3,21,2,1,1,1,1,0,0,1,0,0,1,0,1,0,0
210,4,12,2,14,4,4,3,2,2,55,3,1,1,1,2,0,1,1,0,0,1,0,0,1,0
211,4,9,4,31,5,3,3,2,1,33,3,2,2,1,1,0,0,1,0,0,1,0,0,1,0
212,4,36,2,38,5,5,2,4,1,45,3,1,1,2,1,0,0,1,0,0,1,0,1,0,0
213,1,27,0,53,1,1,3,4,2,50,2,2,1,2,1,0,0,1,0,0,1,0,0,1,1
214,3,30,3,19,1,5,3,4,1,66,3,1,1,2,1,0,0,1,0,0,1,0,0,0,1
215,4,36,4,33,5,5,3,2,3,51,3,1,1,2,1,0,0,1,0,0,1,0,0,1,0
216,2,6,4,9,5,4,2,3,2,39,3,2,1,1,1,0,0,1,0,0,1,0,1,0,0
217,1,18,0,31,1,4,3,1,2,31,1,1,1,2,1,0,0,1,0,0,1,0,0,1,0
218,3,36,2,39,1,3,3,2,1,23,3,1,1,2,1,0,0,1,0,0,1,0,0,1,0
219,1,24,2,30,1,3,1,2,1,24,3,1,1,1,1,0,0,1,0,1,0,0,1,0,0
220,4,10,2,14,1,3,2,4,3,64,3,1,1,2,1,1,0,1,0,0,1,0,0,1,0
221,2,12,2,6,1,2,4,1,1,26,1,1,1,1,1,0,0,0,0,0,1,0,1,0,0
222,1,12,2,12,5,3,2,4,2,23,1,1,1,2,1,0,0,1,0,1,0,0,0,1,0
223,4,12,2,7,1,3,3,2,1,30,1,2,1,1,1,0,0,1,0,0,1,0,0,1,0
224,4,24,3,30,5,3,3,4,1,32,3,2,2,2,1,0,0,1,0,0,1,0,0,1,0
225,4,15,2,47,1,3,3,2,3,30,3,1,1,2,1,0,1,1,0,0,1,0,0,1,0
226,4,36,0,26,1,3,3,2,3,27,3,2,1,1,1,0,0,1,0,0,1,0,0,1,0
227,2,48,2,110,4,4,3,2,4,27,1,2,1,2,1,0,0,0,1,0,1,0,0,1,1
228,1,12,2,79,1,5,3,4,4,53,3,1,1,2,1,0,0,1,0,0,0,0,0,0,1
229,4,9,2,15,1,4,3,2,3,22,3,1,1,1,1,0,0,1,0,0,1,0,0,1,1
230,1,24,2,31,1,2,3,1,4,22,1,1,1,1,1,0,0,1,0,0,0,0,0,1,0
231,3,36,2,42,1,3,3,2,3,26,3,1,1,1,1,0,0,1,0,0,1,0,0,1,1
232,4,9,2,25,3,5,3,4,4,51,3,1,1,1,1,1,0,1,0,0,0,0,1,0,0
233,4,12,2,21,2,4,3,1,4,35,3,1,1,1,1,0,0,1,0,0,1,0,0,1,0
234,2,18,2,9,1,3,4,2,1,25,3,1,1,1,1,0,0,0,0,0,1,0,1,0,0
235,4,4,4,15,1,4,3,1,1,42,3,3,2,1,1,0,0,1,0,0,1,0,1,0,0
236,1,24,2,18,1,1,3,2,3,30,2,1,2,1,1,0,0,1,0,0,1,0,0,0,1
237,2,6,2,146,5,1,3,2,2,23,3,1,1,2,1,1,0,1,0,0,1,1,0,0,1
238,2,21,2,28,2,5,1,2,3,61,1,2,1,1,1,0,0,1,0,1,0,0,1,0,1
239,4,12,4,13,1,3,2,2,2,35,3,2,1,1,1,0,0,1,0,0,1,0,0,1,0
240,1,30,2,25,1,5,3,3,2,39,3,1,2,1,1,0,0,0,0,0,1,0,0,1,0
241,1,24,2,9,5,5,2,2,3,29,1,1,1,1,1,1,0,1,0,0,1,0,0,1,1
242,4,6,2,16,1,4,3,2,2,51,3,1,2,1,1,0,0,1,0,0,1,0,0,1,0
243,1,48,0,46,1,5,3,4,4,24,3,2,2,1,1,0,1,1,0,0,0,0,0,1,1
244,4,12,4,12,1,3,2,2,1,27,3,2,1,1,1,0,0,1,0,0,1,0,0,1,0
245,4,12,1,34,3,3,2,3,1,35,3,1,2,1,1,0,0,1,0,0,1,0,1,0,0
246,4,24,2,13,1,4,3,1,1,25,3,1,1,2,1,0,0,1,0,0,1,0,0,1,0
247,4,12,4,7,1,5,3,4,1,52,3,3,1,1,1,0,0,1,0,0,1,0,0,1,0
248,4,6,0,12,2,3,3,1,4,35,1,1,1,1,2,1,0,1,0,1,0,0,0,1,0
249,3,24,2,19,1,3,3,2,1,26,3,1,1,1,1,0,0,1,0,0,1,0,0,1,0
250,4,18,2,4,1,1,2,4,1,22,3,1,1,1,1,0,0,0,1,1,0,0,0,1,1
251,1,6,4,7,4,4,2,4,1,39,3,2,1,2,1,1,0,1,0,0,1,0,1,0,0
252,3,12,2,23,1,3,2,2,3,46,3,1,1,1,1,0,0,1,0,0,1,0,1,0,0
253,2,30,2,22,1,3,2,2,4,24,1,1,1,1,1,1,0,0,0,0,1,0,0,1,1
254,4,24,3,42,2,3,3,3,2,35,3,2,1,1,1,0,0,1,0,0,1,0,0,1,0
255,2,9,2,20,5,4,3,1,3,24,3,1,1,2,1,0,0,1,0,0,1,0,0,1,0
256,2,60,3,74,5,3,3,1,1,27,3,1,1,1,1,0,0,1,0,0,1,0,1,0,0
257,4,24,4,27,1,3,3,2,1,35,3,2,1,1,1,0,0,1,0,0,1,0,1,0,0
258,1,12,1,21,1,3,1,1,4,29,3,1,1,1,1,0,0,1,0,0,0,0,0,1,1
259,4,15,2,38,2,2,2,4,3,23,3,1,1,2,1,0,1,1,0,0,1,0,0,1,0
260,4,11,4,12,2,1,2,4,1,57,3,3,1,1,1,0,0,1,0,0,1,0,1,0,0
261,1,12,2,17,1,3,3,2,1,27,3,1,1,1,1,0,0,1,0,0,1,0,0,1,0
262,1,24,2,16,1,5,2,4,3,55,3,1,1,1,1,0,0,1,0,0,1,0,0,1,0
263,1,18,4,53,1,5,3,4,4,36,3,3,1,2,1,1,0,1,0,0,0,0,0,0,0
264,4,12,4,27,1,5,2,4,4,57,1,3,1,1,1,0,0,1,0,0,0,0,1,0,0
265,4,10,4,12,1,5,3,4,1,32,3,2,2,1,2,1,0,1,0,0,1,0,1,0,0
266,2,15,2,8,1,5,3,3,3,37,3,1,2,1,1,0,0,1,0,0,1,0,0,1,1
267,4,36,4,63,5,5,3,4,1,36,3,2,1,1,1,0,0,1,0,0,1,0,0,1,0
268,4,24,2,15,1,2,2,3,3,38,2,1,1,2,1,0,0,1,0,0,1,0,0,1,0
269,1,14,2,90,1,5,1,4,2,45,3,1,1,2,2,1,0,1,0,0,1,0,0,0,1
270,4,24,2,10,5,5,3,2,3,25,3,2,1,1,1,0,0,1,0,0,1,0,0,1,0
271,4,18,2,27,5,4,3,3,2,32,3,1,1,1,2,1,0,1,0,0,1,0,0,1,0
272,4,12,4,14,3,4,2,4,3,37,3,1,1,2,1,0,0,1,0,1,0,0,0,1,0
273,2,48,1,122,5,1,3,4,4,36,3,1,1,2,1,1,0,0,1,0,0,0,0,0,0
274,2,48,2,31,1,4,3,4,1,28,3,2,1,1,1,0,0,1,0,0,1,0,0,1,1
275,1,30,2,120,1,2,1,1,4,34,3,1,1,2,1,0,0,1,0,0,1,0,1,0,1
276,4,9,2,27,1,3,3,2,1,32,3,1,2,1,1,0,0,1,0,0,1,0,0,1,0
277,4,18,4,24,1,3,2,2,3,26,3,2,1,1,1,0,0,1,0,0,1,0,0,1,0
278,1,12,2,13,5,5,1,4,2,49,3,1,1,2,1,0,0,1,0,0,1,0,1,0,0
279,4,6,2,46,1,2,2,4,2,32,3,1,1,1,1,0,0,1,0,0,1,0,0,1,1
280,4,24,2,19,2,3,3,4,3,29,3,1,1,2,1,0,0,1,0,1,0,0,0,0,0
281,4,15,4,34,4,5,3,4,4,23,3,2,1,2,1,0,1,1,0,1,0,0,0,1,0
282,4,12,2,16,1,3,3,2,1,50,3,1,1,1,1,0,0,1,0,0,1,0,0,1,0
283,3,18,1,14,5,4,3,4,3,49,1,1,1,1,1,0,0,1,0,0,1,0,1,0,0
284,4,15,4,15,5,5,3,4,2,63,3,1,1,1,1,0,0,1,0,0,1,0,0,1,0
285,2,24,4,39,2,2,1,2,3,37,3,1,1,2,1,1,0,1,0,0,1,0,0,1,0
286,1,47,2,107,1,2,2,1,1,35,3,1,1,2,1,1,0,1,0,0,1,0,1,0,0
287,1,48,2,48,1,4,3,3,2,26,3,1,2,1,1,0,1,1,0,0,1,0,0,1,0
288,2,48,3,76,2,1,3,4,4,31,3,1,1,2,1,0,0,1,0,0,0,0,0,0,0
289,2,12,2,11,1,3,2,4,1,49,3,2,1,2,1,0,0,0,0,0,1,0,0,1,0
290,1,24,3,10,1,2,4,4,1,48,2,1,1,1,1,0,0,1,0,0,1,0,0,1,1
291,4,12,2,11,1,3,4,2,1,26,3,1,1,2,2,0,0,1,0,0,1,0,0,1,0
292,2,36,2,94,1,2,4,4,3,28,3,1,1,2,1,0,1,1,0,1,0,0,0,0,1
293,1,24,4,64,1,5,2,4,4,44,3,2,2,2,1,0,1,1,0,0,0,0,0,0,0
294,3,42,4,48,1,5,3,4,4,56,3,1,1,1,1,0,1,1,0,0,0,0,0,1,0
295,4,48,4,76,5,5,1,2,3,46,1,2,2,1,1,0,0,1,0,0,1,0,0,0,0
296,2,48,2,100,1,2,2,2,3,26,3,1,1,2,1,0,0,1,0,0,1,0,0,1,1
297,4,12,2,47,5,2,2,4,3,20,3,1,1,1,1,0,1,1,0,1,0,0,0,1,0
298,4,10,2,13,5,5,3,2,2,45,3,1,1,1,2,1,0,0,1,0,1,0,1,0,0
299,4,18,2,25,1,3,3,4,1,43,3,1,1,2,1,0,0,1,0,0,1,0,0,1,0
300,2,21,4,27,4,4,3,2,3,32,3,2,1,2,1,0,0,1,0,0,1,0,0,1,0
301,4,6,2,7,1,1,2,4,1,54,3,1,1,2,1,1,0,1,0,0,1,1,0,0,0
302,2,36,0,38,1,3,2,1,3,42,3,1,1,2,1,0,0,1,0,0,1,0,0,1,1
303,3,24,4,13,5,4,3,2,1,37,1,2,2,1,1,1,0,1,0,0,1,0,1,0,1
304,1,10,4,10,1,4,3,3,2,49,3,2,1,2,1,1,0,0,1,0,1,0,0,1,0
305,4,48,4,101,3,3,3,2,4,44,1,1,1,1,1,1,0,1,0,0,0,0,0,1,1
306,4,6,2,15,4,3,1,2,1,33,3,1,1,1,1,0,0,1,0,0,1,0,0,1,0
307,4,30,2,48,5,4,2,4,2,24,2,1,1,1,1,0,1,1,0,1,0,0,1,0,0
308,1,12,2,7,2,2,4,3,4,33,3,1,1,2,1,0,0,1,0,0,1,0,1,0,1
309,2,8,2,12,1,3,2,4,1,24,3,1,1,1,1,0,0,1,0,0,1,0,0,1,1
310,2,9,2,3,1,3,4,4,1,22,3,1,1,1,1,1,0,1,0,1,0,0,1,0,0
311,2,48,2,54,5,1,3,4,4,40,1,1,1,2,1,0,0,1,0,0,0,1,0,0,0
312,4,24,2,55,2,3,3,1,3,25,2,1,1,1,1,0,0,1,0,0,1,0,0,1,0
313,3,24,2,37,1,2,2,4,3,26,3,1,1,1,1,0,0,1,0,0,1,0,0,1,0
314,2,12,2,7,1,4,4,3,3,25,1,1,1,1,1,1,0,1,0,0,1,0,1,0,1
315,3,4,2,15,5,2,3,2,1,29,3,1,2,1,2,1,0,1,0,0,1,0,1,0,0
316,1,36,1,27,1,5,3,4,3,31,1,1,1,1,1,0,0,1,0,0,1,0,0,1,1
317,1,12,2,7,1,3,3,3,2,38,3,1,2,1,1,0,0,0,0,0,1,0,1,0,0
318,2,24,2,44,5,3,2,4,2,48,3,1,1,2,1,0,0,1,0,0,1,0,1,0,0
319,4,12,4,7,1,3,3,2,3,32,3,2,1,1,1,0,0,1,0,0,1,0,0,1,0
320,1,15,3,36,1,5,2,4,2,27,3,2,1,1,1,0,0,1,0,0,1,0,1,0,0
321,2,30,4,42,1,1,4,2,3,28,3,2,1,1,1,1,0,1,0,0,1,0,0,0,1
322,1,24,2,19,1,2,1,3,2,32,3,1,1,1,1,0,0,1,0,0,1,0,0,1,1
323,1,24,2,29,1,4,3,1,4,34,3,1,1,2,1,0,1,1,0,0,0,0,0,0,0
324,1,18,2,27,4,3,3,2,3,28,3,1,1,1,1,0,0,1,0,0,1,0,0,1,0
325,4,18,4,10,1,3,2,3,1,36,3,2,1,1,1,1,0,1,0,0,1,0,0,1,0
326,1,8,4,34,1,4,3,4,1,39,3,2,1,1,2,1,0,1,0,0,1,0,1,0,0
327,4,12,4,58,5,5,3,4,2,49,3,1,1,2,1,0,0,1,0,1,0,0,0,1,0
328,4,24,2,15,4,4,2,3,3,34,3,1,2,2,1,1,0,1,0,0,1,0,0,1,0
329,3,36,2,45,1,5,3,2,3,31,3,1,1,1,1,0,0,1,0,0,1,0,0,1,0
330,2,6,2,11,1,5,3,4,3,28,3,1,2,1,1,0,0,1,0,0,1,0,0,1,0
331,1,24,4,66,1,1,3,4,4,75,3,2,1,2,1,0,1,1,0,0,0,0,0,0,0
332,4,18,4,19,2,3,2,2,1,30,3,2,1,1,1,0,0,1,0,0,1,0,0,1,1
333,2,60,2,74,2,2,2,2,2,24,3,1,1,1,1,1,0,1,0,0,1,0,0,0,1
334,4,48,4,116,2,3,2,4,3,24,1,2,1,1,1,0,1,1,0,1,0,0,1,0,1
335,1,24,0,41,1,5,3,4,4,23,1,2,2,1,1,0,0,1,0,1,0,0,0,1,1
336,1,6,4,34,1,3,1,4,1,44,3,1,1,2,1,0,0,1,0,1,0,0,0,0,1
337,2,13,2,21,1,2,2,4,2,23,3,1,1,1,1,0,0,0,0,0,1,0,1,0,0
338,1,15,2,13,5,3,2,2,3,24,3,1,1,1,1,0,0,1,0,1,0,0,0,1,1
339,1,24,2,42,1,3,3,4,2,28,3,1,1,1,1,0,0,1,0,0,1,0,0,1,0
340,2,10,2,15,1,3,1,2,3,31,3,1,1,1,1,0,0,1,0,0,1,0,1,0,0
341,2,24,4,57,1,2,2,4,4,24,3,2,1,2,1,0,0,1,0,0,0,0,0,1,0
342,1,21,2,36,1,4,2,4,3,26,3,1,1,1,1,0,0,1,0,1,0,0,1,0,0
343,2,18,2,32,3,2,4,3,1,25,3,1,1,1,1,0,0,1,0,1,0,0,0,1,0
344,2,18,2,44,1,5,3,1,1,33,1,1,1,2,1,0,0,0,1,0,1,0,0,0,0
345,3,10,2,39,1,2,3,1,2,37,3,1,2,1,1,1,0,0,0,0,1,0,1,0,0
346,4,15,4,15,1,3,2,2,3,43,3,1,1,1,1,0,0,1,0,0,1,0,1,0,0
347,2,13,4,9,1,2,3,4,1,23,3,2,1,1,1,0,0,0,0,0,1,0,0,1,0
348,2,24,2,38,3,1,2,4,4,23,3,1,1,1,1,0,0,1,0,1,0,1,0,0,0
349,4,6,3,17,2,3,3,2,1,34,3,2,1,1,1,0,0,1,0,0,1,0,1,0,0
350,2,9,4,11,4,5,3,3,4,32,3,2,2,1,1,0,0,1,0,0,0,0,0,1,1
351,4,9,2,12,1,2,2,4,1,23,3,1,1,2,1,0,0,1,0,1,0,0,0,1,0
352,2,9,2,10,1,3,2,2,3,29,3,1,1,1,2,0,0,1,0,0,1,0,0,1,1
353,4,18,4,32,5,1,3,4,4,38,3,1,1,2,1,0,1,1,0,0,1,0,0,0,0
354,1,12,0,62,1,3,3,2,2,28,3,2,1,2,1,0,0,1,0,1,0,0,0,1,1
355,4,10,2,7,3,5,3,4,4,46,3,1,1,2,1,0,0,1,0,0,0,0,0,1,0
356,2,24,2,12,1,2,3,2,1,23,2,1,1,1,1,1,0,1,0,0,1,0,1,0,1
357,4,12,4,23,5,5,3,4,1,49,3,1,1,2,1,0,0,0,1,0,1,0,0,1,0
358,4,36,3,45,1,3,3,2,3,26,3,2,1,2,1,0,0,1,0,0,1,0,0,0,1
359,4,12,2,8,1,3,4,2,1,28,3,1,1,1,1,0,0,1,0,0,1,0,0,1,0
360,1,30,2,24,1,4,2,4,1,23,3,1,1,1,1,0,0,1,0,1,0,0,0,1,1
361,2,18,2,12,5,3,3,4,4,61,3,1,1,1,1,0,0,1,0,0,0,0,0,1,0
362,3,12,2,34,5,5,3,3,3,37,3,1,1,1,1,0,0,1,0,0,1,0,0,0,0
363,3,12,3,22,1,3,2,2,3,36,2,2,1,2,1,1,0,1,0,0,1,0,0,1,0
364,4,6,2,18,1,3,4,2,2,21,3,1,1,1,1,0,0,1,0,1,0,0,0,1,0
365,1,18,2,25,1,1,3,1,3,25,3,1,1,1,1,0,0,1,0,0,1,1,0,0,1
366,4,12,2,15,1,4,3,4,3,36,3,1,1,2,1,0,0,1,0,0,1,0,0,1,0
367,4,18,4,38,1,4,3,1,3,27,3,2,1,1,1,0,1,1,0,0,1,0,0,1,0
368,1,18,2,36,1,2,2,4,3,22,3,1,1,1,1,0,0,1,0,1,0,0,0,1,0
369,1,36,2,34,1,5,3,2,3,42,3,1,2,1,1,0,0,1,0,0,1,0,0,1,1
370,2,18,2,30,1,4,2,4,1,40,3,1,1,1,1,0,0,1,0,1,0,0,0,1,0
371,4,36,2,31,5,3,3,4,1,36,3,1,1,1,1,1,0,1,0,0,1,0,0,1,0
372,4,18,4,61,1,5,3,4,3,33,3,2,1,2,1,0,0,1,0,0,1,0,0,1,0
373,4,10,4,21,1,2,2,3,1,23,3,2,1,1,1,0,0,1,0,1,0,0,0,1,0
374,4,60,4,138,5,5,3,4,4,63,1,1,1,2,1,1,0,1,0,0,0,0,0,0,0
375,2,60,1,148,2,5,2,4,4,60,1,2,1,2,1,0,0,1,0,0,0,0,0,0,1
376,1,48,1,77,1,4,2,4,3,37,3,1,1,1,1,0,0,0,0,1,0,0,0,1,1
377,4,18,3,23,1,1,4,3,1,34,3,2,1,1,1,0,0,1,0,0,1,0,0,1,0
378,4,7,3,8,5,5,3,4,4,36,3,1,1,1,1,0,0,1,0,0,0,0,0,1,0
379,2,36,2,143,1,5,3,2,4,57,3,1,1,2,1,1,0,1,0,0,0,0,0,0,1
380,4,6,4,4,2,3,2,4,3,52,3,2,1,1,1,1,0,1,0,0,1,0,1,0,0
381,1,20,2,22,5,4,3,4,3,39,3,1,1,2,1,0,0,1,0,0,1,0,0,1,0
382,2,18,2,130,1,1,2,4,4,38,3,1,1,2,1,0,1,1,0,0,0,0,0,0,1
383,4,22,2,13,5,4,2,4,2,25,3,1,1,1,1,1,0,1,0,1,0,0,0,1,0
384,3,12,2,13,1,2,3,1,1,26,3,1,1,1,1,1,0,1,0,0,1,0,0,1,0
385,4,30,3,43,2,3,3,2,2,26,3,2,1,1,1,0,0,1,0,0,1,0,1,0,0
386,4,18,4,22,1,3,2,1,3,25,3,2,1,1,1,0,0,1,0,0,1,0,0,1,0
387,4,18,2,11,5,2,2,2,1,21,3,1,1,2,1,0,0,1,0,1,0,0,0,1,0
388,2,18,4,74,1,1,3,4,2,40,2,2,1,2,1,0,0,1,0,0,1,0,0,0,0
389,2,15,4,23,3,3,3,4,3,27,1,1,1,1,1,0,0,1,0,0,1,0,0,1,0
390,4,9,2,14,1,4,2,2,3,27,3,2,1,1,1,0,0,1,0,0,1,0,0,1,0
391,4,18,2,18,1,3,4,2,2,30,3,1,1,2,1,1,0,1,0,0,1,0,0,0,0
392,2,12,2,10,4,2,2,4,1,19,3,1,1,1,1,0,0,1,0,1,0,0,1,0,0
393,1,36,2,32,1,4,3,4,4,39,1,1,2,2,1,1,0,1,0,0,0,0,0,0,0
394,1,6,4,20,1,4,2,4,3,31,3,1,1,1,1,0,0,1,0,0,1,0,0,1,0
395,4,9,4,24,1,1,3,3,3,31,3,1,1,1,1,0,0,1,0,0,1,0,0,0,0
396,2,39,3,118,2,4,3,3,4,32,3,1,1,2,1,0,0,1,0,1,0,0,0,1,0
397,1,12,2,26,1,1,2,4,4,55,3,1,1,1,1,0,0,1,0,0,0,0,0,0,0
398,1,36,4,23,1,3,4,2,2,46,3,2,1,2,1,0,0,1,0,0,1,0,0,1,0
399,2,12,2,12,1,5,1,1,1,46,3,2,1,1,1,1,0,1,0,1,0,0,0,1,1
400,4,24,4,15,4,3,2,1,1,43,3,2,1,1,1,0,0,1,0,0,1,0,1,0,0
401,4,18,2,15,1,2,4,4,1,39,3,1,1,2,1,0,0,1,0,0,1,0,0,1,0
402,2,18,4,19,5,3,4,4,1,28,1,2,1,1,1,0,0,1,0,0,1,0,0,1,0
403,4,24,3,86,1,2,3,2,3,27,1,2,1,2,1,0,0,1,0,0,1,0,0,1,1
404,4,14,3,8,1,3,3,2,3,27,3,2,1,1,1,1,0,1,0,0,1,0,1,0,0
405,2,18,3,29,5,5,3,4,3,43,3,1,2,1,1,1,0,1,0,0,1,0,0,1,0
406,2,24,2,20,1,2,4,1,2,22,3,1,1,2,1,0,0,1,0,0,1,0,0,1,1
407,4,24,4,22,5,4,3,4,3,43,3,2,2,2,1,0,1,1,0,0,1,0,0,1,0
408,1,15,2,11,1,2,4,2,1,27,3,1,1,1,2,0,0,1,0,0,1,0,0,1,0
409,4,24,2,32,3,5,1,2,3,26,3,1,1,2,1,0,0,1,0,0,1,0,0,0,0
410,3,12,4,9,3,4,4,2,1,28,3,3,1,2,1,1,0,1,0,0,1,0,0,1,1
411,2,24,2,20,1,5,2,4,3,20,3,1,1,2,1,0,0,1,0,0,1,0,0,1,0
412,4,33,4,73,1,4,3,2,3,35,3,2,1,2,1,0,1,1,0,0,1,0,0,0,0
413,4,12,4,23,1,1,3,2,3,42,2,2,1,2,1,0,0,1,0,0,1,0,0,0,1
414,4,10,2,16,3,3,3,2,4,40,3,1,2,1,2,1,0,1,0,1,0,0,1,0,0
415,1,24,2,14,5,3,2,2,2,35,3,1,1,1,1,1,0,1,0,0,1,0,0,1,1
416,4,36,4,58,1,5,3,2,2,35,3,2,2,2,1,0,1,1,0,0,1,0,0,1,0
417,1,12,2,26,1,2,3,1,1,33,3,1,2,1,1,1,0,1,0,0,1,0,1,0,1
418,1,18,3,85,5,3,2,2,3,23,3,2,1,2,1,0,0,1,0,1,0,0,0,1,0
419,4,21,2,28,3,4,2,2,3,31,1,1,1,1,1,1,0,1,0,0,1,0,0,0,0
420,2,18,2,10,5,3,2,2,2,33,3,1,1,1,1,1,0,1,0,0,1,0,0,1,1
421,4,15,2,32,4,4,2,3,3,20,3,1,1,1,1,1,0,1,0,1,0,0,0,1,0
422,2,12,2,20,5,3,3,2,3,30,3,1,1,1,1,0,1,1,0,0,1,0,0,1,0
423,2,12,4,10,1,4,3,3,1,47,3,2,2,1,1,1,0,1,0,0,1,0,1,0,0
424,4,21,3,16,2,4,3,3,1,34,3,2,1,1,1,0,0,1,0,0,1,0,0,0,0
425,2,12,2,28,5,5,2,2,2,25,1,1,1,2,1,0,0,1,0,0,1,0,0,1,1
426,2,18,2,28,1,3,4,3,3,21,3,1,1,2,1,0,1,1,0,1,0,0,0,1,0
427,4,28,4,27,1,5,3,2,3,29,3,2,1,1,1,0,0,1,0,0,1,0,0,1,0
428,4,18,4,11,4,3,3,3,1,46,3,2,1,1,1,0,0,1,0,0,1,0,0,1,0
429,4,9,2,13,1,5,3,4,3,20,3,1,1,1,1,0,0,1,0,0,1,0,0,1,0
430,1,18,4,12,1,1,2,4,4,55,3,3,2,1,1,0,0,1,0,0,0,1,0,0,1
431,4,5,2,34,1,4,3,4,1,74,3,1,1,1,1,0,0,1,0,0,1,0,1,0,0
432,2,24,2,113,1,3,3,3,3,29,1,2,1,2,1,0,0,0,1,0,1,0,0,0,1
433,1,6,4,19,1,1,3,4,4,36,3,3,1,2,1,0,0,1,0,0,0,0,0,0,0
434,4,24,4,21,1,3,1,2,1,33,3,2,1,2,1,0,0,1,0,0,1,0,0,1,0
435,1,9,2,21,1,3,3,2,1,25,3,1,1,1,1,0,0,1,0,0,1,0,0,1,0
436,2,12,2,15,5,3,4,1,1,25,3,1,1,2,1,0,0,1,0,0,1,0,0,1,1
437,4,6,2,7,3,4,4,4,1,23,3,1,1,1,1,0,0,1,0,1,0,0,1,0,0
438,4,24,4,13,4,5,2,4,1,37,3,2,1,2,1,1,0,1,0,0,1,0,0,1,0
439,1,42,4,34,1,1,3,4,3,65,3,2,1,1,1,0,0,0,1,0,1,1,0,0,0
440,3,12,1,6,1,2,2,1,1,26,3,1,1,1,1,0,0,1,0,0,1,1,0,0,1
441,4,12,2,19,1,5,3,4,3,39,3,1,1,2,1,1,0,1,0,0,1,0,0,0,0
442,1,12,2,16,1,3,2,3,2,30,3,1,1,1,1,0,0,0,1,0,1,0,0,1,0
443,2,20,3,26,1,3,3,3,3,29,1,2,1,2,1,0,0,1,0,0,1,0,0,1,0
444,4,12,2,7,1,5,3,4,3,41,1,1,2,1,1,0,0,1,0,0,1,0,1,0,1
445,2,48,4,51,1,3,2,3,3,30,3,1,1,2,1,0,0,1,0,0,1,0,0,0,1
446,4,9,4,12,5,5,2,4,2,41,3,2,1,1,1,0,0,1,0,1,0,0,1,0,0
447,1,36,2,18,1,2,2,4,3,34,3,1,1,2,1,1,0,1,0,0,1,0,0,1,1
448,2,7,2,26,1,3,3,2,1,35,3,1,1,1,1,0,0,0,0,0,1,0,0,1,0
449,3,12,2,14,5,5,2,4,1,55,3,1,1,2,1,0,0,1,0,0,1,0,0,0,0
450,2,15,3,15,4,3,4,3,2,61,2,2,1,1,1,0,0,1,0,0,1,0,0,1,1
451,4,36,4,111,5,3,3,2,3,30,3,1,1,2,1,0,1,1,0,0,1,0,0,0,0
452,4,6,2,5,1,3,2,1,1,29,3,1,1,1,1,0,0,1,0,0,1,0,0,1,0
453,4,12,0,28,1,5,3,4,2,34,3,2,1,1,1,0,0,1,0,0,1,0,0,1,0
454,4,24,2,27,1,5,3,4,3,35,3,1,1,2,1,0,1,1,0,0,1,0,0,0,0
455,1,24,2,48,1,4,3,3,2,31,3,1,1,2,1,1,0,0,1,0,1,0,0,1,1
456,4,24,2,27,1,2,2,1,4,29,3,1,1,2,1,0,1,1,0,0,1,0,0,0,0
457,1,11,4,39,1,3,3,2,1,36,3,2,2,1,1,1,0,1,0,1,0,0,0,1,0
458,1,12,2,34,1,5,3,4,4,35,3,1,1,2,1,0,1,1,0,0,0,0,0,1,1
459,1,6,2,3,1,2,2,1,1,27,3,1,1,1,1,0,0,1,0,0,1,0,0,1,0
460,4,18,2,46,1,2,3,2,3,32,3,1,1,2,1,0,0,1,0,0,1,0,0,1,0
461,1,36,2,36,1,3,3,2,2,37,3,1,2,1,1,0,0,0,0,0,1,0,0,1,0
462,1,15,2,17,1,2,3,3,1,36,3,1,1,1,1,1,0,1,0,0,1,0,0,1,0
463,2,12,2,30,1,2,2,1,1,34,3,1,1,1,1,0,0,1,0,1,0,0,0,0,0
464,2,12,2,8,5,5,3,4,2,38,3,2,1,1,1,0,0,1,0,0,1,0,0,1,0
465,4,18,2,20,1,4,3,1,3,34,2,2,1,2,1,0,0,1,0,0,1,0,0,1,0
466,1,24,2,29,1,3,3,4,4,63,1,1,2,2,1,0,1,0,0,0,1,0,0,1,0
467,1,24,3,17,1,2,2,2,3,29,3,1,1,2,1,0,0,1,0,1,0,0,1,0,1
468,4,48,3,72,5,5,3,3,3,32,1,2,2,1,1,0,0,1,0,0,1,0,0,1,0
469,4,33,3,28,1,3,2,2,3,26,3,2,1,2,1,0,0,1,0,0,1,0,0,1,0
470,4,24,3,47,1,4,3,3,3,35,3,2,1,2,1,0,1,1,0,0,1,0,1,0,0
471,2,24,2,31,2,2,4,2,3,22,3,1,1,2,1,0,0,1,0,1,0,0,0,1,1
472,1,6,2,4,1,2,2,4,2,23,3,1,1,1,1,0,0,1,0,0,1,0,0,1,1
473,1,9,2,7,1,3,3,3,3,28,3,1,1,1,1,1,0,1,0,0,1,0,1,0,1
474,4,6,2,12,5,1,3,4,2,36,3,1,2,2,1,0,0,1,0,0,1,0,0,0,0
475,2,18,4,12,1,3,4,2,3,33,3,1,1,1,1,0,0,1,0,0,1,0,0,1,1
476,1,18,0,31,1,2,2,4,2,26,3,1,1,1,1,0,0,1,0,1,0,0,0,1,1
477,4,39,2,26,3,3,3,4,3,24,3,1,1,1,1,0,1,1,0,0,1,0,0,1,0
478,3,24,2,52,1,4,3,2,3,25,1,1,1,1,1,0,0,1,0,0,1,0,0,1,0
479,2,12,2,10,2,4,3,4,1,39,3,1,1,1,1,0,0,1,0,0,1,0,1,0,0
480,1,15,4,15,1,5,3,4,3,44,3,2,2,2,1,0,0,1,0,0,1,0,0,1,0
481,2,12,4,36,1,3,2,1,1,23,3,1,1,1,1,0,0,1,0,0,1,0,1,0,0
482,2,24,2,12,1,2,3,1,2,26,3,1,1,1,1,1,0,1,0,0,1,0,0,1,0
483,1,30,2,36,4,5,2,4,2,57,3,2,1,2,1,0,0,1,0,1,0,0,0,1,0
484,4,15,3,10,4,4,2,2,2,30,3,2,1,1,1,0,0,1,0,0,1,0,0,1,0
485,4,12,4,12,3,3,3,4,1,44,3,1,1,2,1,1,0,1,0,0,1,0,0,1,0
486,2,6,3,12,1,1,3,4,2,47,3,1,1,2,1,1,0,1,0,0,1,0,0,0,1
487,4,12,2,31,1,3,3,4,3,52,3,1,1,2,1,0,0,1,0,0,1,0,0,1,0
488,4,24,2,38,1,5,2,4,4,62,3,1,1,2,1,1,0,0,1,0,0,0,0,1,0
489,4,10,2,14,2,3,3,2,1,35,3,1,1,1,2,1,0,1,0,1,0,0,1,0,0
490,4,6,2,35,1,3,3,3,2,26,3,1,1,1,1,1,0,0,0,1,0,0,0,1,0
491,4,12,4,19,1,5,3,2,4,26,3,2,1,1,1,0,0,1,0,0,1,0,0,1,0
492,2,27,0,83,1,5,2,4,4,42,3,2,1,2,1,0,0,1,0,0,0,0,0,0,1
493,4,6,4,12,2,3,2,1,2,27,3,2,1,1,1,0,0,1,0,0,1,0,0,1,0
494,2,6,2,4,5,5,3,4,2,38,3,1,1,1,1,0,0,1,0,0,1,0,0,1,0
495,1,12,4,21,1,3,3,2,1,39,3,2,2,1,2,1,0,1,0,1,0,0,1,0,0
496,1,24,2,30,5,3,4,4,3,20,3,1,1,1,1,0,0,1,0,0,1,0,0,1,1
497,2,36,2,90,2,2,3,1,4,29,3,1,1,2,1,0,0,0,1,1,0,0,0,0,1
498,4,24,4,16,1,4,3,3,2,40,3,2,1,1,1,0,0,1,0,0,1,0,0,1,0
499,2,18,2,13,1,5,4,2,1,32,3,1,1,1,1,0,0,0,0,0,1,0,1,0,0
500,3,6,4,13,2,5,1,4,3,28,3,2,2,2,1,1,0,1,0,0,1,0,0,1,0
501,1,24,2,31,1,2,2,1,2,27,3,1,1,1,1,1,0,1,0,0,1,0,0,1,1
502,1,36,2,55,1,5,3,4,4,42,3,1,2,1,1,0,1,1,0,0,0,0,0,1,0
503,3,9,2,11,2,5,1,4,1,49,3,1,1,1,1,0,0,1,0,0,1,0,0,1,0
504,2,24,4,12,2,2,3,4,4,38,1,2,2,1,1,0,0,1,0,0,1,0,0,1,1
505,1,24,2,12,1,2,2,4,2,24,3,1,1,1,1,1,0,1,0,1,0,0,0,1,1
506,4,10,2,13,5,3,3,4,2,27,3,1,1,1,1,1,0,0,0,0,1,0,1,0,1
507,3,15,4,24,3,3,3,2,3,36,3,1,1,2,1,0,1,1,0,0,1,0,0,1,0
508,2,15,1,68,2,1,3,2,2,34,3,1,2,2,1,1,0,1,0,0,1,0,0,0,1
509,4,24,2,14,1,3,4,2,2,28,3,1,1,1,1,0,0,1,0,0,1,0,0,1,0
510,4,39,2,86,2,5,3,2,3,45,3,1,1,2,1,0,1,1,0,0,1,0,0,0,0
511,1,12,2,8,1,4,3,2,1,26,3,1,1,1,1,1,0,1,0,0,1,0,0,1,1
512,4,36,2,47,1,3,3,2,4,32,3,1,1,2,1,0,1,1,0,0,0,0,0,0,0
513,3,15,2,27,1,4,3,4,2,26,3,1,1,2,1,0,0,1,0,1,0,0,0,1,0
514,2,12,3,6,1,3,4,4,1,20,3,2,1,1,1,0,0,0,1,1,0,0,0,1,0
515,4,24,2,23,5,2,3,1,2,54,3,1,1,1,1,1,0,1,0,0,1,0,0,1,0
516,1,6,4,6,1,4,2,3,2,37,3,2,1,1,2,1,0,1,0,0,1,0,0,1,0
517,1,6,4,14,1,2,3,4,1,40,3,1,2,1,2,1,0,1,0,0,1,0,1,0,0
518,4,36,4,71,1,2,2,4,2,23,3,2,1,2,1,0,0,1,0,1,0,0,0,1,1
519,1,6,2,12,2,5,3,2,2,43,3,1,1,2,1,1,0,1,0,0,1,0,0,1,0
520,4,6,4,7,5,5,3,4,4,36,3,2,1,1,1,0,0,1,0,0,0,0,0,1,0
521,4,24,4,55,1,5,3,4,4,44,3,2,1,1,1,0,0,1,0,0,0,0,0,1,0
522,1,18,2,32,1,3,2,2,1,24,3,1,1,1,1,0,0,1,0,0,1,0,0,1,1
523,1,48,0,71,1,3,3,4,4,53,3,2,2,1,1,0,0,1,0,0,0,0,0,1,1
524,4,24,2,35,2,4,2,4,3,23,3,1,1,1,1,0,1,1,0,0,1,0,0,1,0
525,2,18,2,11,1,3,2,4,1,26,3,1,2,1,1,0,0,0,0,0,1,0,1,0,0
526,2,26,2,80,1,2,3,3,3,30,3,2,1,1,1,0,1,1,0,0,1,0,0,1,0
527,4,15,4,15,2,3,2,3,3,31,3,1,1,1,1,0,0,1,0,0,1,0,0,1,0
528,4,4,4,15,1,4,3,1,1,42,3,2,2,1,1,0,0,1,0,0,1,0,1,0,0
529,1,36,2,23,1,3,1,4,3,31,3,1,1,1,1,0,0,1,0,1,0,0,0,1,1
530,1,6,2,7,1,2,3,4,1,41,3,1,2,2,1,1,0,1,0,0,1,0,1,0,0
531,2,36,2,23,1,4,3,1,3,32,3,2,2,1,1,0,0,1,0,0,1,0,0,1,0
532,2,15,2,26,2,3,2,4,3,28,3,2,1,2,1,1,0,1,0,1,0,0,0,1,1
533,4,12,3,15,1,3,4,4,1,41,3,1,1,1,1,0,1,1,0,1,0,0,0,1,0
534,4,24,2,13,2,4,4,3,2,26,3,1,1,2,1,0,0,1,0,0,1,0,0,1,0
535,4,24,2,31,5,2,3,2,3,25,3,2,1,1,1,0,0,1,0,0,1,0,0,1,0
536,3,21,4,23,1,2,1,1,3,33,3,1,1,1,1,0,0,1,0,1,0,0,0,1,1
537,1,6,2,14,5,1,2,3,2,75,3,1,1,2,1,1,0,1,0,0,1,0,0,0,0
538,2,18,4,36,1,5,2,4,2,37,3,1,1,2,1,0,0,1,0,0,1,0,0,1,0
539,1,48,2,78,1,5,3,4,4,42,1,1,1,1,1,1,0,1,0,0,0,0,0,0,1
540,3,18,2,30,1,2,2,1,2,45,2,1,1,1,1,0,0,1,0,0,1,0,1,0,0
541,2,12,2,15,1,2,4,1,1,23,3,1,1,1,1,0,0,1,0,1,0,0,0,1,1
542,4,24,3,20,1,5,3,4,4,60,3,2,1,2,1,1,0,1,0,0,0,0,0,1,0
543,1,30,2,64,5,5,3,4,2,31,3,1,1,1,1,0,0,1,0,0,1,0,0,1,1
544,3,18,2,29,1,3,3,1,1,34,3,1,2,1,1,0,0,1,0,0,1,0,1,0,1
545,4,12,4,13,1,5,3,4,1,61,3,2,1,1,1,1,0,1,0,0,1,0,1,0,0
546,1,24,3,13,1,1,3,2,1,43,3,2,2,1,1,1,0,1,0,0,0,0,0,1,1
547,4,24,4,20,1,3,2,4,3,37,3,1,1,2,1,1,0,1,0,0,1,0,0,1,0
548,4,24,2,16,1,4,3,1,3,32,1,1,2,1,1,0,0,1,0,0,1,0,0,1,0
549,1,12,1,6,1,3,2,4,1,24,1,1,1,1,1,0,0,1,0,0,1,0,1,0,1
550,4,48,4,89,5,4,3,1,4,35,3,2,1,2,1,0,1,1,0,0,0,0,0,1,0
551,4,12,4,10,5,4,2,4,1,23,3,2,1,1,1,0,0,1,0,0,1,0,0,1,0
552,4,6,1,18,3,5,3,4,2,45,1,1,2,1,1,0,0,1,0,0,1,0,1,0,0
553,1,48,2,70,1,4,4,1,1,34,3,2,1,2,1,0,0,0,0,0,1,0,0,1,1
554,2,12,4,20,2,2,3,1,3,27,3,1,1,1,1,1,0,1,0,0,1,0,0,1,0
555,2,9,2,12,1,4,2,4,2,67,3,2,1,2,1,0,0,1,0,0,1,0,0,0,0
556,2,12,2,13,1,2,3,1,3,22,2,1,1,1,1,0,0,1,0,0,1,0,0,1,1
557,2,18,0,23,2,2,2,3,3,28,3,2,1,1,1,1,0,1,0,0,1,0,0,1,1
558,4,21,0,50,5,3,2,4,2,29,1,2,1,2,1,1,0,1,0,0,1,0,0,1,1
559,1,24,1,36,1,4,3,4,3,27,1,1,1,1,1,0,0,1,0,0,1,0,0,1,1
560,2,18,4,19,1,2,3,2,1,31,3,2,1,1,1,0,0,1,0,0,1,0,1,0,1
561,1,24,2,30,5,5,3,4,4,49,1,1,2,2,1,0,1,1,0,0,0,0,0,1,0
562,1,24,1,15,1,4,3,4,3,24,1,1,1,1,1,0,0,0,0,1,0,0,1,0,1
563,3,6,3,7,1,2,2,1,2,29,1,1,1,1,1,0,0,1,0,0,1,0,0,1,0
564,2,36,2,124,5,3,3,4,4,37,3,1,1,2,1,1,0,1,0,0,0,0,0,1,1
565,2,24,3,47,5,3,3,2,2,37,1,2,1,2,1,0,0,1,0,0,1,0,0,0,0
566,2,24,3,16,2,4,2,2,2,23,3,2,1,2,1,0,0,1,0,1,0,0,0,1,0
567,1,12,2,14,1,4,1,3,3,36,3,1,1,1,1,1,0,1,0,0,1,0,0,1,1
568,4,24,4,26,4,5,3,2,3,34,3,1,1,1,1,0,0,1,0,0,1,0,0,1,0
569,2,48,2,40,5,4,3,1,3,41,3,2,2,2,1,0,0,1,0,0,1,0,0,1,0
570,1,48,2,68,1,3,2,2,3,31,3,1,1,2,1,0,0,1,0,0,1,0,0,1,1
571,1,24,2,32,1,2,2,4,1,23,3,1,1,2,1,0,0,1,0,1,0,0,1,0,1
572,4,30,4,60,1,4,3,2,3,38,3,1,1,1,1,0,0,0,1,0,1,0,0,1,0
573,4,24,2,54,5,1,2,4,2,26,3,1,1,2,1,0,1,1,0,1,0,0,0,0,0
574,1,15,2,8,1,3,2,4,2,22,3,1,1,1,1,0,0,1,0,0,1,0,1,0,0
575,2,9,2,11,1,5,3,4,3,27,3,2,1,1,1,0,0,1,0,0,1,0,1,0,0
576,4,15,4,28,1,4,2,3,3,24,1,2,1,1,1,0,0,0,1,0,1,0,0,1,0
577,2,12,2,29,1,4,2,1,1,27,3,1,1,1,1,0,0,1,0,0,1,0,0,1,0
578,4,24,4,19,5,3,2,2,3,33,3,2,1,2,1,0,0,1,0,0,1,0,0,1,0
579,2,36,4,28,1,2,1,4,3,27,3,2,1,1,1,1,0,1,0,0,1,0,0,1,1
580,4,24,2,9,1,2,4,3,3,27,3,2,1,1,1,0,0,1,0,0,1,0,1,0,0
581,2,18,4,11,1,5,3,3,1,30,1,2,1,1,1,1,0,0,0,0,1,0,0,1,1
582,2,12,4,31,1,2,3,3,1,49,1,2,2,1,1,1,0,1,0,0,1,0,1,0,0
583,4,9,2,14,1,3,2,2,1,26,3,1,1,1,1,0,0,1,0,1,0,0,0,1,0
584,2,36,2,24,1,2,3,1,4,33,3,1,1,1,1,0,0,1,0,1,0,0,1,0,1
585,4,12,2,21,5,5,2,4,4,52,3,1,1,2,1,1,0,1,0,0,0,0,0,0,0
586,1,18,2,20,1,3,2,4,1,20,1,1,1,1,1,0,0,1,0,1,0,0,0,1,1
587,1,9,4,28,1,3,3,2,1,36,3,2,2,1,1,1,0,1,0,1,0,0,0,1,0
588,1,12,2,13,1,3,3,1,2,21,3,1,1,1,1,0,0,0,0,0,1,0,1,0,0
589,1,18,2,12,1,3,4,3,1,47,3,1,1,2,1,0,0,1,0,0,1,0,1,0,1
590,1,12,4,22,1,5,3,3,2,60,3,2,1,1,1,0,0,1,0,0,1,0,0,1,1
591,1,12,4,4,1,4,2,3,1,58,3,4,1,2,1,0,0,1,0,0,1,0,1,0,0
592,2,24,3,20,5,3,2,4,3,42,3,2,1,2,1,1,0,1,0,1,0,0,0,1,0
593,4,21,2,16,4,5,2,4,1,36,1,1,1,1,1,0,0,1,0,0,1,0,1,0,0
594,2,24,2,27,1,3,2,4,2,20,3,1,1,2,1,1,0,1,0,1,0,0,1,0,1
595,1,24,1,14,5,5,3,3,3,40,2,1,1,2,1,0,0,1,0,0,1,0,0,0,1
596,2,6,1,9,2,2,2,1,2,32,2,1,1,1,1,1,0,1,0,0,1,0,1,0,1
597,1,24,2,14,1,4,2,4,3,23,3,2,1,1,1,1,0,1,0,1,0,0,0,1,1
598,2,24,0,42,1,3,3,4,1,36,3,3,1,2,1,0,0,1,0,0,1,0,1,0,1
599,4,18,4,28,1,4,3,2,2,31,1,2,1,1,1,1,0,1,0,0,1,0,0,1,1
600,4,24,3,39,1,3,3,2,4,32,3,1,1,1,1,0,0,1,0,0,0,0,0,1,0
601,2,7,2,23,1,2,2,1,1,45,3,1,1,1,1,0,0,0,0,0,1,0,0,1,0
602,2,9,2,9,1,3,2,1,2,30,3,1,1,1,1,0,0,1,0,0,1,0,0,1,1
603,2,24,1,18,1,4,2,4,4,34,1,1,1,1,1,0,0,1,0,0,0,0,1,0,1
604,4,36,2,33,1,3,2,2,3,28,3,1,1,2,1,0,0,1,0,0,1,0,0,0,1
605,3,10,2,13,1,2,2,2,2,23,3,1,1,1,1,0,0,1,0,0,1,0,0,1,0
606,1,24,1,28,3,3,3,4,1,22,2,1,1,2,1,0,0,1,0,0,1,0,0,1,0
607,4,24,4,45,1,3,3,2,1,74,3,1,1,2,1,0,0,1,0,0,1,0,0,0,0
608,2,36,2,27,2,3,2,4,4,50,3,1,1,1,1,0,0,0,1,0,0,0,0,1,1
609,4,18,2,21,1,2,3,1,1,33,3,1,1,1,1,0,0,1,0,0,1,0,0,1,0
610,4,15,2,13,5,5,3,4,4,45,1,1,2,1,1,0,1,1,0,0,0,0,0,1,0
611,1,12,2,7,2,1,2,3,2,22,3,1,1,1,1,0,0,1,0,0,1,0,0,1,1
612,3,10,2,12,2,5,2,4,4,48,3,1,2,1,1,1,0,1,0,0,0,0,1,0,1
613,1,21,2,34,4,2,2,2,3,29,1,1,1,1,1,0,0,1,0,0,1,0,0,1,0
614,1,24,1,36,1,3,2,4,3,22,1,1,1,1,2,0,1,0,0,1,0,0,0,1,0
615,4,18,3,18,1,4,2,1,1,22,3,1,1,1,1,0,0,1,0,0,1,0,0,1,1
616,2,48,0,122,5,3,3,2,3,48,1,1,1,2,1,0,0,1,0,0,1,0,0,0,0
617,2,60,3,92,5,3,3,2,4,27,3,1,1,1,1,0,0,1,0,0,0,0,0,0,0
618,1,6,4,37,1,3,3,3,1,37,3,3,2,1,1,1,0,1,0,1,0,0,0,1,0
619,2,30,2,34,2,3,2,4,3,21,3,1,1,1,1,0,0,0,1,1,0,0,0,1,1
620,4,12,2,6,1,3,1,2,1,49,3,1,1,1,1,1,0,1,0,0,1,0,1,0,0
621,2,21,4,37,1,4,3,3,2,27,3,2,1,1,1,0,0,1,0,0,1,0,0,1,0
622,4,18,4,15,1,3,3,2,2,32,1,2,1,1,1,1,0,1,0,0,1,0,0,1,1
623,4,48,2,39,5,3,1,2,1,38,1,1,1,1,1,0,0,1,0,0,1,0,0,1,1
624,1,12,2,19,1,2,2,1,3,22,3,1,1,1,1,0,0,1,0,1,0,0,0,1,0
625,1,18,2,26,1,3,3,4,4,65,3,2,1,1,1,0,0,1,0,0,0,0,0,1,1
626,4,15,2,20,5,5,3,2,3,35,3,1,1,1,1,0,0,1,0,0,1,0,0,1,0
627,3,6,2,21,1,3,3,2,1,41,3,1,1,2,1,0,0,1,0,0,1,0,0,1,0
628,2,9,1,14,2,4,3,3,4,29,3,1,1,1,1,1,0,1,0,0,1,0,0,1,1
629,4,42,4,40,3,3,3,4,1,36,3,2,1,2,1,0,0,1,0,0,1,0,0,1,0
630,4,9,2,38,5,5,3,4,1,64,3,1,1,1,1,0,0,1,0,0,1,0,1,0,0
631,1,24,2,37,1,3,2,4,3,28,3,1,1,1,1,0,0,1,0,0,1,0,0,1,0
632,1,18,1,16,1,3,3,3,3,44,1,1,1,1,1,0,0,1,0,0,1,0,0,1,1
633,2,15,2,14,5,2,3,1,2,23,3,1,1,1,1,0,0,1,0,0,1,0,0,1,0
634,4,9,2,20,1,2,2,2,3,19,3,2,1,1,1,0,0,0,1,1,0,0,0,1,1
635,2,24,2,14,1,2,2,4,3,25,3,1,1,2,1,1,0,1,0,0,1,0,1,0,1
636,4,12,2,14,1,5,3,4,2,47,1,3,2,2,1,0,0,1,0,0,1,0,0,1,0
637,4,24,2,14,3,4,2,1,3,28,3,1,1,1,1,0,0,1,0,0,1,0,0,1,0
638,4,60,3,157,1,4,3,4,3,21,3,2,1,2,1,0,0,1,0,0,1,0,0,1,0
639,4,12,2,15,1,2,2,3,3,34,3,1,2,1,1,0,0,1,0,0,1,0,0,1,0
640,1,42,3,44,1,4,3,2,2,26,1,2,2,2,1,0,0,1,0,0,1,0,0,1,1
641,1,18,2,8,1,1,2,1,1,27,3,1,1,1,1,0,0,1,0,0,1,1,0,0,1
642,2,15,2,13,1,5,3,4,3,38,3,2,1,1,1,0,0,1,0,0,1,0,1,0,0
643,4,15,2,46,2,3,3,2,2,40,3,1,1,2,1,0,0,1,0,0,1,0,0,0,1
644,4,24,4,19,1,4,4,2,3,33,3,2,1,2,1,0,0,0,0,0,1,0,0,1,0
645,1,18,4,19,1,4,4,1,2,32,3,2,1,2,1,0,0,1,0,0,1,0,0,0,0
646,4,36,3,80,5,2,3,4,3,27,3,2,1,2,1,0,0,1,0,1,0,0,0,1,1
647,1,30,0,46,1,3,1,2,1,32,3,2,1,1,1,0,0,0,0,0,1,0,0,1,0
648,4,12,2,14,3,3,2,2,2,26,3,1,1,1,1,1,0,1,0,0,1,0,0,1,1
649,3,24,2,9,1,4,3,3,4,38,1,1,2,1,1,1,0,1,0,0,0,0,0,1,1
650,1,12,2,7,1,3,3,4,3,40,3,1,2,1,1,0,0,1,0,1,0,0,1,0,1
651,1,48,2,75,1,4,3,1,4,50,3,1,1,2,1,0,0,1,0,0,0,0,0,0,0
652,2,12,2,19,1,3,3,2,2,37,3,1,1,1,1,0,0,1,0,0,1,0,1,0,1
653,1,24,2,23,1,5,3,1,1,45,3,1,1,1,1,1,0,0,1,0,1,0,0,1,1
654,2,36,3,81,2,5,3,4,3,42,3,4,1,2,1,1,0,1,0,0,1,0,0,0,1
655,4,24,4,23,1,4,3,3,3,35,3,2,1,2,1,0,1,1,0,0,1,0,0,1,0
656,1,14,2,40,1,1,3,4,4,22,3,1,1,1,1,1,0,1,0,0,0,0,0,1,0
657,2,12,2,9,1,5,3,4,3,41,1,1,2,1,1,1,0,1,0,0,1,0,1,0,1
658,4,48,2,102,5,4,3,3,3,37,2,1,1,2,1,0,0,1,0,0,1,0,0,1,0
659,2,30,0,42,1,3,2,1,3,28,3,2,1,1,1,0,0,1,0,0,1,0,0,1,0
660,2,18,4,64,1,5,3,1,4,41,3,1,1,2,1,0,0,1,0,0,1,0,0,1,0
661,3,12,2,13,1,3,4,4,1,23,3,1,1,1,1,0,0,1,0,1,0,0,0,1,0
662,1,12,2,9,5,3,4,2,3,23,3,1,1,1,1,1,0,1,0,0,1,0,0,1,1
663,4,21,2,22,1,5,3,2,1,50,3,2,1,1,1,0,0,1,0,0,1,0,0,1,0
664,2,6,3,10,1,1,3,1,2,35,2,2,1,2,1,0,0,1,0,0,1,0,0,0,0
665,3,6,4,10,1,3,2,4,2,50,3,1,1,1,1,0,0,1,0,0,1,0,1,0,0
666,4,24,4,63,1,1,3,2,4,27,1,2,1,2,1,0,0,0,1,0,1,0,0,0,0
667,2,30,1,35,4,3,3,2,3,34,2,1,2,2,1,0,0,1,0,0,1,0,0,1,0
668,4,48,1,36,1,3,2,1,1,27,2,1,1,1,1,0,0,1,0,0,1,0,0,1,0
669,1,12,4,48,1,5,3,4,2,43,3,2,1,2,1,1,0,0,1,1,0,0,0,1,1
670,3,30,4,30,1,5,3,4,2,47,3,1,1,1,1,0,0,1,0,0,1,0,0,1,0
671,4,24,4,41,2,3,3,3,2,27,3,2,1,2,1,0,0,1,0,0,1,0,1,0,0
672,4,36,2,57,2,4,3,2,3,31,3,2,1,2,1,0,0,1,0,0,1,0,0,1,0
673,4,60,2,104,1,5,3,4,2,42,3,1,1,2,1,1,0,1,0,0,1,0,0,0,0
674,4,6,4,21,3,3,4,2,3,24,3,1,1,1,1,1,0,1,0,0,1,0,0,1,0
675,4,21,3,26,3,2,3,2,1,41,1,1,2,1,1,0,0,1,0,0,1,0,1,0,1
676,4,30,4,45,1,4,2,4,3,26,3,1,1,2,1,0,0,1,0,1,0,0,0,0,0
677,4,24,4,52,1,5,3,4,3,33,3,1,1,2,1,0,0,1,0,0,1,0,0,1,0
678,2,72,2,56,2,3,4,2,3,24,3,1,1,1,1,0,0,1,0,0,1,0,0,1,1
679,1,24,2,24,1,5,3,4,1,64,1,1,1,1,1,0,0,1,0,1,0,0,1,0,0
680,4,18,2,15,1,2,2,1,1,26,3,1,1,1,1,0,0,1,0,0,1,0,0,1,0
681,4,6,2,15,1,2,2,2,4,56,3,1,1,1,1,0,0,1,0,0,1,0,0,1,0
682,4,12,2,23,5,3,3,4,4,37,3,1,1,2,1,0,0,1,0,0,0,0,0,1,0
683,4,15,3,15,1,3,4,3,1,33,1,2,1,1,1,0,0,1,0,0,1,0,0,1,0
684,4,24,4,51,1,2,4,3,4,47,3,3,1,2,1,0,0,1,0,0,0,0,0,1,0
685,2,36,3,99,2,4,3,3,2,31,3,2,2,2,1,0,0,1,0,0,1,0,1,0,0
686,4,60,2,65,5,3,3,4,4,34,3,1,2,2,1,1,0,1,0,0,0,0,0,1,0
687,3,10,4,13,5,4,3,2,2,27,3,2,1,2,1,0,0,1,0,0,1,0,0,1,0
688,2,36,3,29,2,5,3,3,4,30,3,1,1,1,1,1,0,1,0,0,0,0,0,1,0
689,4,9,2,28,2,5,3,4,3,35,3,1,1,2,1,0,0,0,1,0,1,0,0,1,0
690,1,12,2,37,4,3,3,3,2,31,3,1,2,1,1,1,0,1,0,0,1,0,0,1,0
691,1,15,4,10,1,3,1,3,2,25,3,2,1,1,1,0,0,1,0,0,1,0,0,1,0
692,2,15,2,26,2,3,2,2,1,25,3,1,1,1,1,0,0,1,0,0,1,0,1,0,0
693,2,24,2,29,2,2,3,1,3,29,3,1,1,1,1,0,0,1,0,0,1,0,0,1,0
694,1,6,4,47,5,2,3,3,1,44,3,2,2,1,1,1,0,1,0,0,1,0,1,0,0
695,4,24,2,23,1,4,3,2,3,28,3,1,1,2,1,0,0,1,0,0,1,0,0,1,0
696,4,6,2,12,3,3,3,4,2,50,3,1,1,1,1,0,1,1,0,1,0,0,0,1,0
697,2,12,2,11,1,4,3,3,1,29,3,2,1,1,2,0,0,0,0,0,1,0,0,1,0
698,4,12,4,9,1,1,2,2,2,38,3,1,1,1,1,1,0,1,0,0,1,1,0,0,0
699,4,18,4,18,1,3,3,2,3,24,3,2,1,1,1,0,0,1,0,0,1,0,0,1,0
700,3,15,2,19,1,5,3,4,3,40,3,1,1,2,1,0,0,1,0,1,0,0,0,0,0
701,4,12,2,11,3,3,2,4,3,29,3,1,1,1,1,0,0,1,0,1,0,0,1,0,1
702,1,48,4,63,1,5,3,4,4,46,3,2,1,2,1,0,1,1,0,0,0,0,0,1,1
703,3,24,2,14,2,5,2,2,4,47,3,1,1,2,1,0,0,1,0,0,0,0,0,1,0
704,2,30,3,25,2,5,3,2,2,41,2,2,1,1,1,0,0,1,0,0,1,0,0,1,0
705,2,27,2,25,1,2,2,1,2,32,3,1,2,2,1,0,0,1,0,0,1,0,0,1,0
706,4,15,2,53,3,5,2,4,4,35,3,1,1,1,1,1,0,1,0,0,0,0,0,1,0
707,2,48,2,66,2,4,3,2,2,24,3,1,1,1,1,1,0,1,0,0,1,0,0,1,1
708,2,12,0,30,1,2,2,3,2,25,3,2,1,1,1,0,0,1,0,1,0,0,0,1,1
709,2,9,2,12,1,5,2,4,1,25,3,1,1,1,1,0,0,1,0,0,1,0,0,1,0
710,2,9,2,21,1,3,3,2,1,37,3,1,2,1,1,0,0,1,0,0,1,0,1,0,0
711,4,18,4,6,3,5,3,3,2,32,1,2,1,2,1,0,0,1,0,0,1,0,0,0,0
712,1,6,1,12,1,5,2,4,4,35,3,1,1,1,1,0,0,1,0,0,0,0,0,1,1
713,4,21,2,25,5,5,3,4,1,46,3,1,1,2,1,0,1,1,0,0,1,0,0,0,0
714,1,9,4,11,1,3,3,4,1,25,3,2,1,1,1,0,0,1,0,0,1,0,1,0,0
715,2,60,2,140,1,4,3,2,4,27,3,1,1,2,1,1,0,1,0,0,1,0,0,0,1
716,4,30,4,76,5,5,3,4,3,63,3,2,1,1,1,0,1,1,0,0,1,0,0,1,0
717,4,30,4,31,5,5,3,2,3,40,3,2,2,2,1,0,0,1,0,0,1,0,0,1,0
718,4,18,2,15,1,3,3,2,4,32,3,1,1,2,1,0,0,1,0,0,0,0,0,0,0
719,3,24,4,31,5,3,3,2,3,31,3,2,1,2,1,0,0,1,0,0,1,0,0,1,0
720,2,20,0,61,2,5,4,4,3,31,1,2,1,2,1,0,1,1,0,0,1,0,0,1,0
721,3,9,0,13,1,2,3,2,3,34,3,2,1,2,1,0,0,1,0,0,1,0,0,0,1
722,2,6,1,4,4,2,2,2,2,24,1,1,2,1,1,0,0,1,0,1,0,0,0,1,1
723,1,12,2,12,1,3,2,2,1,24,3,1,1,1,1,1,0,1,0,0,1,0,1,0,1
724,2,9,2,8,3,3,2,3,1,66,3,1,1,1,1,0,0,1,0,0,1,0,1,0,0
725,4,27,2,26,1,3,2,3,1,21,3,1,1,1,1,1,0,1,0,1,0,0,0,1,1
726,4,6,4,2,4,3,2,2,1,41,1,2,1,1,1,1,0,1,0,0,1,0,1,0,0
727,4,15,4,13,3,3,4,2,2,47,3,2,1,1,1,0,0,1,0,0,1,0,1,0,0
728,1,18,2,19,1,3,2,4,3,25,1,2,1,1,1,0,0,1,0,1,0,0,0,1,1
729,2,48,1,64,1,5,2,3,4,59,3,1,1,1,1,0,0,1,0,1,0,0,0,1,1
730,3,24,4,13,4,3,1,4,1,36,3,2,1,2,1,0,0,1,0,0,1,0,0,1,0
731,2,24,3,64,1,2,3,2,3,33,3,1,1,1,1,0,0,1,0,0,1,0,0,1,0
732,1,24,2,20,1,3,3,4,1,21,3,1,2,1,1,0,0,1,0,1,0,0,1,0,1
733,2,8,2,8,1,4,2,2,1,44,3,1,1,1,1,0,0,0,0,0,1,0,1,0,0
734,4,24,2,26,4,3,2,4,3,28,3,1,1,2,1,0,1,1,0,1,0,0,0,1,0
735,4,4,4,34,1,4,2,1,1,37,3,1,2,1,1,1,0,1,0,0,1,0,0,1,0
736,2,36,1,40,5,2,2,2,4,29,1,1,1,1,1,0,0,1,0,0,1,1,0,0,0
737,2,24,2,116,1,3,2,4,3,23,3,2,1,1,1,0,1,1,0,1,0,0,0,0,1
738,1,18,2,44,2,3,3,4,3,35,3,1,2,2,1,1,0,1,0,0,1,0,1,0,0
739,4,6,4,68,1,4,3,3,4,45,3,2,2,2,1,1,0,1,0,0,1,0,0,0,0
740,2,30,0,43,2,3,2,4,3,26,3,2,1,1,1,0,0,1,0,1,0,0,1,0,1
741,1,24,1,23,2,4,3,3,3,32,1,1,1,1,1,1,0,1,0,0,1,0,0,1,0
742,2,10,1,10,1,3,3,4,1,23,2,1,1,1,1,0,0,1,0,0,1,0,1,0,0
743,4,21,2,32,5,5,3,3,2,41,3,1,1,2,1,0,0,1,0,0,1,0,0,1,0
744,1,24,1,25,3,3,3,4,1,22,2,1,1,2,1,0,0,1,0,0,1,0,0,1,0
745,1,39,4,142,5,4,3,4,2,30,3,2,1,2,1,0,0,1,0,0,1,0,0,0,0
746,1,13,4,18,1,2,3,1,2,28,1,2,1,1,1,0,0,1,0,0,1,0,1,0,0
747,1,15,2,25,1,1,2,4,3,23,3,1,1,1,1,1,0,1,0,1,0,0,0,1,0
748,1,12,2,13,1,2,2,1,1,37,3,1,1,1,1,1,0,1,0,0,1,0,1,0,1
749,4,21,2,52,5,3,3,3,3,26,3,1,1,1,1,0,1,1,0,0,1,0,0,1,0
750,4,15,2,30,1,4,3,2,3,33,3,1,1,1,1,0,1,1,0,0,1,0,0,1,0
751,1,6,2,4,1,5,2,1,2,49,1,1,1,2,1,0,0,1,0,0,1,0,0,1,0
752,1,18,2,10,1,2,2,2,3,23,3,1,1,1,1,1,0,1,0,0,1,0,1,0,1
753,2,12,2,8,2,4,2,4,1,23,3,1,1,1,1,0,0,1,0,1,0,0,1,0,0
754,4,30,4,58,1,4,2,2,3,25,3,2,1,1,1,0,0,1,0,0,1,0,0,1,0
755,4,12,3,16,4,5,3,4,4,55,3,2,2,1,1,0,0,1,0,0,0,0,0,1,1
756,1,24,2,13,5,4,2,4,4,32,3,1,1,1,1,1,0,1,0,1,0,0,0,1,1
757,3,6,4,13,1,3,3,1,1,74,3,3,2,1,2,1,0,1,0,0,1,1,0,0,0
758,3,15,4,13,5,3,3,4,4,39,3,2,1,2,1,0,0,1,0,0,0,0,0,1,1
759,4,24,2,14,1,3,3,2,1,31,3,1,1,2,1,1,0,0,0,0,1,0,0,1,0
760,1,12,4,7,1,5,3,3,2,35,3,2,1,1,1,1,0,1,0,0,1,0,0,1,1
761,4,15,4,50,5,5,2,4,3,59,3,1,1,2,1,1,0,1,0,0,1,0,0,1,0
762,1,18,4,21,1,3,2,4,1,24,3,2,1,1,1,0,0,1,0,1,0,0,0,1,1
763,1,12,2,22,1,3,3,3,2,24,3,1,1,1,1,0,0,1,0,0,1,0,1,0,0
764,4,21,4,127,5,5,3,4,4,30,3,1,1,2,1,1,0,1,0,0,0,0,0,0,1
765,4,24,4,25,2,4,4,3,2,27,3,2,1,2,1,1,0,1,0,0,1,0,0,1,0
766,2,12,2,12,1,5,4,3,1,40,1,2,1,1,1,0,0,0,0,0,1,0,1,0,0
767,1,30,2,31,1,2,1,4,2,31,3,1,1,1,1,0,0,1,0,0,1,0,1,0,1
768,4,10,2,29,5,2,2,4,1,31,3,1,1,1,1,0,1,1,0,1,0,0,0,1,0
769,2,12,4,36,1,5,3,4,3,28,3,3,1,2,1,0,0,1,0,1,0,0,0,1,0
770,4,12,4,17,1,5,3,4,1,63,3,2,1,2,1,0,0,1,0,0,1,0,1,0,0
771,1,24,2,28,5,5,2,4,1,26,3,1,1,1,1,0,1,1,0,1,0,0,0,1,0
772,1,36,4,81,1,3,2,2,4,25,3,2,1,2,1,0,0,1,0,0,1,0,0,0,1
773,4,21,4,33,1,5,3,4,3,36,3,1,1,2,1,0,1,1,0,0,1,0,0,0,0
774,4,24,4,22,2,5,3,4,2,52,1,2,1,1,1,0,0,1,0,0,1,0,0,1,0
775,3,12,4,15,3,1,3,4,4,66,1,3,1,1,1,1,0,1,0,0,0,1,0,0,0
776,1,24,2,14,5,3,2,4,1,25,3,1,1,1,1,1,0,1,0,1,0,0,0,1,1
777,4,36,4,35,1,4,3,4,3,37,3,2,1,2,1,1,0,1,0,0,1,0,0,1,0
778,1,18,2,35,1,4,2,1,1,25,3,1,1,1,1,0,0,0,0,0,1,0,0,1,0
779,4,36,4,57,4,5,3,2,3,38,3,2,1,2,1,0,1,1,0,0,1,0,0,0,0
780,2,18,2,39,1,1,2,4,3,67,3,1,1,2,1,0,0,1,0,0,1,0,0,1,0
781,2,39,4,49,1,4,3,2,1,25,3,2,1,1,1,0,0,0,0,0,1,0,0,1,1
782,4,24,4,19,4,5,3,4,1,60,3,1,1,2,1,1,0,1,0,0,1,0,0,1,0
783,2,12,0,14,1,3,3,2,1,31,3,1,1,2,1,0,0,1,0,0,1,0,1,0,0
784,2,12,2,8,2,2,2,2,2,23,1,1,1,1,1,1,0,1,0,0,1,0,1,0,1
785,2,20,2,65,5,1,1,4,1,60,3,1,1,2,1,0,1,1,0,0,1,0,0,0,0
786,2,18,2,19,4,3,3,2,2,35,3,1,1,2,1,0,0,1,0,0,1,0,1,0,0
787,4,22,2,27,3,5,3,4,3,40,3,1,1,1,1,0,0,1,0,0,1,0,0,1,0
788,4,48,4,28,5,5,3,3,3,38,3,2,2,2,1,0,1,1,0,0,1,0,0,1,0
789,2,48,3,62,1,5,3,4,4,50,3,1,1,1,1,0,0,1,0,0,0,0,0,1,1
790,1,40,4,60,1,3,3,3,4,27,1,1,1,2,1,0,0,1,0,0,1,0,0,1,1
791,2,21,2,12,1,5,2,4,2,39,3,1,2,1,1,0,0,1,0,0,1,0,0,1,1
792,4,24,2,63,5,5,3,4,3,41,3,1,2,2,1,0,1,1,0,0,1,0,0,0,0
793,4,6,4,12,5,3,4,2,2,27,3,2,1,1,1,0,0,1,0,0,1,0,0,1,0
794,3,24,2,29,1,5,1,4,4,51,3,1,1,1,1,0,0,1,0,0,0,0,0,1,0
795,4,24,2,31,3,5,3,3,4,32,3,1,1,2,1,0,0,1,0,1,0,0,0,1,0
796,4,9,2,23,2,2,2,4,2,22,3,1,1,1,1,0,0,1,0,1,0,0,0,1,0
797,1,18,2,75,5,5,3,4,2,51,3,1,2,2,1,0,1,1,0,0,0,0,0,1,1
798,4,12,4,13,1,2,2,4,2,22,3,2,1,1,1,0,0,1,0,1,0,0,1,0,0
799,4,24,3,7,5,5,4,4,3,54,3,2,1,2,1,1,0,1,0,0,1,0,0,1,0
800,2,9,2,15,5,2,3,2,1,35,3,1,1,1,1,1,0,1,0,0,1,1,0,0,0
801,4,24,4,16,1,5,3,4,4,54,3,2,2,1,1,0,0,1,0,0,0,0,0,1,0
802,2,18,4,18,1,5,2,4,1,48,1,2,1,2,1,0,0,0,0,1,0,0,1,0,0
803,1,20,4,43,1,5,2,4,2,24,3,2,1,1,1,0,0,1,0,0,1,0,0,1,0
804,4,12,4,10,5,5,3,4,3,35,3,2,1,1,1,0,0,1,0,0,1,0,0,1,0
805,2,12,2,75,5,1,2,2,1,24,3,1,1,1,1,1,0,1,0,1,0,1,0,0,0
806,1,36,2,93,1,4,3,1,3,24,3,1,1,2,1,1,0,1,0,0,1,0,0,1,1
807,2,6,2,6,1,2,4,3,1,26,3,1,1,1,2,0,0,1,0,0,1,0,1,0,0
808,4,12,4,9,5,5,3,4,1,65,3,4,1,1,1,0,0,1,0,0,1,0,0,1,0
809,2,42,1,93,1,1,3,2,4,55,1,1,1,2,1,0,1,1,0,0,0,0,0,0,0
810,2,15,0,18,1,2,2,1,1,26,3,2,1,1,1,1,0,1,0,1,0,1,0,0,1
811,2,8,2,9,1,2,4,2,1,26,3,1,1,2,1,0,0,1,0,0,1,0,0,1,0
812,2,6,2,5,1,4,4,3,1,28,1,1,1,1,1,0,0,0,0,0,1,0,1,0,0
813,1,36,4,96,1,4,3,4,3,24,3,2,1,2,1,0,1,1,0,0,1,0,0,1,1
814,1,48,2,31,1,3,3,4,3,54,3,1,1,1,1,0,0,1,0,0,1,0,0,1,1
815,1,48,2,39,1,4,3,4,4,46,3,1,2,1,1,1,0,1,0,0,0,0,0,1,1
816,2,36,3,74,1,3,2,2,2,54,3,1,1,1,1,1,0,1,0,1,0,0,0,1,0
817,4,6,2,13,3,3,1,4,1,62,3,1,1,1,1,0,0,1,0,0,1,0,0,1,0
818,4,6,4,16,1,4,2,2,3,24,3,2,1,2,1,0,0,1,0,1,0,0,0,1,0
819,1,36,2,159,1,1,1,3,3,43,3,1,1,1,1,0,0,0,1,0,1,0,0,0,0
820,1,18,2,13,1,3,4,3,1,26,1,1,1,1,1,0,0,1,0,0,1,0,0,1,1
821,4,12,2,11,1,3,4,2,1,27,3,2,1,2,1,1,0,1,0,0,1,0,0,1,0
822,3,12,2,30,1,3,4,1,3,24,3,1,1,1,1,0,0,1,0,0,1,0,0,1,0
823,1,36,2,27,1,5,3,2,2,41,1,1,2,1,1,0,0,1,0,0,1,0,0,1,1
824,1,8,4,7,1,5,3,4,1,47,3,2,1,1,1,1,0,1,0,0,1,0,1,0,0
825,4,18,4,38,1,2,1,2,3,35,3,2,1,2,1,0,0,1,0,0,1,0,0,0,0
826,1,21,4,16,1,5,4,3,3,30,3,2,1,2,1,1,0,1,0,0,1,0,0,1,0
827,1,18,4,40,1,5,2,4,1,33,1,3,1,2,1,1,0,1,0,1,0,0,0,1,1
828,4,18,0,42,1,3,3,2,3,36,2,2,2,1,1,0,0,1,0,0,1,0,0,1,1
829,1,36,2,83,5,5,3,4,4,47,3,1,1,1,1,0,1,1,0,0,0,0,0,1,1
830,2,48,3,67,5,3,3,4,4,38,3,1,2,2,1,0,0,1,0,0,0,0,0,1,0
831,4,24,3,24,3,3,3,2,3,44,3,2,2,2,1,0,0,1,0,0,1,0,0,1,0
832,1,18,2,12,1,2,2,3,3,23,3,1,1,2,1,1,0,1,0,1,0,0,0,1,1
833,1,45,0,118,1,5,3,4,3,29,3,2,1,1,1,0,0,1,0,1,0,0,0,1,1
834,2,24,2,51,5,5,2,4,3,42,3,1,1,2,1,0,0,1,0,0,1,0,0,1,0
835,3,15,2,23,1,2,2,3,1,25,3,1,1,1,1,0,0,1,0,0,1,0,1,0,1
836,1,12,0,11,1,3,3,4,3,48,1,2,1,1,1,1,0,1,0,0,1,0,0,1,1
837,4,12,2,9,5,3,2,2,3,21,3,1,1,1,1,0,0,1,0,0,1,0,0,1,0
838,4,4,2,6,1,2,2,3,1,23,3,1,2,1,1,0,0,1,0,1,0,0,1,0,0
839,1,24,4,30,1,5,3,4,2,63,3,2,1,2,1,0,1,1,0,0,1,0,0,1,0
840,4,24,4,26,1,5,4,3,1,46,3,2,1,1,1,0,0,0,1,0,1,0,0,1,0
841,1,36,2,52,1,4,3,2,2,29,3,1,1,1,1,0,0,1,0,0,1,0,0,1,1
842,4,21,3,30,1,3,3,2,1,28,2,2,1,1,1,0,1,1,0,0,1,0,1,0,0
843,4,18,2,19,1,2,2,4,1,23,3,1,1,1,1,0,0,1,0,0,1,0,0,1,1
844,4,24,1,16,1,4,3,4,3,50,1,1,1,2,1,0,0,1,0,0,1,0,0,1,0
845,4,18,2,34,1,5,3,4,2,47,1,3,2,2,1,0,0,1,0,0,1,0,0,1,0
846,2,21,2,40,5,4,3,3,3,35,3,1,1,2,1,0,0,1,0,0,1,0,0,1,0
847,4,18,2,68,5,3,3,4,3,68,3,2,1,1,1,1,0,1,0,1,0,0,0,1,1
848,4,24,2,12,1,2,4,2,1,28,3,1,1,1,1,1,0,1,0,0,1,0,0,1,0
849,1,9,2,14,1,4,3,4,1,59,3,1,1,1,1,0,0,1,0,0,1,0,0,1,0
850,1,12,2,7,1,5,3,4,1,57,2,1,1,1,1,0,0,1,0,0,1,0,1,0,1
851,1,20,4,22,1,3,4,2,2,33,1,2,1,1,2,1,0,0,0,1,0,0,0,1,1
852,4,24,4,40,5,4,3,4,2,43,3,2,1,2,1,0,1,1,0,0,1,0,0,1,0
853,4,15,4,15,1,3,3,4,4,35,3,2,1,2,1,0,0,1,0,0,0,0,0,1,0
854,1,18,1,14,1,4,3,4,4,32,3,2,2,1,1,1,0,1,0,0,0,0,1,0,1
855,4,36,3,109,1,5,3,2,3,45,3,2,2,2,1,1,0,1,0,0,1,0,0,1,0
856,4,24,2,15,2,2,4,3,1,33,3,1,1,2,1,1,0,1,0,0,1,0,0,1,0
857,4,10,2,9,5,4,2,3,2,40,3,1,1,2,1,0,0,1,0,0,1,0,0,1,0
858,4,15,4,33,1,3,3,2,4,28,3,1,1,2,1,0,0,1,0,0,0,0,0,1,0
859,1,15,2,40,1,3,2,2,2,29,3,1,1,2,1,1,0,1,0,0,1,0,0,1,1
860,4,9,2,36,2,3,3,2,1,26,3,1,2,1,2,1,0,0,0,1,0,0,0,1,0
861,4,24,4,58,4,3,3,2,1,27,3,2,1,1,1,0,1,1,0,0,1,0,0,1,0
862,4,18,3,22,1,3,4,2,3,28,3,1,1,2,1,0,0,1,0,0,1,0,0,1,1
863,1,24,2,24,1,2,2,4,1,35,3,1,1,2,1,0,0,1,0,0,1,0,0,1,1
864,4,27,4,45,4,2,3,2,1,32,2,2,2,2,1,0,0,1,0,0,1,0,1,0,0
865,4,10,2,22,1,3,3,2,1,25,1,1,1,1,1,0,0,1,0,1,0,0,1,0,1
866,4,15,2,22,3,3,2,4,3,20,3,1,1,1,1,0,0,1,0,1,0,0,0,1,0
867,1,18,2,24,1,2,2,1,3,27,2,1,1,1,1,0,0,1,0,0,1,0,0,1,0
868,4,12,4,33,1,5,3,4,2,42,2,1,1,1,1,0,0,1,0,0,1,0,0,1,0
869,4,36,2,74,5,5,3,2,2,37,3,2,1,1,1,0,0,1,0,0,1,0,0,1,0
870,1,12,2,7,1,5,2,4,2,24,3,1,1,1,1,0,0,1,0,1,0,0,0,1,0
871,4,36,3,77,3,4,2,4,3,40,3,2,1,2,1,0,0,1,0,0,1,0,0,1,0
872,3,6,4,13,1,5,3,4,1,46,3,2,2,1,2,1,0,1,0,0,1,0,0,1,0
873,1,24,4,14,2,4,3,1,1,26,3,2,1,2,1,0,0,1,0,0,1,0,0,1,0
874,4,15,2,9,5,2,2,1,1,24,3,1,1,1,1,0,0,1,0,0,1,0,0,1,0
875,1,12,2,36,1,3,3,2,2,29,3,1,2,1,1,0,0,0,1,0,1,0,1,0,0
876,2,11,4,13,4,3,2,4,3,40,3,2,1,1,1,1,0,1,0,0,1,0,0,1,0
877,1,18,1,19,1,2,3,4,4,36,1,1,1,2,1,0,0,0,1,0,0,0,0,0,0
878,4,36,2,36,1,5,3,2,3,28,3,1,1,1,1,0,0,1,0,0,1,0,0,1,0
879,1,9,2,14,1,2,3,2,4,27,3,1,1,2,1,1,0,1,0,0,0,0,0,0,1
880,4,30,4,67,5,4,3,3,2,36,3,2,1,1,1,0,0,1,0,0,1,0,0,1,0
881,4,24,2,78,1,4,3,3,3,38,3,1,1,2,1,0,1,1,0,0,1,0,0,0,0
882,4,24,2,93,5,3,1,4,4,48,3,1,1,2,1,0,1,1,0,0,0,0,0,1,0
883,2,30,4,22,5,5,3,4,1,36,3,2,1,1,1,1,0,1,0,0,1,0,0,1,0
884,4,18,4,11,1,1,2,4,3,65,3,2,1,1,1,0,0,1,0,0,1,1,0,0,0
885,2,24,2,41,1,4,1,3,3,43,3,1,1,2,1,0,0,1,0,0,1,0,0,1,1
886,1,12,2,8,1,2,2,4,2,53,3,1,1,1,1,0,0,1,0,0,1,0,0,1,1
887,2,24,4,28,5,4,3,3,4,34,3,2,2,2,1,0,0,1,0,0,1,0,0,1,0
888,2,48,2,157,1,3,3,2,3,23,3,1,1,2,1,0,0,1,0,0,1,0,0,1,1
889,4,36,4,66,1,5,3,4,3,34,3,2,1,2,1,1,0,1,0,0,1,0,0,0,0
890,4,28,1,78,5,2,3,4,1,40,1,2,2,2,1,0,1,0,0,1,0,0,0,1,0
891,1,27,4,24,1,5,3,4,3,43,2,4,2,2,1,0,0,1,0,0,1,0,0,0,0
892,4,15,4,18,1,5,3,4,3,46,3,2,1,2,1,0,0,1,0,0,1,0,0,1,0
893,1,12,4,22,1,3,3,4,2,38,1,2,1,1,2,1,0,1,0,0,1,0,1,0,0
894,2,36,4,58,1,3,3,4,3,34,3,2,1,2,1,0,1,1,0,0,1,0,0,1,0
895,4,18,4,12,5,3,3,3,2,29,3,2,1,2,1,0,0,1,0,0,1,0,0,1,0
896,4,36,3,89,5,4,3,2,3,31,2,1,2,2,1,0,1,1,0,0,1,0,0,0,0
897,1,21,2,26,1,2,2,4,2,28,3,1,1,2,1,0,0,1,0,1,0,0,0,0,0
898,4,12,4,16,4,4,2,2,2,35,3,1,1,1,2,0,0,1,0,0,1,0,0,1,0
899,4,15,2,22,5,4,2,4,1,33,1,1,1,1,1,0,0,1,0,1,0,0,1,0,0
900,1,18,2,42,1,3,3,3,3,42,3,1,1,1,1,0,0,0,1,0,1,0,0,1,1
901,1,16,4,26,1,5,3,4,2,43,1,1,1,2,1,1,0,0,0,1,0,0,0,1,1
902,4,20,4,35,5,2,1,4,1,44,3,2,1,2,1,1,0,1,0,0,1,0,0,1,0
903,4,36,4,105,5,5,3,4,4,42,3,2,1,1,1,0,1,1,0,0,0,0,0,1,0
904,4,15,2,14,5,3,4,2,1,40,3,1,1,2,1,0,0,1,0,1,0,0,0,1,0
905,4,24,2,13,1,5,3,1,1,36,3,1,1,2,1,0,0,1,0,0,1,0,0,0,0
906,1,12,2,11,1,3,3,2,1,20,3,1,2,2,1,0,0,1,0,1,0,0,0,0,0
907,1,21,2,38,5,4,3,2,1,24,3,1,1,1,2,1,0,0,1,0,1,0,1,0,0
908,2,36,2,37,5,3,4,2,3,27,3,1,1,1,1,0,0,1,0,0,1,0,0,1,0
909,4,15,3,36,1,2,2,2,2,46,3,2,1,1,1,0,1,1,0,0,1,0,1,0,0
910,2,9,2,32,5,3,2,2,1,33,3,1,1,1,1,1,0,1,0,0,1,0,1,0,0
911,4,36,3,45,1,3,2,4,1,34,3,2,1,1,1,0,0,1,0,0,1,0,0,1,0
912,2,24,4,47,1,2,2,4,3,25,1,1,1,1,1,0,0,1,0,0,1,0,1,0,1
913,2,30,2,30,5,5,2,4,3,25,3,1,1,1,1,0,0,1,0,0,1,0,0,1,0
914,4,11,2,21,4,5,1,2,1,28,3,1,1,2,1,0,0,1,0,0,1,0,0,1,0
915,1,24,1,32,1,3,3,2,2,31,3,1,1,2,1,0,0,1,0,1,0,0,0,1,1
916,2,48,0,184,1,3,2,2,2,32,1,1,1,2,2,0,0,1,0,0,1,0,0,0,1
917,4,10,2,28,2,3,3,2,1,32,3,1,2,1,1,0,1,0,1,0,1,0,0,1,0
918,1,6,2,149,1,5,3,4,4,68,1,1,1,2,1,1,0,1,0,0,1,0,0,0,1
919,1,24,2,24,2,1,1,1,2,33,3,1,1,1,1,0,0,1,0,0,1,0,0,1,1
920,1,24,2,33,1,5,3,2,2,39,3,1,1,2,1,0,0,1,0,1,0,0,0,0,1
921,4,18,4,18,1,3,2,2,4,28,3,2,1,1,1,0,0,1,0,0,1,0,0,1,0
922,4,48,3,127,3,4,3,1,3,37,3,1,1,2,1,0,0,1,0,0,1,0,0,0,0
923,1,9,2,14,1,2,2,4,2,22,3,1,1,1,1,0,0,1,0,1,0,0,0,1,1
924,2,12,2,20,1,4,3,4,2,30,3,1,2,2,1,1,0,1,0,1,0,0,0,1,0
925,1,24,1,69,1,2,1,1,2,55,1,1,1,2,1,0,0,1,0,0,1,0,0,1,1
926,1,12,1,7,1,2,3,2,3,46,1,2,1,2,1,1,0,1,0,0,1,0,0,1,1
927,1,18,4,10,1,2,2,4,2,21,3,1,1,1,1,0,0,1,0,1,0,0,0,1,0
928,1,48,2,103,1,4,3,4,4,39,2,3,2,2,1,0,1,1,0,0,0,0,0,1,1
929,4,30,2,19,5,5,3,4,3,58,3,1,1,2,1,0,0,1,0,0,1,0,0,1,0
930,1,12,3,13,1,3,3,2,1,43,3,2,2,1,1,1,0,1,0,0,1,0,1,0,0
931,1,24,2,17,1,2,3,1,2,24,3,1,1,1,2,0,0,0,1,0,1,0,1,0,0
932,2,9,2,17,1,2,2,2,3,22,3,1,1,2,1,0,0,1,0,0,1,0,0,1,1
933,4,9,4,12,1,3,3,1,1,30,3,2,1,1,1,1,0,1,0,0,1,0,0,1,0
934,4,12,4,5,3,5,3,4,2,42,3,2,2,2,1,0,0,1,0,0,1,0,0,1,0
935,1,12,2,15,1,3,2,1,3,23,1,1,1,1,1,0,0,1,0,0,1,0,0,1,0
936,2,30,3,19,2,2,3,3,4,30,2,2,1,1,1,0,0,1,0,0,1,0,0,0,1
937,3,9,2,7,1,3,2,2,1,28,3,1,1,1,1,0,0,1,0,0,1,0,1,0,1
938,2,6,2,21,1,2,4,3,3,30,3,1,1,2,1,0,0,1,0,1,0,0,0,0,0
939,2,60,2,63,1,3,3,4,4,42,3,1,1,1,1,0,0,1,0,0,0,0,0,1,1
940,4,24,4,68,5,3,3,4,2,46,3,2,2,2,1,0,1,1,0,0,1,0,0,0,0
941,4,12,2,35,5,2,3,3,2,45,3,1,2,2,1,1,0,1,0,0,1,0,0,0,0
942,4,10,2,15,1,3,3,2,1,31,3,1,2,1,2,1,0,1,0,0,1,0,1,0,0
943,4,24,2,9,5,4,3,2,3,31,2,1,1,2,1,0,0,1,0,0,1,0,0,1,0
944,4,4,4,15,1,4,3,1,1,42,3,3,2,1,1,1,0,1,0,0,1,0,1,0,0
945,1,15,2,18,1,2,2,1,2,46,3,1,1,1,1,0,0,0,0,1,0,0,0,1,0
946,2,48,0,84,3,2,2,1,3,30,3,2,1,1,1,1,0,1,0,0,1,0,0,1,0
947,1,24,1,33,3,2,3,4,4,30,3,1,2,2,1,0,0,1,0,0,0,0,0,1,1
948,4,12,2,29,5,1,3,4,4,38,3,1,1,2,1,1,0,1,0,0,1,0,0,0,0
949,4,18,2,15,1,2,4,1,2,43,3,1,2,1,1,0,0,0,1,0,1,0,1,0,1
950,4,24,2,36,2,5,3,4,3,31,3,2,1,1,1,0,0,1,0,0,1,0,0,1,1
951,2,18,4,36,1,1,4,3,3,40,3,3,2,2,1,0,0,1,0,0,1,1,0,0,0
952,1,36,3,21,1,4,3,1,3,24,3,2,1,2,1,0,0,1,0,0,1,0,0,1,1
953,2,24,2,41,3,2,2,4,3,28,3,1,1,1,1,0,1,1,0,1,0,0,0,1,1
954,4,36,2,110,1,1,2,2,3,26,3,2,1,2,1,0,0,1,0,0,1,0,0,0,1
955,1,12,2,19,1,3,2,4,2,29,3,1,1,2,1,1,0,0,0,0,1,0,0,1,0
956,1,24,4,12,4,5,2,4,2,57,3,2,1,2,1,0,0,1,0,1,0,0,0,0,0
957,3,30,4,37,5,5,3,4,2,49,2,2,1,1,1,0,0,1,0,0,1,0,1,0,0
958,2,9,4,12,1,5,3,4,1,37,3,3,1,1,1,0,0,1,0,0,1,0,1,0,0
959,1,28,2,40,1,3,3,2,3,45,3,1,1,1,1,1,0,1,0,0,1,0,1,0,1
960,2,24,2,31,2,5,3,4,4,30,3,1,1,1,1,0,0,1,0,0,0,0,0,1,0
961,4,6,4,17,1,5,4,2,1,30,3,2,1,1,1,0,0,1,0,1,0,0,0,1,0
962,2,21,3,24,1,3,1,4,2,47,3,2,1,1,1,1,0,1,0,0,1,0,0,1,0
963,4,15,2,36,5,3,3,2,4,29,3,1,1,1,1,1,0,1,0,0,1,0,0,1,0
964,4,24,2,24,3,5,3,2,3,35,1,2,1,2,1,0,0,1,0,0,1,0,0,1,1
965,2,6,2,5,1,2,4,1,2,22,3,1,1,1,1,0,0,1,0,0,1,0,1,0,0
966,2,30,2,17,5,3,2,1,3,26,3,1,1,1,1,0,0,1,0,0,1,0,0,1,0
967,2,27,4,25,3,3,3,2,2,23,3,2,1,1,1,0,0,1,0,0,1,0,1,0,1
968,4,15,2,36,1,5,2,2,3,54,1,1,1,2,1,0,0,1,0,1,0,0,0,0,0
969,4,42,2,72,5,4,4,4,2,29,3,1,1,2,1,0,0,1,0,1,0,0,0,1,0
970,1,11,4,39,1,3,3,2,1,40,3,2,2,1,1,1,0,1,0,0,1,0,1,0,0
971,2,15,2,15,2,3,3,2,1,22,3,1,1,1,1,0,0,0,0,0,1,0,0,1,0
972,4,24,2,74,1,3,3,4,2,43,3,1,2,1,1,1,0,1,0,0,1,0,1,0,0
973,1,24,1,12,1,1,2,4,4,29,3,2,1,1,1,1,0,0,1,1,0,1,0,0,1
974,1,60,2,73,1,5,3,4,4,36,3,1,1,1,1,0,0,0,1,1,0,0,0,1,1
975,4,30,4,28,1,3,2,2,3,33,3,1,1,2,1,0,0,1,0,0,1,0,0,1,0
976,3,24,2,13,3,3,2,3,3,57,3,1,1,1,1,0,0,1,0,0,1,0,1,0,0
977,2,6,2,8,1,3,2,3,1,64,3,1,1,1,1,0,0,0,0,0,1,0,0,1,0
978,2,18,3,24,5,5,3,2,2,42,3,2,1,1,1,0,0,1,0,0,1,0,0,1,0
979,4,24,3,25,1,5,3,4,3,47,3,2,2,1,1,1,0,1,0,0,1,0,1,0,1
980,2,15,1,13,2,3,4,2,2,25,3,1,1,1,1,1,0,1,0,1,0,0,0,1,1
981,2,30,4,84,1,4,3,2,2,49,3,1,1,1,1,0,0,1,0,0,1,0,0,1,1
982,4,48,2,48,1,1,3,2,3,33,1,1,1,2,1,0,0,1,0,1,0,0,0,0,1
983,3,21,2,29,2,3,2,1,3,28,1,1,1,2,1,1,0,1,0,0,1,0,0,0,0
984,1,36,2,82,1,3,3,2,2,26,3,1,2,1,1,0,1,1,0,0,1,0,0,1,1
985,4,24,4,20,1,4,3,2,2,30,3,2,1,1,1,0,0,1,0,0,1,0,1,0,0
986,1,15,4,14,1,3,2,3,2,25,3,2,1,1,1,0,0,1,0,1,0,0,0,1,0
987,3,42,0,63,1,2,1,1,2,33,3,2,1,1,1,0,0,1,0,0,1,0,0,1,0
988,4,13,2,14,2,1,2,4,1,64,3,1,1,1,1,0,0,1,0,0,1,0,0,1,0
989,1,24,2,66,1,1,3,2,4,29,3,1,1,2,1,0,1,1,0,0,0,0,0,0,0
990,2,24,4,17,1,5,3,2,2,48,3,2,1,1,1,0,0,1,0,0,1,0,1,0,0
991,4,12,4,36,5,2,3,1,2,37,3,2,2,1,1,0,0,1,0,0,1,0,1,0,0
992,4,15,1,16,2,5,3,4,3,34,1,1,2,1,1,0,0,1,0,0,1,0,1,0,0
993,1,18,2,19,5,4,4,4,3,23,3,2,1,1,1,0,0,1,0,1,0,0,1,0,0
994,1,36,2,40,1,1,3,3,2,30,3,1,1,2,1,0,0,1,0,0,1,0,0,0,0
995,4,12,2,24,5,5,3,3,3,50,3,1,1,2,1,1,0,1,0,0,1,0,0,1,0
996,4,12,2,17,1,4,2,4,1,31,3,1,1,1,1,0,0,1,0,0,1,0,1,0,0
997,1,30,2,39,1,3,1,4,2,40,3,1,1,2,1,0,1,1,0,0,1,0,0,0,0
998,4,12,2,8,1,5,3,4,3,38,3,1,1,1,1,0,0,1,0,0,1,0,0,1,0
999,1,45,2,18,1,3,3,4,4,23,3,1,1,2,1,0,0,1,0,0,0,0,0,1,1
1000,2,45,4,46,2,1,3,4,3,27,3,1,1,1,1,0,1,1,0,0,1,0,0,1,0
