,0,1,2,3,4,5,6,7,8,9,y
1,0,1,1,1,0,1,0,0,0,1,0
2,1,0,1,1,1,0,1,0,1,1,0
3,1,0,0,1,0,1,0,1,0,1,0
4,0,0,1,0,0,1,0,0,1,0,0
5,1,0,1,0,0,1,0,0,1,0,0
6,0,1,1,0,0,0,0,0,0,0,1
7,0,0,0,0,0,1,1,1,1,1,0
8,0,0,0,0,1,1,0,0,1,0,0
9,0,0,0,0,1,1,0,1,0,0,0
10,1,1,0,0,1,1,0,1,0,0,0
11,0,1,0,0,1,1,1,0,0,0,0
12,0,1,1,0,1,1,1,0,1,1,0
13,1,0,0,0,1,1,1,0,1,1,0
14,0,1,1,0,1,1,1,0,1,0,0
15,1,0,1,1,1,0,0,1,0,1,0
16,0,0,0,1,0,1,1,0,0,0,0
17,0,0,1,1,0,0,0,0,1,0,0
18,1,1,1,1,1,1,0,0,1,1,0
19,1,1,0,1,0,1,1,0,1,0,0
20,0,1,0,1,0,0,1,1,1,0,0
21,0,0,0,0,0,0,1,1,0,1,1
22,0,0,0,0,1,1,1,1,1,0,0
23,1,0,0,0,1,1,0,1,0,1,0
24,1,1,1,0,1,1,0,1,0,0,0
25,1,0,0,1,0,1,0,1,0,0,0
26,0,0,1,0,0,1,0,1,0,0,0
27,0,0,0,0,0,0,0,1,0,0,1
28,0,0,0,0,0,0,1,1,1,0,0
29,1,1,1,1,1,1,0,0,1,0,0
30,1,0,1,0,1,0,0,1,1,1,0
31,0,0,1,0,0,1,1,1,1,1,0
32,1,0,1,1,1,0,0,0,1,1,0
33,1,0,0,1,1,0,0,1,0,0,0
34,1,1,1,0,0,0,1,0,1,1,0
35,1,0,0,0,1,0,0,0,0,1,1
36,0,0,1,0,0,0,0,0,0,1,1
37,1,1,0,0,1,0,0,0,0,1,1
38,0,0,0,1,1,1,0,1,1,1,0
39,0,1,1,1,1,1,1,0,1,1,0
40,0,1,1,1,1,0,1,1,0,1,0
41,0,1,0,1,0,1,1,0,0,1,0
42,0,0,1,1,0,1,0,0,0,1,0
43,0,1,0,0,0,1,1,1,0,0,0
44,0,1,0,0,1,1,0,0,0,1,1
45,1,0,1,1,0,0,1,0,0,0,0
46,1,0,1,0,1,0,0,0,1,0,0
47,0,1,1,1,1,0,0,1,0,0,0
48,1,0,0,1,0,1,0,1,1,0,0
49,1,0,1,1,1,1,0,0,0,0,0
50,1,1,0,0,0,1,0,1,1,1,0
51,0,0,0,1,0,1,1,1,0,1,0
52,1,1,1,1,0,0,1,0,1,0,0
53,0,1,0,1,0,1,1,1,1,0,0
54,1,0,0,0,1,0,1,0,1,0,0
55,1,1,1,0,1,1,1,1,1,0,0
56,0,0,0,1,1,0,0,1,0,0,0
57,0,1,1,1,1,0,1,0,0,1,0
58,1,0,0,0,1,0,0,1,1,1,0
59,1,1,0,1,1,1,0,1,0,0,0
60,0,1,1,0,0,0,0,1,1,1,0
61,0,0,1,1,0,0,0,0,1,1,0
62,0,1,1,0,0,1,0,0,0,1,1
63,1,0,1,0,1,0,0,0,1,1,0
64,1,1,1,1,1,0,0,1,0,0,0
65,0,0,0,0,1,0,1,0,1,1,0
66,1,0,1,1,1,1,1,0,1,0,0
67,1,0,1,1,1,0,1,0,0,1,0
68,1,0,0,0,0,0,1,0,1,0,1
69,0,0,1,1,1,0,0,0,0,1,0
70,1,0,1,0,0,0,1,0,0,0,1
71,1,1,0,1,0,1,1,0,0,1,0
72,0,1,1,0,1,1,0,0,0,1,0
73,0,0,0,0,0,1,1,0,1,1,0
74,1,1,0,1,1,1,1,1,0,1,0
75,0,0,0,1,0,1,0,1,0,1,0
76,1,0,1,1,1,1,0,1,0,0,0
77,0,1,1,0,0,1,0,1,0,1,0
78,0,1,0,0,0,1,1,1,1,1,0
79,0,1,0,1,1,0,0,0,1,1,0
80,0,0,0,0,1,0,1,0,0,1,1
81,0,1,0,0,0,1,1,1,1,0,0
82,0,1,1,1,1,1,1,0,1,0,0
83,0,1,0,0,1,0,0,1,0,1,1
84,1,0,1,1,0,0,0,1,0,0,0
85,0,0,0,1,0,1,0,1,1,0,0
86,1,0,1,0,0,0,0,0,1,1,1
87,0,1,1,0,1,0,0,0,1,1,0
88,1,0,0,0,1,0,1,0,0,1,1
89,1,0,0,0,0,0,0,1,0,1,1
90,1,0,0,0,0,1,1,1,0,1,0
91,0,1,1,1,1,1,0,0,1,0,0
92,0,0,0,0,1,1,0,1,1,1,0
93,1,1,0,0,0,0,1,0,1,1,1
94,1,0,1,1,0,0,0,1,1,0,0
95,0,1,1,0,0,0,1,1,0,0,0
96,1,0,1,1,0,1,1,1,1,0,0
97,0,0,1,0,1,0,1,1,0,1,0
98,0,0,0,1,1,0,0,1,1,0,0
99,0,1,1,1,0,0,1,0,0,1,0
100,1,0,0,0,0,0,0,1,1,0,1
101,1,1,0,1,1,1,0,0,0,0,0
102,1,1,1,0,0,0,1,1,0,0,0
103,0,1,0,1,0,1,1,1,1,1,0
104,1,0,1,1,1,1,0,0,1,0,0
105,0,0,1,0,0,1,1,0,1,1,0
106,0,0,0,0,1,0,0,0,1,0,1
107,0,1,1,0,0,0,1,0,0,0,1
108,0,0,0,0,0,1,1,0,0,1,1
109,1,0,0,1,1,0,1,0,0,0,0
110,0,1,1,0,0,0,0,1,1,0,0
111,0,0,0,0,0,1,1,1,0,0,0
112,0,1,1,1,1,0,0,0,0,0,0
113,1,1,1,1,0,1,0,1,0,0,0
114,0,1,0,1,0,1,0,0,1,1,0
115,0,0,0,1,0,0,1,1,0,0,0
116,0,1,1,0,0,1,0,0,1,0,0
117,1,1,1,1,0,0,0,0,1,1,0
118,1,1,0,1,0,1,1,1,1,1,0
119,1,1,0,1,1,1,0,0,0,1,0
120,0,0,0,0,1,0,0,1,0,1,1
121,1,0,1,1,0,0,0,0,0,1,1
122,0,0,1,1,1,1,0,0,1,1,0
123,1,1,0,0,1,0,1,1,0,0,0
124,1,1,1,0,1,0,0,1,0,1,0
125,1,0,0,1,0,1,1,1,1,1,0
126,0,1,1,0,0,0,0,0,0,1,1
127,1,0,1,1,0,0,0,1,1,1,0
128,1,0,1,0,0,1,1,1,1,0,0
129,0,0,0,1,1,1,1,0,1,0,0
130,0,0,0,1,0,1,0,1,0,0,0
131,0,0,0,1,1,1,1,1,0,0,0
132,1,0,1,1,0,0,1,1,0,1,0
133,0,0,1,1,1,1,1,1,1,0,0
134,1,1,0,0,0,1,1,0,1,1,0
135,1,0,1,0,0,0,0,0,0,1,1
136,1,0,1,1,1,0,1,1,1,1,0
137,0,1,0,1,1,1,0,1,0,1,0
138,0,1,1,1,1,1,0,0,1,1,0
139,1,1,0,0,0,1,0,1,0,1,1
140,1,1,0,1,1,1,0,0,1,1,0
141,0,1,1,1,1,0,1,1,1,0,0
142,1,0,1,0,1,1,0,0,1,1,0
143,0,0,1,0,1,0,1,0,0,0,0
144,0,1,0,0,0,1,0,1,1,0,0
145,1,1,0,0,0,0,1,1,1,1,0
146,0,1,0,1,0,0,0,0,1,0,1
147,1,1,1,1,0,0,1,1,1,1,0
148,1,0,1,0,0,1,0,0,0,1,1
149,0,0,1,0,1,0,0,0,1,1,0
150,0,0,1,0,0,0,0,1,1,0,0
151,1,1,0,1,1,1,1,1,1,0,0
152,1,1,1,1,0,0,1,1,0,1,0
153,0,1,0,1,1,0,1,1,0,1,0
154,1,0,0,0,0,0,0,1,1,1,1
155,1,1,1,0,0,1,1,1,1,1,0
156,1,0,1,0,1,0,0,1,0,1,0
157,0,0,1,0,0,0,1,1,0,0,0
158,1,1,1,1,1,1,1,1,1,1,0
159,0,0,1,0,1,0,0,1,0,1,0
160,1,0,0,1,1,1,1,1,1,1,0
161,1,0,0,0,0,0,1,1,0,1,1
162,1,0,0,1,1,1,1,1,0,1,0
163,0,0,0,0,0,0,1,0,0,1,1
164,0,1,1,1,0,0,0,1,1,1,0
165,1,0,1,1,0,0,1,1,0,0,0
166,0,1,1,0,0,1,0,1,1,0,0
167,0,0,1,1,0,1,1,1,0,1,0
168,1,1,1,0,0,1,0,0,0,1,1
169,1,0,1,0,0,0,1,1,1,1,0
170,1,0,1,0,1,0,1,1,0,1,0
171,0,0,0,1,1,0,1,0,0,0,0
172,0,0,0,1,1,1,0,0,0,1,0
173,0,1,0,0,1,1,0,0,1,0,0
174,0,0,0,0,0,1,0,0,1,1,1
175,0,1,1,1,1,0,0,1,0,1,0
176,1,1,0,0,1,0,1,1,1,1,0
177,0,1,0,1,0,0,0,0,0,0,1
178,1,0,0,0,0,0,1,0,0,1,1
179,1,0,0,0,0,0,1,1,1,0,0
180,1,1,0,0,1,0,0,0,1,0,1
181,1,1,1,0,0,0,1,0,0,0,1
182,1,0,1,1,0,1,0,0,0,1,0
183,1,0,0,1,0,1,0,0,0,0,1
184,0,0,0,1,1,0,1,1,1,1,0
185,0,0,0,0,0,1,0,0,0,1,1
186,0,1,1,0,0,1,1,0,0,1,0
187,0,1,1,1,0,1,0,0,1,0,0
188,0,0,0,1,0,1,1,1,1,1,0
189,0,1,1,0,0,0,0,0,1,1,1
190,1,1,0,0,1,1,1,0,0,0,0
191,0,0,1,0,1,0,1,1,1,1,0
192,0,0,1,1,0,1,0,1,0,1,0
193,0,0,0,1,1,1,0,0,0,0,0
194,1,1,1,1,0,0,1,1,0,0,0
195,1,1,1,0,1,0,1,1,1,0,0
196,1,0,0,0,1,1,1,0,0,0,0
197,1,1,0,1,1,0,0,1,0,1,0
198,0,0,1,0,0,0,0,1,1,1,0
199,1,1,1,0,0,1,1,1,0,0,0
200,0,0,1,1,1,0,0,1,1,0,0
201,1,1,0,0,0,1,1,0,0,0,1
202,1,0,0,1,0,1,1,0,0,0,0
203,0,0,1,1,0,0,1,0,1,1,0
204,1,0,0,0,0,1,1,1,1,0,0
205,1,0,0,1,1,1,1,0,1,0,0
206,0,1,1,1,1,0,1,1,0,0,0
207,0,0,1,1,0,0,1,0,0,0,0
208,1,1,1,1,1,0,0,0,0,1,0
209,0,1,1,0,0,1,0,1,1,1,0
210,0,0,0,1,0,1,0,0,1,1,0
211,1,1,1,1,1,0,1,1,1,1,0
212,1,1,0,1,0,0,1,1,1,0,0
213,0,0,0,0,0,1,0,1,0,0,1
214,1,0,1,1,1,0,0,0,1,0,0
215,1,1,1,0,1,0,1,1,1,1,0
216,1,0,1,0,1,1,1,0,0,0,0
217,1,0,1,0,0,1,0,1,0,0,0
218,1,0,0,1,1,1,1,0,1,1,0
219,1,0,1,0,0,0,1,0,1,1,0
220,1,0,0,0,1,0,0,0,1,0,1
221,0,0,0,1,1,0,0,0,0,0,1
222,1,0,0,0,0,1,0,0,0,0,1
223,0,0,1,0,0,0,0,1,0,0,1
224,0,0,1,0,1,1,0,1,1,0,0
225,0,0,1,1,0,1,1,0,0,0,0
226,1,0,0,1,0,1,1,0,1,0,0
227,0,1,0,1,1,0,1,0,1,0,0
228,0,1,1,1,1,1,1,0,0,0,0
229,0,1,1,0,1,0,1,0,0,1,0
230,0,0,1,1,0,0,0,1,1,0,0
231,0,1,1,1,1,1,0,1,1,1,0
232,0,0,1,0,1,0,0,1,1,1,0
233,0,0,1,1,1,0,1,0,0,0,0
234,0,1,1,1,0,1,1,0,1,0,0
235,1,0,0,0,0,1,0,0,0,1,1
236,1,1,0,1,0,0,1,1,0,1,0
237,0,0,1,1,1,0,0,1,0,0,0
238,0,1,0,0,0,0,1,0,0,0,1
239,1,1,0,0,1,1,1,1,1,1,0
240,0,0,1,0,1,1,1,0,1,0,0
241,0,0,0,0,1,0,0,1,1,0,0
242,1,1,0,1,1,1,1,0,0,0,0
243,1,0,1,0,1,1,0,1,0,0,0
244,0,1,0,1,1,1,1,0,1,1,0
245,0,0,0,1,0,0,1,0,0,1,1
246,0,1,1,1,1,1,0,0,0,0,0
247,0,1,0,0,0,1,0,1,0,1,1
248,0,0,1,1,0,1,1,1,0,0,0
249,1,0,0,0,1,0,1,1,0,0,0
250,0,0,0,0,0,0,1,1,1,1,0
251,1,1,1,0,0,0,0,1,1,1,0
252,1,1,0,0,0,1,0,0,0,0,1
253,0,1,1,0,0,0,0,1,0,0,1
254,0,1,0,1,0,1,0,0,0,0,1
255,0,1,1,1,0,1,0,0,0,0,0
256,0,0,1,1,1,0,1,0,1,1,0
257,1,1,1,0,0,1,1,0,0,1,0
258,1,1,0,0,1,1,1,1,0,1,0
259,0,0,1,0,1,0,0,0,0,0,1
260,1,0,1,1,1,1,1,0,0,1,0
261,1,0,0,0,0,1,0,0,1,0,1
262,1,0,0,0,0,0,0,0,0,1,1
263,1,1,0,1,0,0,0,0,1,1,1
264,0,0,1,0,1,1,0,0,0,1,0
265,1,0,0,0,0,1,1,0,1,0,0
266,0,1,0,1,0,0,0,1,0,0,1
267,0,0,1,1,1,1,0,0,0,1,0
268,0,1,1,1,1,1,0,1,0,1,0
269,1,1,1,0,1,0,1,0,1,0,0
270,1,0,0,1,0,0,0,1,1,0,0
271,0,1,1,0,1,1,1,1,1,1,0
272,1,0,0,0,1,1,1,0,0,1,0
273,1,0,1,1,1,1,1,0,1,1,0
274,0,1,1,0,0,0,1,0,1,0,0
275,1,0,0,0,1,0,1,1,1,0,0
276,1,0,0,1,1,1,0,1,0,1,0
277,0,1,1,1,0,1,1,1,1,0,0
278,0,0,1,0,1,0,1,0,1,0,0
279,0,0,1,1,1,1,1,0,0,1,0
280,1,1,1,0,1,1,0,0,1,0,0
281,1,1,1,0,1,1,1,0,1,0,0
282,0,0,1,0,1,0,0,0,1,0,0
283,0,0,0,0,1,1,0,0,0,1,1
284,1,0,0,0,1,1,0,1,0,0,0
285,0,0,1,0,1,1,0,1,0,0,0
286,0,1,0,1,1,0,1,0,1,1,0
287,1,1,1,1,1,1,0,0,0,1,0
288,0,1,0,1,0,1,1,0,1,0,0
289,0,1,0,1,0,0,1,0,1,0,0
290,1,1,1,1,1,0,0,0,1,0,0
291,0,1,0,1,0,0,1,1,1,1,0
292,1,1,1,1,1,1,0,0,0,0,0
293,1,1,0,0,1,0,0,1,0,0,1
294,0,1,0,1,1,1,0,1,1,0,0
295,0,1,1,0,1,1,0,1,0,0,0
296,1,1,0,0,1,1,1,0,1,1,0
297,0,0,0,0,1,0,1,1,1,0,0
298,1,1,0,0,0,0,0,1,0,1,1
299,0,0,1,0,1,1,1,1,1,0,0
300,1,0,0,1,1,1,1,1,0,0,0
301,1,0,0,1,1,1,0,0,1,0,0
302,0,1,0,1,0,0,1,0,1,0,0
303,1,1,1,1,0,1,0,0,0,1,0
304,1,1,0,1,0,1,0,1,0,0,0
305,1,0,1,0,1,1,1,1,1,1,0
306,1,0,1,0,1,0,1,0,0,1,0
307,1,1,0,1,1,0,1,0,0,1,0
308,1,1,1,0,1,1,0,1,0,1,0
309,1,1,1,0,1,0,0,0,1,0,0
310,0,1,1,0,1,0,0,1,0,0,0
311,0,1,1,1,1,0,0,1,1,1,0
312,1,1,1,1,1,0,1,0,0,0,0
313,1,0,0,1,1,0,0,1,1,0,0
314,0,1,0,1,1,0,1,0,1,1,0
315,1,0,0,0,1,1,1,0,0,0,0
316,0,0,1,1,1,1,1,1,0,1,0
317,0,1,0,1,1,1,0,1,1,0,0
318,1,1,0,0,1,0,1,0,1,1,0
319,0,0,0,1,1,1,1,1,1,0,0
320,1,0,0,1,1,1,0,1,0,0,0
321,0,0,0,0,0,1,0,1,0,0,1
322,0,1,1,1,0,0,0,1,0,0,0
323,1,1,0,0,0,1,1,1,1,0,0
324,1,0,1,0,0,0,0,0,0,1,1
325,1,0,1,0,0,1,0,0,0,0,1
326,0,0,1,1,1,1,1,0,1,1,0
327,0,1,0,0,0,1,0,0,1,0,1
328,1,1,0,0,1,1,1,1,1,1,0
329,1,1,1,1,0,0,1,0,0,1,0
330,1,1,1,0,0,1,0,0,1,0,0
331,0,1,1,0,1,1,1,1,1,1,0
332,1,1,0,0,1,0,0,0,1,0,1
333,0,0,1,0,0,0,0,1,1,1,0
334,1,1,0,0,1,0,1,1,1,1,0
335,0,0,0,1,0,0,1,0,0,1,1
336,0,0,1,0,0,0,0,0,1,0,1
337,0,0,0,0,1,0,0,0,1,1,1
338,0,0,1,1,1,1,0,1,1,0,0
339,0,0,0,1,1,0,1,1,0,0,0
340,1,1,1,1,1,0,1,0,1,0,0
341,0,0,1,0,1,0,0,1,1,0,0
342,0,0,0,0,0,1,1,1,1,1,0
343,1,0,0,0,0,0,1,1,1,0,0
344,0,1,0,1,1,1,1,0,0,1,0
345,0,0,1,1,1,1,0,1,0,1,0
346,1,0,0,1,1,0,1,0,1,1,0
347,0,1,1,1,1,0,1,0,0,1,0
348,1,1,0,0,1,1,0,1,1,0,0
349,0,0,1,0,0,0,0,1,0,0,1
350,0,0,1,1,1,0,1,1,1,1,0
351,0,1,1,0,0,0,0,0,0,0,1
352,1,1,1,0,1,1,1,1,0,0,0
353,1,0,0,0,1,0,0,0,1,0,1
354,0,1,0,1,1,1,1,0,1,1,0
355,0,0,0,1,0,1,1,1,0,1,0
356,1,1,0,1,1,1,1,1,1,0,0
357,1,1,1,0,0,0,1,0,0,1,1
358,1,1,0,1,0,1,0,0,0,0,1
359,1,0,1,1,0,0,0,0,0,0,1
360,0,1,1,1,1,0,1,1,0,0,0
361,0,0,1,1,0,0,1,0,0,0,0
362,1,0,0,1,1,0,0,0,0,1,1
363,0,1,1,0,0,1,0,1,0,0,0
364,0,0,0,0,1,0,1,1,0,0,0
365,0,0,1,0,0,0,0,1,0,1,1
366,1,1,1,1,0,1,1,1,1,1,0
367,0,0,1,1,0,0,1,1,1,0,0
368,1,0,1,1,1,1,0,0,0,0,0
369,1,1,0,1,1,0,1,1,0,0,0
370,1,0,1,0,1,1,1,0,1,0,0
371,1,0,1,0,0,1,1,0,0,1,0
372,1,0,0,1,1,0,0,1,0,0,0
373,1,1,1,0,1,1,0,0,0,1,0
374,0,1,1,1,0,1,0,1,0,0,0
375,0,0,0,1,0,1,0,0,0,0,1
376,1,0,1,0,0,1,0,1,1,1,0
377,0,1,0,1,1,0,1,1,1,1,0
378,1,1,1,0,1,0,1,1,1,0,0
379,0,1,1,1,0,0,0,1,1,1,0
380,0,0,1,1,1,0,1,0,0,0,0
381,0,0,1,1,1,0,0,1,1,1,0
382,0,1,0,1,1,1,0,0,1,1,0
383,0,0,1,1,0,0,1,0,1,0,0
384,0,0,0,0,0,1,0,0,0,1,1
385,1,1,0,1,1,1,1,0,1,0,0
386,0,0,0,1,1,1,0,1,0,0,0
387,1,0,1,1,0,0,1,0,0,0,0
388,0,0,0,1,1,0,0,0,0,1,1
389,0,0,1,1,0,0,1,1,1,1,0
390,1,1,1,1,0,1,0,0,0,0,0
391,0,1,1,0,1,0,1,1,0,1,0
392,0,1,1,1,1,0,0,1,1,0,0
393,1,1,1,1,0,1,1,0,0,0,0
394,0,0,1,0,1,0,1,1,1,0,0
395,0,1,1,1,0,1,1,1,1,1,0
396,1,1,1,1,0,1,1,1,0,1,0
397,1,1,1,0,0,1,1,1,1,0,0
398,0,1,0,0,1,0,0,0,0,1,1
399,0,1,1,1,0,0,1,0,1,1,0
400,1,0,1,1,1,0,0,0,1,0,0
401,1,0,0,0,0,1,0,1,0,0,1
402,1,0,1,0,1,1,1,1,0,1,0
403,0,1,0,0,0,1,0,1,0,0,1
404,1,1,0,0,1,0,0,0,1,1,1
405,1,0,0,1,1,1,1,1,1,1,0
406,0,0,1,0,1,1,1,0,1,0,0
407,1,0,1,1,1,1,1,0,0,1,0
408,0,0,0,0,0,1,0,0,1,0,1
409,0,1,1,1,1,0,0,0,0,0,0
410,0,1,0,0,1,0,1,1,1,1,0
411,0,0,0,0,1,1,1,0,0,1,0
412,0,0,1,1,0,0,0,1,0,1,0
413,0,1,0,1,1,0,0,0,0,0,1
414,0,1,0,0,1,0,1,0,0,0,1
415,0,1,0,0,1,1,0,1,1,0,0
416,1,0,0,1,0,1,1,1,0,0,0
417,1,1,1,1,1,1,0,1,0,1,0
418,1,0,1,0,0,1,0,1,0,0,0
419,1,1,1,0,0,1,0,0,1,1,0
420,1,1,1,0,1,0,0,1,0,0,0
421,0,1,0,1,0,1,1,0,0,1,0
422,1,1,1,1,0,0,0,0,0,1,1
423,1,1,0,1,0,1,1,1,0,0,0
424,0,0,0,0,1,1,0,1,0,1,0
425,1,1,0,0,0,0,0,0,1,0,1
426,1,0,1,0,1,1,1,1,0,0,0
427,0,1,0,1,1,0,0,0,1,1,0
428,1,0,0,1,1,0,0,0,1,0,0
429,1,0,0,0,0,0,0,1,0,0,1
430,0,0,1,1,1,1,1,1,1,0,0
431,0,1,1,0,0,1,0,1,0,1,0
432,0,1,0,0,1,1,1,1,0,1,0
433,0,1,1,1,0,0,1,0,1,0,0
434,1,1,0,1,0,1,0,0,0,1,1
435,0,1,1,0,0,0,1,1,0,0,0
436,0,0,0,0,1,1,1,1,0,1,0
437,1,0,0,0,0,0,0,0,1,1,1
438,1,1,1,0,1,1,1,1,1,1,0
439,0,0,0,1,0,1,0,1,0,1,0
440,1,1,0,1,1,1,1,1,1,1,0
441,1,1,1,1,0,1,0,1,0,1,0
442,1,1,1,0,1,1,0,0,1,1,0
443,0,1,1,0,1,0,0,0,1,1,0
444,0,0,1,1,0,0,1,1,0,0,0
445,0,1,0,1,1,0,1,0,0,1,0
446,1,1,1,0,1,1,0,1,1,1,0
447,1,1,0,0,1,1,1,0,1,0,0
448,0,1,0,1,1,1,1,1,0,1,0
449,0,0,1,1,0,0,0,1,0,0,0
450,0,1,1,0,0,1,0,0,0,0,1
451,0,1,0,0,1,0,0,0,1,1,1
452,0,0,0,0,0,0,0,1,0,1,1
453,1,0,1,0,0,0,0,1,1,0,0
454,1,1,1,0,0,0,0,0,0,0,1
455,1,0,0,0,1,0,0,0,0,0,1
456,1,0,1,0,1,1,1,0,0,0,0
457,0,0,1,0,0,0,0,1,1,0,0
458,0,1,0,0,1,0,0,1,1,1,0
459,1,0,1,1,0,1,1,1,1,1,0
460,0,0,0,0,0,1,1,1,0,0,0
461,1,0,1,1,1,1,1,1,1,0,0
462,0,1,1,0,1,0,1,0,1,1,0
463,1,1,1,1,0,1,1,0,0,1,0
464,0,0,0,1,0,1,0,0,1,1,0
465,1,1,0,0,0,0,0,0,0,0,1
466,1,1,1,0,1,1,1,0,0,0,0
467,0,1,0,0,0,1,0,1,0,1,1
468,1,0,0,1,0,1,1,1,1,1,0
469,1,1,0,1,0,0,1,0,1,0,0
470,1,0,0,0,1,1,1,1,1,1,0
471,0,1,0,1,1,0,0,1,0,1,0
472,1,0,0,1,1,1,1,0,0,1,0
473,0,0,0,1,1,1,0,1,0,1,0
474,0,0,0,1,1,0,1,0,1,0,0
475,1,0,0,1,1,1,0,1,0,1,0
476,1,0,1,1,1,1,0,1,1,1,0
477,1,0,0,0,1,1,0,1,0,0,0
478,0,1,1,0,1,1,1,1,0,0,0
479,0,0,1,1,0,1,1,1,1,1,0
480,1,0,0,1,1,0,1,1,1,0,0
481,0,1,0,1,1,0,1,0,0,0,0
482,1,0,0,0,0,0,1,0,1,0,1
483,1,1,1,1,1,0,0,0,0,0,0
484,0,1,0,0,1,1,1,0,0,0,0
485,1,0,1,0,0,0,1,0,1,1,0
486,0,0,1,0,0,1,1,1,1,1,0
487,0,0,1,1,1,0,1,1,1,0,0
488,1,1,0,1,1,0,1,1,1,1,0
489,0,1,1,0,1,1,1,0,0,1,0
490,1,0,0,0,1,1,1,1,0,1,0
491,1,1,1,0,1,1,0,1,0,0,0
492,1,0,0,1,0,0,0,1,1,1,0
493,1,0,1,0,1,1,0,0,0,1,0
494,1,1,1,1,0,0,1,0,1,0,0
495,0,1,1,0,0,1,0,1,1,1,0
496,0,0,1,1,1,0,1,1,0,0,0
497,0,1,0,0,1,0,0,1,1,0,0
498,0,1,0,0,0,0,0,1,0,0,1
499,1,0,0,0,1,0,0,0,0,1,1
500,0,1,0,1,1,1,1,1,1,1,0
501,1,0,0,1,0,0,1,1,0,0,0
502,1,1,0,1,1,0,1,1,0,1,0
503,1,0,0,1,1,1,0,0,0,1,0
504,1,0,0,0,1,0,1,1,0,0,0
505,1,0,0,0,0,0,1,0,0,1,1
506,1,0,1,0,0,1,1,1,1,0,0
507,0,1,0,1,1,0,1,1,0,1,0
508,0,1,0,0,0,0,0,1,0,1,1
509,0,1,1,1,0,0,1,1,1,1,0
510,0,0,1,0,1,0,1,0,0,1,0
511,1,0,1,1,0,1,1,0,0,0,0
512,0,0,0,0,0,0,1,1,1,0,0
513,1,1,0,0,0,1,1,1,1,1,0
514,0,1,0,0,1,1,1,0,1,0,0
515,0,0,0,0,1,1,1,1,0,0,0
516,1,0,1,1,0,0,0,1,0,0,0
517,1,1,0,1,0,1,1,1,1,1,0
518,0,1,1,0,0,0,0,0,1,0,1
519,1,1,0,0,0,1,1,1,0,0,0
520,0,1,0,1,1,1,1,1,0,0,0
521,1,1,1,1,0,0,0,1,0,1,0
522,1,1,0,0,1,0,1,0,0,0,1
523,1,0,0,1,1,0,1,1,0,0,0
524,1,1,0,1,0,0,0,1,0,0,1
525,0,0,1,0,1,0,1,0,0,0,0
526,0,0,1,0,0,0,1,1,0,1,0
527,0,0,0,1,1,0,0,1,1,0,0
528,0,0,0,1,1,0,1,0,1,1,0
529,0,0,0,0,0,1,0,1,1,0,0
530,1,0,1,1,1,0,0,1,0,0,0
531,1,0,0,0,0,1,1,0,0,1,1
532,0,1,0,0,0,1,1,1,0,1,0
533,1,1,1,1,1,1,1,0,1,0,0
534,0,1,1,0,1,0,1,0,0,1,0
535,1,1,1,0,1,0,0,1,0,1,0
536,1,1,1,0,1,1,1,0,1,1,0
537,0,0,1,0,1,0,1,0,1,0,0
538,1,0,1,0,0,1,0,1,0,1,0
539,0,1,0,0,0,1,1,1,1,1,0
540,1,1,0,0,0,0,1,1,1,0,0
541,0,0,0,1,0,1,1,1,1,0,0
542,0,1,1,1,0,0,1,1,1,0,0
543,0,0,0,0,1,0,0,0,0,1,1
544,0,1,1,0,0,0,0,1,0,0,1
545,0,0,0,0,0,1,1,1,0,1,0
546,1,1,0,0,1,0,1,1,0,0,0
547,1,1,0,1,1,1,0,1,1,0,0
548,0,0,1,0,0,0,1,0,0,0,1
549,0,0,0,1,1,0,1,1,1,0,0
550,1,0,0,0,1,1,0,1,0,1,0
551,1,0,1,0,0,0,1,0,1,0,0
552,0,0,1,1,1,1,1,0,0,1,0
553,1,0,0,0,1,0,1,1,0,1,0
554,1,1,0,1,1,1,0,1,1,1,0
555,1,1,1,0,1,0,1,0,0,0,0
556,1,0,0,1,0,1,1,1,1,0,0
557,1,0,0,1,1,1,0,0,1,1,0
558,0,1,0,1,1,1,1,0,0,0,0
559,1,1,1,1,0,0,1,1,0,1,0
560,0,1,0,1,1,0,1,1,1,0,0
561,1,1,1,0,1,1,1,0,0,1,0
562,1,1,1,0,0,1,1,1,0,1,0
563,0,0,1,1,0,1,1,1,1,0,0
564,1,1,0,1,1,1,0,0,1,0,0
565,1,1,1,0,1,0,1,0,1,1,0
566,1,1,0,1,0,1,0,1,1,0,0
567,0,1,0,1,0,0,1,0,1,1,0
568,1,0,1,0,0,0,1,1,1,0,0
569,0,1,1,0,1,0,0,0,0,1,1
570,1,0,0,1,0,1,1,0,0,0,0
571,0,0,1,0,1,1,1,0,1,1,0
572,0,1,1,1,1,1,1,0,1,1,0
573,1,0,0,0,0,1,0,1,0,1,1
574,0,1,1,0,0,0,0,0,1,1,1
575,1,0,1,1,0,1,1,1,1,0,0
576,1,1,1,1,1,1,0,0,1,1,0
577,1,0,1,0,0,1,0,0,1,0,0
578,1,1,0,0,1,1,0,0,1,0,0
579,0,0,1,0,1,1,1,1,0,1,0
580,0,0,1,0,0,1,1,0,1,0,0
581,0,1,1,0,0,0,1,0,0,1,1
582,1,0,1,1,1,0,1,1,0,1,0
583,0,0,1,0,0,0,1,0,1,0,0
584,0,1,1,1,1,0,1,1,1,1,0
585,0,0,1,0,1,0,0,1,0,1,0
586,1,0,1,1,1,1,1,0,1,1,0
587,1,0,0,1,1,0,0,1,0,1,0
588,0,0,1,0,0,0,1,1,1,1,0
589,1,1,0,0,0,1,0,0,1,0,1
590,1,0,1,0,1,0,0,1,0,1,0
591,1,0,1,0,0,0,0,1,0,0,1
592,0,1,1,0,0,1,1,0,0,0,0
593,0,0,0,0,1,0,0,1,0,0,1
594,0,1,1,1,1,1,0,1,0,0,0
595,0,0,0,0,1,0,1,0,0,0,1
596,0,1,1,1,1,1,1,1,1,1,0
597,1,1,0,0,0,1,1,0,0,1,1
598,0,0,0,1,0,0,1,0,1,0,0
599,1,1,0,0,0,1,0,0,0,0,1
600,1,1,0,1,1,1,1,1,0,1,0
601,1,0,1,1,0,0,1,1,1,0,0
602,0,1,0,1,0,1,0,1,1,0,0
603,0,0,0,0,1,0,1,1,0,1,0
604,1,0,1,1,1,0,1,0,0,0,0
605,0,0,1,0,0,1,1,1,0,0,0
606,1,1,1,0,1,0,1,1,0,0,0
607,0,0,0,1,0,0,0,1,1,1,0
608,0,0,0,0,1,1,1,1,1,1,0
609,1,1,0,0,1,1,0,1,0,1,0
610,0,1,0,0,1,0,1,0,0,1,1
611,0,1,0,0,0,0,0,1,1,1,1
612,1,0,1,0,1,0,0,1,0,0,0
613,0,1,1,0,0,1,0,1,1,0,0
614,0,1,0,1,0,1,1,1,0,0,0
615,1,0,0,0,0,0,1,1,0,1,1
616,1,1,0,1,1,0,0,0,1,0,0
617,0,0,1,1,0,0,1,0,0,1,0
618,1,1,1,0,1,1,0,0,0,0,0
619,0,1,0,1,0,0,1,1,0,0,0
620,1,1,0,0,1,0,1,0,0,1,1
621,1,1,1,1,0,0,1,0,0,0,0
622,0,0,0,1,0,0,0,0,1,1,1
623,1,1,1,0,0,1,0,1,1,1,0
624,1,0,0,1,0,1,1,0,1,1,0
625,1,0,1,0,1,1,0,0,1,1,0
626,0,1,0,1,1,1,0,1,0,1,0
627,1,0,1,0,1,1,1,0,1,1,0
628,1,0,1,0,0,0,0,1,0,1,1
629,1,1,0,0,0,0,1,1,0,1,1
630,1,1,1,0,0,0,1,1,1,0,0
631,1,0,0,1,0,1,0,0,0,1,1
632,0,0,0,0,1,0,0,1,1,1,0
633,0,0,0,0,1,1,1,0,1,1,0
634,1,1,1,1,1,0,0,1,0,1,0
635,0,1,1,0,0,1,1,0,0,1,0
636,0,0,1,0,1,0,0,0,0,1,1
637,1,1,0,1,1,1,1,0,0,0,0
638,0,1,1,0,0,0,1,1,0,1,0
639,1,0,1,1,1,0,1,1,1,1,0
640,1,0,1,0,1,0,0,1,1,0,0
641,0,0,0,1,1,0,0,1,0,0,0
642,1,0,1,1,1,1,0,1,1,0,0
643,1,0,1,0,0,0,1,1,0,1,0
644,0,1,1,0,1,0,0,0,0,0,1
645,0,1,1,1,0,1,0,1,1,1,0
646,0,1,0,1,0,1,0,0,0,0,1
647,0,1,1,0,1,1,0,1,1,0,0
648,0,0,1,1,1,1,0,1,1,1,0
649,1,0,0,1,0,0,0,0,1,0,1
650,0,0,0,1,1,1,0,0,0,0,0
651,0,1,0,0,0,0,1,0,1,1,1
652,1,1,1,1,1,1,1,1,0,1,0
653,1,1,1,0,0,1,1,0,1,0,0
654,1,1,0,1,0,0,0,0,0,1,1
655,0,1,1,0,1,1,1,1,1,0,0
656,1,0,0,0,0,1,1,0,1,0,0
657,1,0,0,0,0,1,1,1,0,1,0
658,1,1,1,0,0,1,1,1,0,0,0
659,1,1,0,1,1,0,0,1,0,1,0
660,1,0,0,0,1,1,0,1,1,0,0
661,1,1,0,1,1,0,1,0,1,1,0
662,1,0,0,1,0,0,0,1,0,0,1
663,0,0,0,1,0,1,0,1,0,0,0
664,0,0,1,1,1,0,1,1,0,1,0
665,0,0,1,1,1,1,0,0,0,1,0
666,0,0,1,1,0,1,0,0,1,1,0
667,1,0,1,0,0,1,1,1,0,0,0
668,1,1,1,0,0,0,1,0,1,1,0
669,0,1,1,0,0,1,1,1,0,1,0
670,1,0,1,1,0,1,1,0,1,1,0
671,1,1,1,1,1,1,0,1,1,1,0
672,0,1,1,1,0,0,1,0,0,0,0
673,0,1,0,0,1,1,0,0,0,1,1
674,0,1,1,0,0,0,1,1,1,1,0
675,1,0,1,1,1,1,0,0,1,1,0
676,1,1,0,1,0,0,1,0,0,1,1
677,0,0,1,0,1,1,1,1,1,0,0
678,1,0,0,0,0,0,0,0,0,0,1
679,0,0,1,0,0,1,1,0,0,1,0
680,0,1,1,0,1,1,1,1,0,1,0
681,1,1,0,0,0,1,1,1,0,1,0
682,1,1,1,0,0,0,1,1,0,1,0
683,0,0,1,0,0,1,0,0,0,0,1
684,1,1,0,0,0,1,0,0,0,1,1
685,1,0,0,0,0,0,0,1,0,1,1
686,1,1,1,0,1,1,1,0,1,0,0
687,0,0,0,1,0,0,0,0,0,0,1
688,0,1,1,1,0,0,1,1,0,0,0
689,1,1,0,0,1,0,0,0,0,1,1
690,0,1,1,0,1,1,0,1,0,0,0
691,0,1,0,0,1,0,0,0,0,0,1
692,0,1,1,1,1,1,0,1,1,0,0
693,1,0,1,1,1,0,1,0,1,0,0
694,0,1,0,0,1,0,0,0,1,0,1
695,1,0,1,1,1,1,1,0,0,0,0
696,0,1,1,1,1,0,0,1,0,1,0
697,1,1,1,0,1,0,1,1,1,1,0
698,0,0,0,1,1,0,0,1,0,1,0
699,0,0,0,0,0,0,1,1,1,1,0
700,1,1,1,1,0,0,0,0,0,0,1
701,1,0,0,1,1,0,1,0,1,0,0
702,0,0,1,1,1,1,1,0,1,0,0
703,0,1,0,0,1,1,0,0,1,1,0
704,0,0,1,1,0,0,0,0,1,1,0
705,0,1,1,1,1,0,0,0,1,1,0
706,1,1,1,1,1,1,1,0,0,1,0
707,0,1,1,0,1,1,0,1,0,1,0
708,0,1,1,1,0,1,1,1,0,0,0
709,0,1,1,1,1,0,1,1,0,1,0
710,1,1,1,1,1,0,1,0,0,1,0
711,1,1,0,0,0,1,1,0,1,1,0
712,1,0,1,0,0,0,1,0,0,0,1
713,1,0,1,1,1,0,0,1,1,0,0
714,1,0,1,0,0,0,1,0,0,1,1
715,1,1,0,1,1,1,1,0,0,1,0
716,0,0,1,0,0,0,1,0,1,1,0
717,0,1,0,1,1,1,1,1,1,0,0
718,1,0,1,1,0,1,0,1,0,0,0
719,1,0,1,0,1,0,0,0,1,1,0
720,1,1,0,1,0,1,1,0,1,1,0
721,0,0,1,1,1,1,0,1,0,0,0
722,1,0,1,1,0,1,1,0,1,0,0
723,0,0,1,0,0,1,0,0,0,1,1
724,1,0,0,1,0,1,0,1,1,1,0
725,1,0,1,1,1,0,0,1,1,1,0
726,1,0,0,0,0,1,0,1,1,1,0
727,1,0,0,0,0,1,1,1,0,0,0
728,0,1,1,0,1,1,1,0,1,0,0
729,1,1,1,0,1,0,1,0,0,1,0
730,1,1,1,1,1,1,0,0,1,0,0
731,0,1,0,1,1,0,1,0,1,0,0
732,1,0,1,1,1,0,0,0,0,0,0
733,0,0,0,1,1,1,0,1,1,0,0
734,1,1,0,1,1,1,1,0,1,1,0
735,1,0,1,1,0,0,1,0,1,1,0
736,1,1,1,0,0,0,0,0,1,1,1
737,1,0,0,1,0,1,0,0,1,1,0
738,1,0,0,1,1,1,0,0,0,0,0
739,0,0,1,1,0,1,0,0,0,1,0
740,1,1,1,1,0,1,0,1,0,0,0
741,0,0,0,0,1,1,0,0,1,0,0
742,1,1,0,1,1,1,1,1,0,0,0
743,0,1,1,0,1,0,1,0,0,0,0
744,1,1,0,0,1,1,1,0,0,0,0
745,1,1,0,1,0,1,1,1,0,1,0
746,0,0,1,0,1,1,0,1,0,1,0
747,1,0,0,0,1,0,1,0,1,1,0
748,0,0,0,0,0,0,0,1,1,0,1
749,1,0,0,0,1,1,1,1,0,0,0
750,1,1,1,1,0,1,1,0,1,1,0
751,1,0,1,0,1,0,1,1,1,0,0
752,1,1,0,0,0,1,0,1,1,1,0
753,0,0,0,0,1,0,1,1,1,0,0
754,0,0,1,0,0,0,0,0,0,1,1
755,0,1,0,0,0,0,0,0,1,1,1
756,1,0,0,0,1,1,0,0,0,0,1
757,1,1,1,0,0,0,0,1,1,1,0
758,0,1,1,1,0,1,1,0,0,1,0
759,0,0,0,0,0,1,0,0,1,1,1
760,0,1,1,1,0,1,0,1,0,1,0
761,1,1,1,1,1,0,1,0,1,1,0
762,1,0,0,0,1,0,0,1,1,0,0
763,0,0,0,0,0,1,1,0,1,1,0
764,1,0,1,0,0,1,1,1,0,1,0
765,0,0,1,0,0,0,0,0,1,1,1
766,0,0,1,0,1,1,0,1,1,0,0
767,0,0,0,0,0,0,0,0,0,1,1
768,1,0,0,1,0,0,0,0,1,1,1
769,1,1,0,1,1,0,1,0,1,0,0
770,0,0,0,0,0,1,0,1,1,1,0
771,0,0,0,0,0,0,0,0,0,0,1
772,0,1,0,0,1,1,1,1,1,1,0
773,1,0,0,1,1,0,0,0,1,1,0
774,1,1,0,1,1,1,0,1,0,0,0
775,0,0,1,0,1,1,0,1,0,0,0
776,0,1,0,0,0,1,1,0,1,1,0
777,0,0,0,1,0,0,0,0,1,0,1
778,1,1,1,1,0,0,1,1,1,0,0
779,0,1,1,0,0,1,0,0,1,0,0
780,0,0,1,1,0,0,0,0,1,0,0
781,0,1,0,0,0,0,1,0,0,0,1
782,0,1,0,0,0,0,0,1,1,0,1
783,1,0,0,1,0,0,1,1,1,1,0
784,0,0,1,0,1,1,0,1,1,1,0
785,0,1,1,0,1,0,1,0,1,0,0
786,0,0,0,0,0,1,1,1,1,0,0
787,1,1,0,0,1,1,1,1,1,0,0
788,1,0,0,1,0,0,1,0,1,1,0
789,0,1,0,0,0,0,1,1,0,1,1
790,1,0,0,0,0,0,1,1,0,0,1
791,0,1,1,1,1,0,0,1,0,0,0
792,0,0,0,0,1,0,1,0,0,1,1
793,0,0,1,1,1,1,1,1,1,1,0
794,0,0,0,1,0,1,1,0,1,0,0
795,1,0,0,1,0,1,0,1,1,0,0
796,1,0,0,0,1,0,1,0,1,0,0
797,1,0,0,1,1,1,1,0,1,0,0
798,1,1,1,0,0,0,0,1,1,0,0
799,0,0,0,1,1,0,0,1,1,1,0
800,0,1,1,1,0,0,1,0,0,1,0
801,1,0,0,0,0,1,1,1,1,0,0
802,1,0,0,0,0,1,0,0,0,1,1
803,1,0,0,0,1,0,1,0,0,0,1
804,1,1,0,0,0,0,1,1,1,1,0
805,1,0,0,1,0,0,1,0,0,1,1
806,0,1,0,1,1,1,0,0,0,1,0
807,0,0,0,1,1,1,0,1,1,1,0
808,0,0,1,0,0,1,0,0,1,1,0
809,1,0,0,0,0,0,0,0,1,0,1
810,1,0,0,1,0,0,0,0,0,0,1
811,0,1,1,0,0,0,1,0,1,0,0
812,1,0,0,0,1,0,0,1,1,1,0
813,1,1,0,0,0,0,0,1,0,0,1
814,0,1,1,0,1,0,0,1,0,1,0
815,0,1,0,1,0,1,0,1,1,1,0
816,0,0,0,1,0,1,0,1,1,0,0
817,1,0,0,0,0,1,1,0,0,0,1
818,0,0,1,1,1,0,0,0,0,1,0
819,1,1,1,0,0,0,1,1,1,1,0
820,0,0,0,0,1,0,0,0,1,0,1
821,0,0,1,1,0,0,0,1,1,1,0
822,1,1,1,1,0,1,1,1,1,0,0
823,0,0,1,1,0,1,1,1,0,1,0
824,0,1,0,1,1,1,0,0,1,0,0
825,1,1,1,0,0,0,0,0,0,1,1
826,0,0,1,0,1,0,1,1,0,0,0
827,1,1,0,0,0,1,0,1,0,1,1
828,1,1,0,1,0,0,1,1,1,1,0
829,1,0,0,1,1,1,0,1,1,0,0
830,0,0,1,0,0,1,0,1,0,1,0
831,1,0,1,1,1,0,0,1,0,1,0
832,0,0,1,0,0,1,0,1,0,0,0
833,1,1,1,0,0,1,0,0,0,0,1
834,1,1,0,0,0,0,0,0,0,1,1
835,0,1,1,1,1,1,0,1,0,1,0
836,1,0,1,0,1,1,0,1,0,1,0
837,1,1,1,1,0,1,1,1,0,0,0
838,1,1,0,1,0,0,0,0,1,1,1
839,1,1,0,1,1,1,0,0,1,1,0
840,0,1,1,0,0,0,1,0,1,1,0
841,0,0,1,1,0,0,0,0,0,1,1
842,0,1,0,0,1,1,0,0,0,0,1
843,1,1,0,1,0,0,1,0,1,1,0
844,1,1,0,0,1,1,0,1,1,1,0
845,1,0,1,0,1,0,0,1,1,1,0
846,1,0,0,1,1,0,1,0,0,0,0
847,1,0,0,1,0,0,0,1,1,0,0
848,0,1,0,1,0,0,0,0,0,1,1
849,0,0,1,0,1,1,1,1,1,1,0
850,1,1,0,1,1,1,0,0,0,1,0
851,0,1,1,1,0,0,1,1,0,1,0
852,1,0,0,1,1,0,1,1,1,1,0
853,1,0,0,1,1,1,0,1,1,1,0
854,1,1,0,1,0,1,1,1,1,0,0
855,1,0,0,0,1,0,1,1,1,0,0
856,1,1,0,0,1,1,0,1,0,0,0
857,0,1,1,1,1,1,0,0,0,1,0
858,1,0,1,0,1,0,0,0,0,1,1
859,0,1,1,0,0,0,0,1,1,0,0
860,0,1,1,1,1,0,1,1,1,0,0
861,0,0,0,0,0,0,0,1,0,0,1
862,1,0,1,1,1,0,0,0,1,1,0
863,1,1,1,0,0,1,0,1,1,0,0
864,0,0,1,0,1,0,0,0,1,1,0
865,0,1,0,1,1,0,0,0,0,1,1
866,0,1,0,0,1,0,1,0,1,1,0
867,1,0,1,0,1,1,0,1,1,0,0
868,1,1,1,0,1,1,0,0,1,0,0
869,0,1,1,0,0,1,1,1,0,0,0
870,1,0,1,0,1,1,1,1,1,0,0
871,0,1,1,1,1,1,0,0,1,0,0
872,1,1,0,0,0,0,0,1,0,1,1
873,0,0,0,1,0,1,1,0,0,1,0
874,0,1,0,1,0,0,0,0,1,1,1
875,0,1,1,1,1,1,0,0,1,1,0
876,0,0,0,0,1,0,0,1,0,1,1
877,1,0,1,0,1,1,0,0,0,0,0
878,1,1,1,0,0,1,0,1,0,1,0
879,1,0,1,1,1,0,0,0,0,1,0
880,1,0,1,0,1,1,0,1,1,1,0
881,1,1,0,0,1,0,0,1,1,1,0
882,1,0,0,1,0,0,1,0,0,0,1
883,0,1,0,0,0,1,0,0,0,0,1
884,0,1,1,0,0,0,0,1,0,1,1
885,0,0,0,0,1,0,0,1,1,0,0
886,0,0,0,0,1,1,1,0,0,0,0
887,0,1,0,0,0,0,1,0,0,1,1
888,1,1,1,0,1,0,1,1,0,1,0
889,1,1,1,1,0,1,1,0,1,0,0
890,1,1,0,1,0,1,0,0,1,0,0
891,0,0,0,1,0,0,1,1,1,1,0
892,0,1,1,1,0,0,0,0,1,0,0
893,0,0,1,1,0,0,0,1,1,0,0
894,0,0,0,0,0,1,0,0,0,0,1
895,1,1,1,0,0,0,1,1,0,0,0
896,1,1,0,0,0,1,1,0,0,0,1
897,0,0,0,1,0,0,1,1,0,1,0
898,0,0,1,1,1,0,1,0,1,1,0
899,1,1,0,1,1,0,0,1,1,0,0
900,0,1,0,1,1,1,0,1,0,0,0
901,0,1,1,0,1,1,0,0,0,0,0
902,1,0,0,0,1,1,1,0,1,0,0
903,1,1,0,0,0,0,1,0,0,0,1
904,1,1,0,0,0,0,0,1,1,1,1
905,0,0,0,0,1,0,1,0,1,1,0
906,0,1,0,0,0,0,0,0,0,1,1
907,0,1,1,1,0,0,0,0,1,1,0
908,1,0,0,1,0,0,1,0,1,0,0
909,0,1,0,1,0,0,1,1,1,1,0
910,0,1,0,0,1,0,1,1,1,0,0
911,0,1,1,0,1,1,0,1,1,1,0
912,0,0,1,1,0,1,1,1,0,0,0
913,0,1,0,0,0,1,1,1,1,0,0
914,1,0,0,0,0,0,0,0,0,1,1
915,0,0,1,1,1,0,0,1,0,1,0
916,1,1,1,1,1,1,0,1,0,0,0
917,0,0,1,0,0,1,1,0,1,1,0
918,1,1,1,0,0,1,0,0,0,1,1
919,1,1,1,0,0,0,1,0,0,0,1
920,1,1,0,1,0,1,0,1,0,1,0
921,0,1,0,1,0,1,0,1,0,1,0
922,1,1,0,1,0,0,0,1,1,1,0
923,1,0,0,1,1,0,0,1,1,1,0
924,1,0,1,1,1,0,1,0,1,1,0
925,1,1,0,1,0,1,1,0,0,1,0
926,0,0,0,1,0,0,1,0,1,1,0
927,0,1,1,1,1,0,1,0,0,0,0
928,0,1,0,0,0,1,1,0,0,0,1
929,0,0,0,0,0,0,1,1,0,1,1
930,1,1,1,0,0,1,1,1,1,1,0
931,1,0,0,0,0,1,0,0,0,0,1
932,0,0,0,1,1,0,0,0,1,0,0
933,1,0,1,0,1,0,1,0,1,0,0
934,0,0,1,1,1,0,0,0,1,0,0
935,1,1,1,0,0,0,0,1,0,1,1
936,1,1,0,1,1,0,0,0,0,1,1
937,0,0,0,0,1,1,0,1,1,0,0
938,1,0,1,1,0,1,1,1,0,1,0
939,0,1,1,0,1,0,1,1,1,1,0
940,0,1,0,0,0,1,1,0,0,1,1
941,0,1,1,1,0,0,0,0,0,0,1
942,0,1,0,1,0,1,0,0,0,1,1
943,1,1,1,1,1,0,0,0,0,1,0
944,0,1,0,1,0,1,0,0,1,1,0
945,0,1,0,0,1,0,1,0,1,0,0
946,1,1,0,1,0,0,0,1,0,1,1
947,1,0,0,0,1,1,0,0,1,0,0
948,1,1,0,1,0,0,0,0,0,0,1
949,0,0,1,0,1,1,0,0,0,1,0
950,0,0,0,0,0,0,0,0,1,0,1
951,0,1,0,1,0,1,1,1,0,1,0
952,0,0,0,0,1,1,0,0,1,1,0
953,0,1,0,1,1,0,1,1,0,0,0
954,1,1,1,1,1,1,1,0,1,1,0
955,0,1,1,0,0,1,0,0,1,1,0
956,1,1,0,0,1,0,0,0,0,0,1
957,0,0,0,0,0,1,0,1,0,1,1
958,1,1,0,0,1,1,0,0,0,0,1
959,1,1,0,1,1,0,0,0,1,1,0
960,1,0,1,1,0,0,0,1,1,1,0
961,0,1,0,1,0,1,1,0,1,0,0
962,0,1,0,1,0,0,1,1,0,1,0
963,0,0,1,0,1,1,0,0,0,0,0
964,0,1,1,0,0,1,1,1,1,1,0
965,0,1,1,1,1,0,1,0,1,1,0
966,1,0,1,1,0,1,0,1,1,0,0
967,1,1,0,1,0,1,0,0,1,1,0
968,0,1,1,0,1,1,1,0,1,1,0
969,1,0,1,1,0,1,0,1,0,1,0
970,0,0,0,1,1,1,1,1,0,0,0
971,1,1,0,0,1,0,1,0,1,0,0
972,1,0,0,1,0,1,1,0,0,1,0
973,1,1,1,0,1,1,1,1,0,1,0
974,0,0,0,1,0,0,1,1,0,0,0
975,0,0,0,0,0,0,1,0,0,0,1
976,1,0,1,0,0,1,0,0,0,1,1
977,1,1,1,1,1,0,0,1,0,0,0
978,1,1,0,1,0,0,1,0,0,0,1
979,0,1,1,1,1,1,1,1,0,0,0
980,0,1,1,1,1,0,1,0,1,0,0
981,1,1,1,1,0,0,1,0,1,1,0
982,0,0,1,1,1,0,0,1,0,0,0
983,1,1,1,1,1,1,0,0,0,0,0
984,0,1,0,1,0,1,0,1,0,0,0
985,1,0,0,1,0,0,0,1,0,1,1
986,0,0,0,1,0,1,0,0,0,1,1
987,0,0,0,0,0,0,1,0,1,1,1
988,0,1,0,1,1,0,0,1,1,1,0
989,0,0,1,1,1,1,0,0,0,0,0
990,1,0,0,1,1,0,1,0,0,1,0
991,1,1,0,1,1,0,1,1,1,0,0
992,0,1,0,1,0,0,0,0,1,0,1
993,0,0,0,0,0,0,0,1,1,1,1
994,1,1,0,0,1,1,0,0,1,1,0
995,0,1,1,0,1,0,0,1,1,1,0
996,0,1,0,0,0,1,0,0,1,1,1
997,1,0,0,0,0,1,0,1,1,0,0
998,1,0,0,1,1,1,1,0,1,1,0
999,0,0,1,0,0,0,1,1,0,0,0
1000,0,0,1,0,1,1,0,0,1,0,0
1001,0,1,1,1,1,1,1,0,0,0,0
1002,1,1,0,0,1,0,0,1,0,0,1
1003,0,1,0,1,0,1,1,0,0,0,0
1004,0,0,1,1,0,1,1,0,1,1,0
1005,0,1,1,0,0,1,0,0,0,1,1
1006,1,1,1,0,1,0,0,0,0,1,1
1007,1,0,0,0,1,1,1,0,0,1,0
1008,1,0,0,0,1,0,1,1,1,1,0
1009,0,1,0,0,1,1,1,1,0,0,0
1010,1,0,0,0,0,0,0,1,1,0,1
1011,0,0,0,1,1,0,0,0,1,1,0
1012,0,1,1,1,0,1,0,0,0,0,0
1013,0,1,0,1,0,0,0,1,0,0,1
1014,0,0,1,0,0,1,1,0,0,0,0
1015,0,1,1,1,0,1,0,0,1,1,0
1016,1,0,1,1,1,1,0,1,0,0,0
1017,0,1,1,0,1,0,1,1,0,0,0
1018,0,0,1,1,0,1,0,1,1,1,0
1019,0,0,1,1,0,1,1,0,0,0,0
1020,0,1,1,1,1,1,0,1,1,1,0
1021,0,1,1,1,0,1,0,0,0,1,0
1022,1,0,0,1,1,0,1,1,0,1,0
1023,0,0,0,1,1,0,1,0,0,1,0
1024,1,1,0,0,1,1,1,0,0,1,0
1025,0,0,0,1,1,1,1,0,1,1,0
1026,1,0,0,1,1,1,1,0,0,0,0
1027,0,1,0,0,0,0,1,1,1,1,0
1028,1,1,1,1,0,0,0,1,1,0,0
1029,0,0,1,0,0,1,0,1,1,0,0
1030,0,0,0,1,1,1,1,1,1,1,0
1031,1,0,1,1,0,1,0,0,0,1,0
1032,1,0,1,1,1,0,1,1,1,0,0
1033,1,1,1,1,0,1,0,1,1,0,0
1034,1,1,1,1,1,1,1,1,0,0,0
1035,0,1,0,1,0,0,0,1,0,1,1
1036,1,0,0,0,0,1,1,0,1,1,0
1037,0,0,0,0,1,0,0,0,0,0,1
1038,0,1,0,1,0,0,0,1,1,0,0
1039,1,0,0,0,0,1,1,1,1,1,0
1040,0,1,0,1,1,1,0,1,1,1,0
1041,1,0,1,0,0,1,1,0,1,0,0
1042,1,0,0,0,0,1,0,0,1,0,1
1043,0,0,0,0,0,0,1,0,1,0,1
1044,0,0,1,1,0,1,0,1,0,0,0
1045,1,1,1,0,0,0,0,0,1,0,1
1046,0,1,0,1,0,0,0,0,0,0,1
1047,0,1,0,1,0,0,1,1,1,0,0
1048,1,0,0,0,1,1,0,0,0,1,1
1049,0,0,1,0,0,0,1,0,0,1,1
1050,0,0,0,1,1,1,0,0,1,0,0
1051,1,0,1,1,1,0,1,1,0,0,0
1052,1,0,1,0,1,1,0,0,1,0,0
1053,1,0,1,1,0,1,0,0,1,1,0
1054,1,0,0,1,0,0,0,0,0,1,1
1055,0,1,1,0,1,1,1,0,0,0,0
1056,0,1,1,1,1,1,0,0,0,0,0
1057,1,0,1,0,0,0,0,0,0,0,1
1058,0,1,0,1,0,0,0,1,1,1,0
1059,1,0,1,0,0,0,0,1,1,1,0
1060,1,0,1,0,1,0,1,0,1,1,0
1061,1,0,0,1,0,1,1,0,1,0,0
1062,1,1,1,1,1,1,1,1,1,1,0
1063,0,1,0,0,0,1,0,0,0,1,1
1064,0,0,1,1,1,0,1,0,1,0,0
1065,0,0,1,1,0,0,1,0,1,1,0
1066,1,1,1,1,1,0,0,0,1,0,0
1067,0,1,1,0,1,1,0,0,0,1,0
1068,1,1,1,1,1,0,0,1,1,1,0
1069,0,1,1,0,1,0,0,1,1,0,0
1070,0,0,1,1,0,1,1,0,0,1,0
1071,1,0,0,1,1,1,1,1,0,0,0
1072,0,0,0,1,1,0,1,1,0,1,0
1073,0,0,1,0,0,1,1,1,0,1,0
1074,1,0,1,1,1,1,1,1,0,1,0
1075,1,1,0,0,0,0,1,1,0,0,1
1076,1,1,1,0,0,0,1,0,1,0,0
1077,0,1,0,1,0,1,1,1,1,1,0
1078,0,0,1,0,0,1,0,1,1,1,0
1079,0,1,0,0,0,0,0,0,1,0,1
1080,1,0,1,0,0,1,1,0,0,0,0
1081,0,0,1,1,1,0,0,1,1,0,0
1082,0,1,1,0,1,1,0,0,1,1,0
1083,0,0,1,0,0,0,1,1,1,0,0
1084,1,0,1,1,0,0,0,1,0,1,0
1085,0,0,0,1,1,1,0,0,1,1,0
1086,1,1,0,0,0,0,1,0,1,0,1
1087,1,1,0,0,0,1,0,0,1,1,1
1088,1,1,0,1,1,1,0,0,0,0,0
1089,1,1,0,0,1,1,1,1,0,1,0
1090,0,0,0,1,1,1,1,1,0,1,0
1091,0,0,1,0,1,0,1,0,1,1,0
1092,0,1,1,0,0,1,1,0,1,0,0
1093,1,1,0,1,0,1,1,0,0,0,0
1094,1,0,1,0,0,0,1,1,0,0,0
1095,0,0,0,0,1,1,0,1,0,0,0
1096,1,0,0,0,0,0,1,0,1,1,1
1097,1,0,0,0,0,0,1,1,1,1,0
1098,1,1,1,1,0,0,0,0,1,0,0
1099,1,1,1,1,1,0,1,1,1,1,0
1100,1,1,1,1,1,0,1,1,1,0,0
1101,1,0,0,0,1,1,0,1,1,1,0
1102,1,1,1,0,0,1,1,0,1,1,0
1103,1,1,1,0,1,1,1,1,1,0,0
1104,0,1,1,1,0,1,1,1,0,1,0
1105,0,0,0,0,0,1,1,0,0,0,1
1106,0,0,0,0,0,0,1,1,0,0,1
1107,0,1,0,0,0,0,1,0,1,0,1
1108,1,0,1,0,1,0,0,0,1,0,0
1109,0,0,0,1,0,1,1,1,1,1,0
1110,0,0,0,0,0,0,0,0,1,1,1
1111,0,1,0,0,1,1,0,0,1,0,0
1112,1,0,1,0,1,1,0,1,0,0,0
1113,0,0,1,1,0,1,0,0,0,0,0
1114,1,0,1,1,1,1,1,1,0,0,0
1115,0,0,0,0,1,0,1,0,1,0,0
1116,0,0,0,0,1,1,0,1,1,1,0
1117,1,0,0,0,1,0,1,0,0,1,1
1118,0,0,0,1,0,1,0,0,1,0,0
1119,1,1,0,0,0,0,0,0,1,1,1
1120,0,0,0,1,0,0,0,0,0,1,1
1121,1,0,0,1,1,0,0,0,0,0,1
1122,1,1,0,0,1,0,1,1,0,1,0
1123,0,1,0,0,1,1,0,1,0,1,0
1124,0,0,0,1,0,0,1,0,0,0,1
1125,0,0,1,1,0,1,0,0,1,0,0
1126,1,0,0,1,0,1,0,1,0,0,0
1127,0,0,0,0,1,1,0,0,0,1,1
1128,0,0,0,1,1,1,1,0,1,0,0
1129,1,1,1,1,0,0,1,1,0,0,0
1130,0,1,0,0,0,1,1,0,1,0,0
1131,0,0,1,1,0,1,0,1,1,0,0
1132,0,1,0,0,1,0,0,1,0,0,1
1133,0,0,0,1,0,0,0,1,0,1,1
1134,1,1,1,0,0,1,0,1,0,0,0
1135,0,1,1,0,1,0,0,0,1,0,0
1136,0,1,0,0,1,0,1,1,0,0,0
1137,1,0,1,1,0,0,0,0,0,1,1
1138,1,0,1,0,1,0,1,1,0,1,0
1139,1,0,1,1,0,0,0,0,1,1,0
1140,0,1,0,0,0,0,0,0,0,0,1
1141,1,1,1,1,1,0,1,1,0,1,0
1142,1,0,1,1,0,1,1,0,0,1,0
1143,0,1,1,1,1,1,1,1,0,1,0
1144,0,1,0,1,0,1,1,0,1,1,0
1145,1,0,0,0,0,0,0,1,1,1,1
1146,1,0,1,0,0,1,1,1,1,1,0
1147,1,1,0,0,0,1,1,0,1,0,0
1148,0,0,0,1,1,1,1,0,0,1,0
1149,1,0,0,0,1,1,0,0,1,1,0
1150,0,0,1,1,0,0,0,0,0,0,1
1151,0,1,1,1,0,1,1,0,1,1,0
1152,0,0,1,0,1,0,1,1,1,1,0
1153,0,1,0,1,0,1,1,1,1,0,0
1154,1,1,0,0,1,0,1,1,1,0,0
1155,1,0,0,1,1,1,1,1,1,0,0
1156,1,0,0,1,0,0,1,1,0,1,0
1157,1,1,1,1,1,1,0,1,1,0,0
1158,1,1,0,1,1,0,0,0,0,0,1
1159,0,0,1,1,1,0,0,0,0,0,0
1160,1,0,0,1,0,0,1,1,1,0,0
1161,0,1,0,1,1,0,0,0,1,0,0
1162,0,0,0,1,1,0,1,0,0,0,0
1163,0,0,0,0,1,1,1,1,1,0,0
1164,1,0,1,1,0,0,1,1,1,1,0
1165,0,1,0,1,1,1,1,0,1,0,0
1166,0,1,1,0,1,1,0,0,1,0,0
1167,0,1,1,1,1,1,1,0,1,0,0
1168,0,0,1,1,1,1,0,0,1,1,0
1169,0,1,0,0,1,1,0,1,1,1,0
1170,0,0,0,1,0,1,1,1,0,0,0
1171,1,1,1,0,1,0,0,0,1,1,0
1172,0,1,1,1,0,1,0,0,1,0,0
1173,1,1,1,0,1,0,0,1,1,0,0
1174,1,1,0,0,0,1,0,1,0,0,1
1175,1,1,1,1,0,1,0,1,1,1,0
1176,1,1,1,1,0,1,0,0,1,0,0
1177,0,1,0,0,0,0,1,1,1,0,0
1178,1,0,1,1,0,0,1,0,1,0,0
1179,0,0,1,0,1,0,1,1,0,1,0
1180,1,1,1,1,1,1,1,0,0,0,0
1181,1,1,0,1,1,1,0,1,0,1,0
1182,1,1,0,1,0,1,0,1,1,1,0
1183,1,0,0,1,1,1,1,1,0,1,0
1184,0,1,1,1,1,1,1,0,0,1,0
1185,1,0,0,0,0,1,0,0,1,1,1
1186,1,0,0,1,0,1,0,0,0,0,1
1187,1,1,1,1,1,1,0,0,0,1,0
1188,1,0,1,0,0,0,1,1,1,1,0
1189,0,1,1,1,0,1,1,1,1,0,0
1190,0,0,0,1,1,0,0,0,0,0,1
1191,0,1,0,0,1,0,1,1,0,1,0
1192,0,1,1,0,0,0,1,1,1,0,0
1193,0,0,0,1,0,0,0,1,1,0,0
1194,1,1,0,0,1,0,0,1,0,1,1
1195,0,0,1,1,1,0,0,0,1,1,0
1196,1,1,1,0,0,0,0,1,0,0,1
1197,1,1,0,1,1,0,0,1,1,1,0
1198,1,0,0,1,0,1,0,1,0,1,0
1199,1,0,1,1,1,1,0,0,1,0,0
1200,1,0,1,1,0,0,1,0,0,1,0
1201,0,0,0,1,1,0,1,1,1,1,0
1202,1,1,0,1,0,0,1,1,1,0,0
1203,1,0,1,1,0,0,0,0,1,0,0
1204,0,1,0,1,1,1,0,0,0,0,0
1205,0,1,0,0,0,0,1,1,0,0,1
1206,1,1,0,0,1,0,0,1,1,0,0
1207,0,0,0,1,0,1,1,0,0,0,0
1208,1,1,1,1,0,0,0,1,1,1,0
1209,1,0,1,0,0,1,0,0,1,1,0
1210,1,1,1,0,1,0,0,1,1,1,0
1211,1,1,1,1,0,0,0,1,0,0,0
1212,0,1,1,0,0,0,0,1,1,1,0
1213,1,0,1,1,0,1,1,1,0,0,0
1214,0,1,0,1,0,0,1,0,0,0,1
1215,0,1,1,0,0,1,1,0,1,1,0
1216,1,1,0,0,1,1,0,0,0,1,1
1217,0,0,1,1,1,1,1,0,0,0,0
1218,0,0,1,1,0,1,1,0,1,0,0
1219,0,1,1,0,0,0,1,0,0,0,1
1220,0,0,0,1,0,0,0,1,0,0,1
1221,1,1,0,0,1,1,1,1,0,0,0
1222,0,0,0,0,1,1,0,0,0,0,1
1223,1,1,1,1,0,0,1,1,1,1,0
1224,0,0,1,1,0,0,1,1,0,1,0
1225,0,1,1,0,1,0,1,1,1,0,0
1226,0,1,1,1,1,0,0,0,0,1,0
1227,0,0,0,0,1,1,1,0,1,0,0
1228,0,1,0,1,0,1,0,0,1,0,0
1229,1,0,1,0,1,0,1,1,0,0,0
1230,1,1,0,1,1,0,1,0,0,0,0
1231,0,0,1,0,1,0,0,1,0,0,0
1232,1,0,1,0,1,0,0,0,0,0,1
1233,0,1,1,1,0,1,1,0,1,0,0
1234,0,1,0,1,1,0,0,1,0,0,0
1235,1,0,1,1,0,0,0,1,1,0,0
1236,1,0,0,0,1,0,0,1,0,1,1
1237,1,1,1,1,1,0,0,0,1,1,0
1238,1,0,1,1,0,1,0,0,1,0,0
1239,0,1,0,0,1,1,1,0,0,1,0
1240,1,0,1,1,1,1,1,0,1,0,0
1241,0,1,1,1,0,0,0,0,0,1,1
1242,0,0,0,0,1,0,1,1,1,1,0
1243,1,0,1,1,1,1,0,1,0,1,0
1244,0,0,0,0,0,1,1,0,1,0,0
1245,1,0,1,0,0,0,0,0,1,1,1
1246,1,1,0,0,0,0,1,0,0,1,1
1247,1,0,1,0,1,0,1,0,0,0,0
1248,1,1,0,1,0,0,1,1,0,0,0
1249,0,0,1,0,0,0,0,0,0,0,1
1250,1,1,0,1,0,0,1,1,0,1,0
1251,1,0,1,1,1,0,1,0,0,1,0
1252,0,1,1,1,0,0,0,1,0,1,0
1253,0,0,1,1,1,1,1,1,0,0,0
1254,0,1,0,0,1,1,0,1,0,0,0
1255,1,0,1,0,0,0,0,0,1,0,1
1256,0,0,1,0,0,1,0,0,1,0,0
1257,1,0,0,0,0,0,1,0,0,0,1
1258,1,1,1,1,1,0,0,1,1,0,0
1259,1,0,0,0,1,0,0,1,0,0,1
1260,1,1,0,0,0,0,0,1,1,0,1
1261,0,0,1,1,0,1,0,1,0,1,0
1262,0,1,0,1,1,0,0,1,1,0,0
1263,1,1,1,1,0,0,0,0,1,1,0
1264,0,0,0,1,1,1,1,0,0,0,0
1265,0,0,1,0,1,0,0,0,1,0,0
1266,1,0,0,1,0,1,0,0,1,0,0
1267,0,1,1,0,0,1,1,1,1,0,0
1268,1,1,1,0,1,1,0,1,1,0,0
1269,0,1,1,1,0,0,0,1,1,0,0
1270,0,0,1,0,1,1,1,1,0,0,0
1271,0,1,1,1,1,1,1,1,1,0,0
1272,0,1,0,1,0,0,1,0,0,1,1
1273,1,1,0,0,0,0,1,0,1,1,1
1274,1,1,1,0,0,1,1,0,0,1,0
1275,1,1,0,1,0,1,1,0,1,0,0
1276,0,1,0,0,0,1,1,1,0,0,0
1277,1,0,1,0,0,1,1,0,1,1,0
1278,0,1,0,0,1,1,1,0,1,1,0
1279,0,1,0,0,0,1,0,1,1,1,0
1280,1,0,1,1,0,0,1,1,0,0,0
1281,0,0,1,1,1,1,0,0,1,0,0
1282,0,0,1,0,0,1,1,1,1,0,0
1283,1,1,0,1,0,0,0,1,1,0,0
1284,1,0,1,1,0,0,1,1,0,1,0
1285,0,0,0,1,0,1,1,0,1,1,0
1286,0,1,0,0,1,1,1,1,1,0,0
1287,0,0,1,0,1,0,0,1,1,1,0
1288,1,0,1,1,0,1,0,0,0,0,0
1289,1,0,0,0,1,1,1,0,1,1,0
1290,1,1,0,0,0,1,0,1,1,0,0
1291,1,0,1,0,1,1,1,0,0,1,0
1292,1,1,1,0,1,0,1,0,1,0,0
1293,0,1,0,0,0,1,0,1,1,0,0
1294,1,1,0,1,0,0,0,0,1,0,1
1295,0,0,0,0,0,1,1,0,0,1,1
1296,0,0,0,0,0,0,1,0,0,1,1
1297,1,0,0,0,1,1,1,1,1,0,0
1298,1,0,1,1,0,1,0,1,1,1,0
1299,0,0,0,1,0,1,0,1,1,1,0
1300,0,1,1,1,0,1,0,1,1,0,0
1301,1,1,1,1,0,1,0,0,1,1,0
1302,1,1,1,0,0,1,1,0,0,0,0
1303,1,0,1,1,1,1,0,0,0,1,0
1304,0,0,1,1,1,0,1,0,0,1,0
1305,1,0,1,0,0,1,0,1,1,0,0
1306,1,1,0,1,1,0,0,1,0,0,0
1307,1,1,1,0,1,0,0,0,0,0,1
1308,1,1,1,1,1,1,1,1,1,0,0
1309,0,1,1,0,0,0,0,0,0,1,1
1310,0,1,1,1,0,1,1,0,0,0,0
1311,0,0,1,0,1,0,0,0,0,0,1
1312,0,0,1,0,1,1,0,0,1,1,0
1313,1,0,0,1,0,1,1,1,0,1,0
1314,1,0,0,0,1,0,0,0,1,1,1
1315,0,1,1,1,1,0,0,0,1,0,0
1316,1,1,0,0,1,1,1,0,1,1,0
1317,0,0,1,0,1,1,1,0,0,0,0
1318,1,0,1,1,1,1,1,1,1,1,0
1319,0,0,1,0,1,1,1,0,0,1,0
1320,1,1,1,1,1,0,1,1,0,0,0
1321,0,0,0,1,0,0,1,1,1,0,0
1322,0,0,0,1,1,1,0,0,0,1,0
1323,0,1,0,0,1,0,0,1,0,1,1
1324,1,0,1,0,1,0,1,1,1,1,0
