,S1, C1, S2, C2, S3, C3, S4, C4, S5, C5,y
1,1,1,1,7,1,2,1,6,1,5,0
2,4,1,4,7,4,11,4,6,4,3,0
3,1,9,1,5,1,3,1,7,1,4,0
4,2,3,2,7,2,2,2,1,2,13,0
5,1,6,1,11,1,7,1,3,1,1,0
6,1,7,1,2,1,10,1,11,1,9,0
7,2,8,2,6,2,10,2,3,2,2,0
8,4,2,4,7,4,13,4,5,4,3,0
9,4,1,4,6,4,7,4,11,4,10,0
10,1,2,1,7,1,3,1,8,1,11,0
11,1,11,1,4,1,3,1,7,1,9,0
12,2,4,2,12,2,13,2,7,2,5,0
13,3,7,3,9,3,1,3,10,3,8,0
14,3,8,3,5,3,4,3,3,3,11,0
15,3,10,3,1,3,13,3,6,3,4,0
16,3,7,3,13,3,1,3,6,3,8,0
17,3,1,3,7,3,3,3,4,3,6,0
18,1,5,1,12,1,3,1,6,1,2,0
19,1,2,1,1,1,10,1,5,1,9,0
20,3,12,3,2,3,11,3,9,3,5,0
21,2,8,2,12,2,3,2,2,2,9,0
22,4,5,4,12,4,7,4,6,4,1,0
23,2,13,2,5,2,8,2,11,2,2,0
24,1,1,1,9,1,5,1,10,1,13,0
25,1,3,1,1,1,12,1,2,1,9,0
26,3,4,3,5,3,10,3,2,3,8,0
27,3,5,3,1,3,12,3,6,3,8,0
28,1,13,1,10,1,5,1,1,1,11,0
29,1,5,1,6,1,1,1,13,1,11,0
30,3,8,3,11,3,6,3,4,3,9,0
31,3,10,3,2,3,5,3,11,3,3,0
32,1,2,1,5,1,13,1,6,1,1,0
33,4,4,4,11,4,10,4,9,4,1,0
34,4,3,4,9,4,10,4,1,4,7,0
35,3,5,3,1,3,10,3,12,3,4,0
36,2,2,2,12,2,5,2,8,2,6,0
37,4,12,4,4,4,13,4,11,4,3,0
38,1,3,1,9,1,1,1,6,1,4,0
39,2,1,2,12,2,4,2,11,2,5,0
40,3,4,3,2,3,6,3,1,3,10,0
41,1,2,1,11,1,8,1,9,1,7,0
42,3,9,3,5,3,8,3,7,3,12,0
43,3,11,3,2,3,7,3,3,3,4,0
44,4,13,4,5,4,2,4,10,4,3,0
45,1,2,1,8,1,12,1,13,1,6,0
46,2,12,2,6,2,4,2,7,2,8,0
47,1,5,1,8,1,12,1,13,1,2,0
48,3,4,3,9,3,5,3,2,3,11,0
49,3,6,3,13,3,9,3,8,3,1,0
50,2,7,2,6,2,13,2,4,2,9,0
51,2,8,2,11,2,4,2,7,2,1,0
52,3,12,3,4,3,5,3,13,3,10,0
53,2,5,2,6,2,3,2,1,2,13,0
54,4,5,4,4,4,8,4,6,4,7,1
55,3,12,3,5,3,13,3,1,3,2,0
56,2,12,2,10,2,13,2,6,2,8,0
57,4,9,4,13,4,11,4,10,4,2,0
58,1,13,1,5,1,8,1,4,1,6,0
59,3,6,3,8,3,2,3,10,3,5,0
60,2,10,2,12,2,11,2,4,2,13,0
61,4,8,4,10,4,13,4,9,4,5,0
62,4,7,4,13,4,8,4,3,4,6,0
63,2,12,2,10,2,2,2,4,2,6,0
64,3,13,3,2,3,4,3,12,3,1,0
65,1,2,1,9,1,7,1,10,1,8,0
66,4,4,4,2,4,9,4,10,4,3,0
67,1,9,1,13,1,10,1,4,1,8,0
68,3,3,3,5,3,13,3,9,3,8,0
69,4,3,4,5,4,12,4,2,4,11,0
70,2,12,2,2,2,6,2,10,2,7,0
71,3,1,3,13,3,10,3,9,3,2,0
72,4,13,4,12,4,8,4,1,4,9,0
73,4,5,4,9,4,2,4,11,4,10,0
74,1,7,1,9,1,1,1,6,1,13,0
75,2,2,2,4,2,7,2,9,2,13,0
76,3,4,3,1,3,12,3,11,3,13,0
77,4,4,4,7,4,2,4,8,4,9,0
78,3,5,3,6,3,7,3,13,3,3,0
79,2,9,2,1,2,3,2,8,2,7,0
80,2,10,2,7,2,13,2,6,2,4,0
81,3,12,3,11,3,9,3,3,3,6,0
82,1,3,1,4,1,12,1,11,1,1,0
83,4,9,4,4,4,10,4,1,4,11,0
84,1,9,1,4,1,1,1,8,1,13,0
85,3,13,3,1,3,7,3,10,3,5,0
86,2,7,2,13,2,5,2,4,2,6,0
87,4,8,4,4,4,9,4,1,4,7,0
88,3,10,3,11,3,8,3,1,3,5,0
89,4,6,4,3,4,10,4,8,4,7,0
90,2,1,2,10,2,7,2,11,2,4,0
91,3,4,3,13,3,2,3,7,3,3,0
92,3,2,3,11,3,4,3,13,3,5,0
93,4,5,4,2,4,3,4,1,4,13,0
94,3,9,3,1,3,13,3,10,3,5,0
95,2,11,2,6,2,4,2,13,2,8,0
96,2,4,2,7,2,10,2,5,2,1,0
97,3,8,3,12,3,11,3,13,3,6,0
98,3,11,3,1,3,12,3,5,3,9,0
99,4,2,4,10,4,4,4,12,4,13,0
100,2,11,2,6,2,4,2,3,2,5,0
101,3,10,3,12,3,3,3,2,3,6,0
102,3,13,3,5,3,12,3,4,3,11,0
103,2,5,2,13,2,3,2,4,2,7,0
104,4,12,4,8,4,4,4,1,4,11,0
105,2,6,2,13,2,2,2,9,2,12,0
106,4,12,4,1,4,13,4,11,4,10,1
107,4,9,4,3,4,13,4,2,4,1,0
108,2,7,2,8,2,6,2,2,2,13,0
109,2,11,2,1,2,8,2,2,2,7,0
110,4,9,4,8,4,4,4,5,4,2,0
111,2,10,2,9,2,13,2,1,2,8,0
112,3,4,3,8,3,5,3,13,3,1,0
113,1,7,1,5,1,12,1,1,1,11,0
114,3,5,3,7,3,3,3,9,3,12,0
115,3,13,3,1,3,4,3,9,3,8,0
116,4,6,4,10,4,12,4,5,4,2,0
117,3,6,3,4,3,7,3,1,3,13,0
118,3,3,3,4,3,7,3,6,3,8,0
119,2,13,2,11,2,10,2,9,2,4,0
120,3,4,3,9,3,11,3,10,3,8,0
121,3,2,3,1,3,10,3,7,3,6,0
122,4,5,4,10,4,2,4,12,4,4,0
123,2,2,2,1,2,12,2,11,2,13,0
124,2,1,2,8,2,2,2,4,2,3,0
125,3,10,3,9,3,7,3,1,3,12,0
126,2,10,2,2,2,7,2,1,2,4,0
127,3,5,3,7,3,2,3,12,3,3,0
128,2,2,2,7,2,12,2,4,2,10,0
129,2,7,2,4,2,5,2,6,2,2,0
130,4,1,4,4,4,5,4,13,4,12,0
131,3,1,3,2,3,11,3,9,3,4,0
132,4,13,4,12,4,7,4,5,4,3,0
133,4,4,4,10,4,8,4,7,4,11,0
134,1,3,1,8,1,5,1,13,1,1,0
135,2,6,2,12,2,4,2,13,2,1,0
136,4,7,4,8,4,12,4,1,4,6,0
137,4,6,4,12,4,2,4,8,4,13,0
138,1,9,1,4,1,11,1,7,1,13,0
139,3,11,3,10,3,3,3,12,3,13,0
140,4,7,4,4,4,13,4,8,4,5,0
141,2,13,2,12,2,8,2,6,2,4,0
142,2,8,2,12,2,10,2,4,2,5,0
143,4,4,4,3,4,5,4,7,4,8,0
144,1,8,1,9,1,13,1,12,1,1,0
145,3,9,3,11,3,13,3,3,3,10,0
146,2,13,2,1,2,2,2,6,2,10,0
147,3,4,3,6,3,10,3,9,3,5,0
148,4,13,4,8,4,11,4,3,4,10,0
149,4,9,4,6,4,12,4,4,4,8,0
150,3,5,3,4,3,1,3,10,3,9,0
151,2,8,2,1,2,6,2,2,2,5,0
152,2,11,2,9,2,5,2,10,2,1,0
153,3,5,3,13,3,10,3,7,3,6,0
154,3,5,3,4,3,13,3,11,3,7,0
155,4,11,4,2,4,13,4,1,4,4,0
156,3,1,3,2,3,6,3,13,3,5,0
157,4,6,4,2,4,7,4,5,4,3,0
158,3,1,3,12,3,4,3,10,3,11,0
159,3,2,3,13,3,5,3,12,3,11,0
160,1,13,1,11,1,8,1,10,1,2,0
161,1,12,1,2,1,5,1,7,1,11,0
162,3,1,3,3,3,9,3,13,3,12,0
163,1,9,1,12,1,10,1,6,1,1,0
164,2,13,2,5,2,4,2,2,2,8,0
165,3,1,3,13,3,6,3,3,3,10,0
166,3,6,3,12,3,3,3,11,3,10,0
167,4,9,4,10,4,6,4,5,4,8,0
168,3,5,3,10,3,8,3,13,3,1,0
169,1,7,1,8,1,9,1,12,1,11,0
170,3,10,3,2,3,1,3,5,3,7,0
171,4,13,4,12,4,4,4,9,4,11,0
172,4,12,4,9,4,2,4,13,4,8,0
173,2,8,2,6,2,9,2,5,2,11,0
174,1,11,1,6,1,7,1,8,1,13,0
175,2,3,2,8,2,5,2,2,2,1,0
176,4,8,4,9,4,11,4,13,4,7,0
177,1,7,1,10,1,5,1,1,1,13,0
178,3,4,3,9,3,13,3,8,3,6,0
179,4,7,4,2,4,9,4,3,4,6,0
180,2,6,2,9,2,4,2,8,2,3,0
181,1,6,1,7,1,10,1,12,1,3,0
182,1,3,1,4,1,9,1,11,1,10,0
183,2,7,2,11,2,3,2,13,2,4,0
184,2,5,2,10,2,9,2,4,2,6,0
185,1,13,1,3,1,10,1,6,1,7,0
186,4,2,4,9,4,13,4,5,4,3,0
187,4,5,4,9,4,4,4,6,4,1,0
188,3,4,3,12,3,10,3,3,3,13,0
189,1,11,1,2,1,12,1,6,1,4,0
190,4,8,4,11,4,4,4,10,4,1,0
191,4,13,4,11,4,5,4,2,4,9,0
192,2,11,2,12,2,10,2,9,2,3,0
193,2,8,2,11,2,9,2,4,2,3,0
194,1,11,1,1,1,3,1,12,1,10,0
195,3,13,3,2,3,1,3,7,3,12,0
196,2,12,2,9,2,10,2,1,2,4,0
197,3,9,3,1,3,8,3,7,3,5,0
198,2,4,2,7,2,10,2,12,2,3,0
199,2,5,2,10,2,2,2,7,2,11,0
200,3,5,3,2,3,13,3,3,3,6,0
201,1,3,1,13,1,9,1,10,1,8,0
202,3,1,3,2,3,9,3,8,3,7,0
203,1,6,1,5,1,10,1,4,1,1,0
204,1,9,1,6,1,13,1,10,1,1,0
205,4,7,4,6,4,2,4,13,4,9,0
206,2,5,2,13,2,10,2,11,2,4,0
207,2,11,2,2,2,5,2,9,2,1,0
208,1,7,1,5,1,9,1,12,1,13,0
209,4,2,4,4,4,5,4,3,4,13,0
210,1,8,1,12,1,3,1,6,1,4,0
211,2,10,2,4,2,2,2,5,2,7,0
212,1,11,1,1,1,12,1,3,1,4,0
213,2,11,2,12,2,2,2,1,2,9,0
214,3,2,3,4,3,3,3,9,3,10,0
215,1,4,1,5,1,12,1,6,1,10,0
216,2,10,2,11,2,2,2,5,2,1,0
217,1,2,1,9,1,7,1,10,1,12,0
218,4,9,4,8,4,12,4,3,4,10,0
219,4,10,4,3,4,5,4,9,4,8,0
220,4,12,4,3,4,13,4,11,4,6,0
221,3,11,3,13,3,2,3,7,3,3,0
222,4,12,4,3,4,13,4,10,4,7,0
223,3,3,3,8,3,4,3,11,3,10,0
224,4,6,4,13,4,5,4,12,4,8,0
225,4,7,4,13,4,11,4,10,4,2,0
226,3,8,3,2,3,4,3,1,3,7,0
227,3,9,3,10,3,1,3,2,3,4,0
228,3,10,3,1,3,11,3,4,3,9,0
229,4,12,4,2,4,11,4,1,4,9,0
230,1,10,1,12,1,8,1,3,1,7,0
231,4,1,4,11,4,2,4,10,4,9,0
232,3,11,3,5,3,6,3,2,3,13,0
233,1,8,1,1,1,2,1,12,1,5,0
234,1,10,1,8,1,13,1,12,1,11,0
235,3,3,3,7,3,13,3,2,3,12,0
236,4,13,4,1,4,4,4,2,4,3,0
237,4,7,4,8,4,10,4,11,4,13,0
238,4,4,4,2,4,12,4,9,4,3,0
239,2,10,2,4,2,2,2,5,2,8,0
240,4,2,4,11,4,4,4,9,4,7,0
241,1,11,1,7,1,10,1,13,1,8,0
242,4,11,4,8,4,9,4,3,4,1,0
243,3,3,3,11,3,12,3,6,3,5,0
244,4,2,4,8,4,3,4,7,4,5,0
245,4,13,4,7,4,6,4,9,4,2,0
246,1,12,1,7,1,3,1,5,1,2,0
247,3,13,3,8,3,7,3,6,3,10,0
248,1,3,1,11,1,2,1,7,1,13,0
249,3,11,3,5,3,4,3,2,3,8,0
250,2,11,2,4,2,3,2,13,2,7,0
251,2,12,2,11,2,10,2,13,2,2,0
252,3,4,3,5,3,6,3,1,3,9,0
253,2,10,2,11,2,9,2,7,2,8,1
254,3,4,3,1,3,8,3,11,3,13,0
255,4,6,4,2,4,13,4,7,4,3,0
256,2,1,2,5,2,3,2,8,2,13,0
257,4,6,4,9,4,7,4,4,4,3,0
258,3,8,3,12,3,6,3,2,3,11,0
259,1,11,1,1,1,12,1,9,1,13,0
260,3,5,3,11,3,7,3,2,3,1,0
261,1,6,1,1,1,4,1,10,1,3,0
262,1,5,1,4,1,12,1,11,1,8,0
263,4,4,4,10,4,5,4,7,4,11,0
264,3,7,3,3,3,10,3,1,3,13,0
265,2,9,2,8,2,1,2,2,2,13,0
266,3,12,3,6,3,11,3,9,3,3,0
267,3,6,3,13,3,12,3,8,3,5,0
268,1,2,1,11,1,3,1,13,1,10,0
269,4,13,4,9,4,11,4,8,4,4,0
270,2,4,2,9,2,7,2,8,2,11,0
271,3,6,3,10,3,8,3,11,3,1,0
272,1,8,1,10,1,11,1,4,1,3,0
273,4,12,4,8,4,3,4,11,4,9,0
274,2,8,2,10,2,9,2,1,2,11,0
275,4,7,4,12,4,5,4,11,4,3,0
276,3,1,3,13,3,6,3,8,3,12,0
277,4,12,4,3,4,11,4,2,4,8,0
278,2,11,2,8,2,5,2,10,2,4,0
279,4,9,4,1,4,12,4,4,4,10,0
280,1,10,1,13,1,3,1,5,1,6,0
281,2,5,2,13,2,7,2,12,2,10,0
282,4,12,4,11,4,1,4,4,4,9,0
283,4,1,4,13,4,11,4,9,4,5,0
284,2,6,2,8,2,10,2,1,2,11,0
285,3,6,3,13,3,9,3,1,3,3,0
286,3,5,3,9,3,3,3,2,3,6,0
287,2,3,2,5,2,4,2,8,2,11,0
288,1,11,1,8,1,3,1,9,1,2,0
289,4,6,4,12,4,5,4,13,4,1,0
290,2,1,2,9,2,13,2,6,2,4,0
291,2,2,2,4,2,13,2,9,2,1,0
292,4,5,4,10,4,8,4,4,4,12,0
293,3,3,3,7,3,5,3,9,3,6,0
294,3,1,3,13,3,10,3,2,3,6,0
295,4,1,4,5,4,7,4,3,4,4,0
296,2,4,2,1,2,11,2,9,2,3,0
297,4,7,4,12,4,5,4,1,4,8,0
298,1,8,1,9,1,5,1,11,1,12,0
299,3,1,3,4,3,7,3,5,3,3,0
300,4,9,4,12,4,1,4,6,4,2,0
301,3,13,3,10,3,3,3,5,3,12,0
302,3,12,3,13,3,10,3,2,3,5,0
303,2,6,2,9,2,10,2,1,2,13,0
304,4,13,4,1,4,7,4,9,4,5,0
305,1,11,1,2,1,12,1,10,1,13,0
306,1,5,1,4,1,6,1,12,1,7,0
307,2,10,2,8,2,7,2,13,2,4,0
308,3,11,3,10,3,6,3,13,3,2,0
309,1,13,1,10,1,12,1,7,1,4,0
310,3,7,3,12,3,4,3,8,3,3,0
311,4,2,4,8,4,4,4,5,4,13,0
312,1,13,1,7,1,6,1,8,1,9,0
313,3,1,3,11,3,2,3,6,3,7,0
314,1,13,1,5,1,12,1,1,1,4,0
315,4,1,4,3,4,5,4,9,4,2,0
316,3,7,3,11,3,8,3,1,3,2,0
317,1,10,1,8,1,9,1,5,1,1,0
318,2,5,2,4,2,8,2,9,2,7,0
319,1,9,1,5,1,3,1,8,1,12,0
320,2,3,2,10,2,12,2,6,2,9,0
321,2,10,2,13,2,7,2,4,2,1,0
322,1,3,1,6,1,7,1,10,1,4,0
323,1,1,1,12,1,13,1,5,1,7,0
324,1,3,1,4,1,7,1,12,1,2,0
325,1,6,1,13,1,11,1,1,1,2,0
326,4,9,4,1,4,4,4,2,4,7,0
327,2,13,2,2,2,8,2,9,2,5,0
328,1,4,1,11,1,13,1,9,1,2,0
329,1,7,1,4,1,11,1,6,1,5,0
330,1,4,1,1,1,10,1,11,1,7,0
331,2,1,2,6,2,5,2,11,2,10,0
332,2,2,2,4,2,6,2,13,2,9,0
333,4,11,4,9,4,7,4,5,4,1,0
334,2,8,2,4,2,7,2,11,2,3,0
335,4,9,4,13,4,12,4,1,4,3,0
336,2,9,2,8,2,5,2,1,2,4,0
337,2,6,2,13,2,8,2,12,2,11,0
338,1,13,1,2,1,6,1,10,1,8,0
339,2,11,2,7,2,6,2,13,2,4,0
340,3,8,3,5,3,10,3,6,3,11,0
341,4,12,4,1,4,6,4,5,4,2,0
342,3,8,3,4,3,7,3,13,3,5,0
343,3,3,3,9,3,10,3,13,3,1,0
344,2,5,2,9,2,12,2,2,2,10,0
345,2,8,2,11,2,5,2,10,2,9,0
346,2,11,2,10,2,12,2,2,2,3,0
347,3,2,3,13,3,12,3,6,3,1,0
348,1,5,1,10,1,8,1,3,1,1,0
349,4,3,4,6,4,12,4,4,4,1,0
350,4,2,4,1,4,10,4,5,4,12,0
351,4,4,4,9,4,7,4,2,4,1,0
352,3,6,3,8,3,2,3,9,3,11,0
353,1,2,1,7,1,1,1,11,1,3,0
354,4,12,4,13,4,1,4,10,4,8,0
355,4,4,4,7,4,1,4,5,4,3,0
356,2,8,2,9,2,12,2,11,2,5,0
357,4,12,4,5,4,10,4,9,4,7,0
358,3,4,3,13,3,6,3,1,3,3,0
359,3,1,3,12,3,5,3,9,3,3,0
360,2,9,2,4,2,12,2,10,2,13,0
361,3,9,3,11,3,5,3,3,3,7,0
362,3,8,3,11,3,1,3,4,3,10,0
363,3,1,3,10,3,2,3,5,3,11,0
364,2,2,2,6,2,5,2,13,2,10,0
365,3,8,3,2,3,10,3,9,3,1,0
366,4,4,4,13,4,2,4,6,4,8,0
367,2,3,2,13,2,7,2,11,2,1,0
368,3,10,3,3,3,12,3,9,3,7,0
369,2,6,2,8,2,12,2,13,2,10,0
370,3,10,3,6,3,8,3,2,3,11,0
371,4,1,4,2,4,6,4,4,4,11,0
372,3,4,3,7,3,10,3,6,3,13,0
373,4,10,4,5,4,2,4,8,4,1,0
374,1,12,1,4,1,10,1,13,1,2,0
375,2,1,2,12,2,7,2,3,2,11,0
376,2,8,2,3,2,2,2,7,2,5,0
377,1,13,1,2,1,3,1,5,1,10,0
378,2,8,2,1,2,12,2,13,2,6,0
379,2,8,2,13,2,9,2,2,2,12,0
380,3,10,3,9,3,11,3,5,3,13,0
381,3,10,3,12,3,11,3,7,3,1,0
382,4,3,4,10,4,12,4,2,4,9,0
383,3,4,3,5,3,3,3,1,3,2,1
384,3,7,3,4,3,9,3,6,3,10,0
385,3,8,3,4,3,2,3,12,3,6,0
386,4,10,4,12,4,11,4,5,4,4,0
387,3,7,3,11,3,6,3,1,3,13,0
388,1,1,1,3,1,12,1,5,1,8,0
389,4,11,4,2,4,4,4,9,4,12,0
390,2,5,2,10,2,9,2,7,2,11,0
391,3,6,3,2,3,10,3,9,3,1,0
392,3,3,3,13,3,6,3,10,3,11,0
393,3,6,3,2,3,1,3,12,3,3,0
394,1,6,1,13,1,10,1,12,1,5,0
395,2,5,2,2,2,1,2,12,2,6,0
396,3,2,3,4,3,6,3,11,3,10,0
397,2,8,2,2,2,3,2,11,2,6,0
398,4,2,4,11,4,6,4,5,4,7,0
399,3,13,3,11,3,1,3,8,3,12,0
400,3,3,3,12,3,2,3,5,3,9,0
401,2,3,2,7,2,9,2,11,2,8,0
402,3,9,3,13,3,2,3,11,3,8,0
403,2,11,2,4,2,10,2,2,2,7,0
404,1,13,1,8,1,5,1,10,1,4,0
405,2,12,2,13,2,8,2,3,2,1,0
406,3,4,3,7,3,12,3,10,3,2,0
407,1,1,1,12,1,11,1,3,1,4,0
408,3,6,3,9,3,5,3,8,3,12,0
409,3,1,3,11,3,10,3,9,3,12,0
410,3,1,3,4,3,12,3,6,3,11,0
411,1,6,1,5,1,12,1,8,1,11,0
412,4,5,4,2,4,12,4,11,4,13,0
413,1,9,1,4,1,10,1,7,1,3,0
414,2,4,2,6,2,1,2,5,2,12,0
415,1,9,1,7,1,10,1,6,1,4,0
416,3,3,3,9,3,1,3,8,3,13,0
417,2,1,2,12,2,10,2,9,2,13,0
418,4,11,4,4,4,13,4,9,4,5,0
419,3,5,3,12,3,10,3,7,3,1,0
420,2,7,2,1,2,5,2,11,2,12,0
421,4,10,4,2,4,13,4,12,4,3,0
422,3,7,3,13,3,1,3,3,3,11,0
423,4,1,4,8,4,13,4,2,4,3,0
424,1,12,1,2,1,11,1,1,1,7,0
425,1,12,1,9,1,7,1,8,1,4,0
426,3,7,3,5,3,11,3,6,3,9,0
427,1,11,1,3,1,6,1,12,1,5,0
428,2,1,2,2,2,11,2,5,2,4,0
429,3,5,3,6,3,10,3,4,3,13,0
430,2,12,2,4,2,10,2,7,2,11,0
431,2,8,2,9,2,4,2,12,2,1,0
432,1,5,1,3,1,1,1,8,1,4,0
433,1,9,1,10,1,1,1,13,1,5,0
434,4,9,4,10,4,8,4,2,4,5,0
435,3,7,3,4,3,13,3,12,3,5,0
436,3,7,3,5,3,11,3,2,3,10,0
437,4,2,4,6,4,1,4,4,4,8,0
438,1,5,1,8,1,2,1,9,1,4,0
439,1,12,1,2,1,7,1,5,1,9,0
440,4,2,4,9,4,1,4,3,4,12,0
441,2,8,2,4,2,10,2,2,2,6,0
442,2,11,2,3,2,4,2,5,2,9,0
443,2,3,2,5,2,2,2,8,2,10,0
444,2,6,2,12,2,9,2,10,2,8,0
445,1,4,1,1,1,9,1,10,1,2,0
446,3,2,3,8,3,4,3,12,3,9,0
447,3,6,3,3,3,5,3,13,3,4,0
448,4,1,4,10,4,3,4,12,4,4,0
449,3,4,3,6,3,9,3,10,3,7,0
450,2,8,2,2,2,7,2,9,2,6,0
451,1,11,1,3,1,9,1,2,1,5,0
452,1,11,1,7,1,10,1,4,1,9,0
453,4,3,4,8,4,2,4,9,4,7,0
454,1,9,1,1,1,8,1,3,1,4,0
455,3,5,3,1,3,4,3,12,3,9,0
456,4,4,4,10,4,11,4,9,4,12,0
457,4,10,4,7,4,12,4,8,4,9,0
458,4,11,4,3,4,7,4,5,4,13,0
459,4,11,4,2,4,4,4,6,4,7,0
460,3,7,3,4,3,6,3,5,3,2,0
461,3,8,3,7,3,12,3,2,3,9,0
462,1,6,1,3,1,8,1,11,1,2,0
463,2,5,2,9,2,3,2,4,2,1,0
464,2,4,2,1,2,5,2,6,2,7,0
465,3,12,3,4,3,5,3,2,3,11,0
466,3,10,3,2,3,12,3,7,3,3,0
467,2,13,2,3,2,6,2,5,2,8,0
468,2,2,2,4,2,10,2,9,2,7,0
469,1,7,1,9,1,4,1,11,1,13,0
470,2,3,2,9,2,8,2,11,2,13,0
471,1,9,1,8,1,7,1,4,1,6,0
472,3,12,3,6,3,1,3,5,3,3,0
473,1,5,1,7,1,11,1,3,1,12,0
474,4,7,4,1,4,6,4,10,4,5,0
475,4,2,4,3,4,7,4,12,4,4,0
476,2,12,2,5,2,6,2,10,2,2,0
477,4,4,4,6,4,3,4,11,4,10,0
478,2,4,2,5,2,8,2,1,2,10,0
479,2,9,2,6,2,5,2,10,2,3,0
480,4,13,4,4,4,9,4,2,4,10,0
481,2,10,2,8,2,5,2,1,2,6,0
482,3,10,3,12,3,1,3,4,3,7,0
483,4,3,4,10,4,12,4,2,4,9,0
484,1,6,1,8,1,3,1,2,1,4,0
485,3,8,3,5,3,2,3,12,3,7,0
486,2,12,2,10,2,4,2,7,2,3,0
487,4,13,4,6,4,11,4,12,4,2,0
488,3,9,3,12,3,10,3,11,3,1,0
489,4,1,4,9,4,12,4,3,4,11,0
490,4,8,4,5,4,10,4,6,4,3,0
491,3,11,3,3,3,5,3,8,3,10,0
492,2,12,2,7,2,3,2,9,2,11,0
493,4,9,4,1,4,8,4,4,4,10,0
494,3,2,3,3,3,4,3,10,3,1,0
495,4,2,4,7,4,12,4,1,4,9,0
496,4,1,4,12,4,7,4,3,4,13,0
497,1,5,1,7,1,6,1,2,1,12,0
498,3,12,3,6,3,11,3,10,3,3,0
499,3,3,3,1,3,6,3,9,3,7,0
500,1,12,1,5,1,6,1,13,1,9,0
501,1,11,1,3,1,6,1,1,1,2,0
502,1,3,1,2,1,13,1,9,1,5,0
503,3,11,3,4,3,12,3,1,3,7,0
504,2,9,2,6,2,12,2,10,2,1,0
505,4,12,4,8,4,1,4,11,4,4,0
506,1,9,1,12,1,13,1,7,1,8,0
507,2,4,2,11,2,10,2,6,2,8,0
508,2,8,2,4,2,1,2,6,2,9,0
509,1,10,1,1,1,9,1,2,1,3,0
510,1,5,1,9,1,10,1,2,1,8,0
511,1,5,1,10,1,13,1,9,1,11,0
512,2,7,2,13,2,9,2,4,2,6,0
513,2,9,2,11,2,7,2,3,2,2,0
514,1,13,1,5,1,2,1,12,1,9,0
515,4,10,4,9,4,8,4,5,4,4,0
516,2,9,2,2,2,6,2,1,2,11,0
517,4,9,4,10,4,12,4,2,4,11,0
518,1,6,1,10,1,7,1,11,1,13,0
519,2,11,2,5,2,6,2,1,2,4,0
520,3,7,3,8,3,11,3,1,3,13,0
521,3,6,3,12,3,3,3,7,3,4,0
522,2,6,2,13,2,11,2,3,2,1,0
523,2,2,2,1,2,4,2,6,2,11,0
524,1,7,1,2,1,3,1,5,1,4,0
525,1,12,1,11,1,8,1,4,1,10,0
526,4,7,4,13,4,4,4,5,4,1,0
527,3,4,3,2,3,7,3,10,3,3,0
528,3,3,3,13,3,9,3,1,3,12,0
529,2,6,2,10,2,9,2,1,2,2,0
530,3,6,3,13,3,11,3,1,3,8,0
531,1,4,1,8,1,13,1,2,1,3,0
532,2,7,2,11,2,8,2,6,2,5,0
533,2,10,2,8,2,1,2,6,2,11,0
534,1,12,1,13,1,5,1,11,1,1,0
535,4,13,4,7,4,8,4,12,4,2,0
536,4,8,4,9,4,3,4,12,4,7,0
537,3,12,3,10,3,8,3,6,3,5,0
538,2,12,2,4,2,13,2,9,2,5,0
539,2,8,2,3,2,6,2,12,2,2,0
540,1,4,1,8,1,13,1,5,1,1,0
541,3,1,3,10,3,2,3,9,3,5,0
542,2,12,2,9,2,13,2,2,2,5,0
543,2,13,2,3,2,10,2,5,2,8,0
544,1,9,1,11,1,12,1,2,1,3,0
545,2,2,2,11,2,13,2,9,2,7,0
546,2,5,2,1,2,12,2,8,2,9,0
547,2,8,2,13,2,7,2,10,2,11,0
548,3,9,3,4,3,8,3,6,3,7,0
549,4,5,4,12,4,13,4,4,4,8,0
550,3,13,3,10,3,11,3,6,3,1,0
551,1,6,1,12,1,10,1,9,1,2,0
552,2,7,2,6,2,4,2,5,2,8,1
553,3,1,3,5,3,13,3,12,3,3,0
554,2,13,2,3,2,1,2,11,2,7,0
555,2,11,2,12,2,4,2,2,2,7,0
556,2,13,2,10,2,7,2,9,2,4,0
557,1,1,1,7,1,6,1,4,1,11,0
558,2,5,2,12,2,13,2,10,2,4,0
559,4,8,4,9,4,11,4,1,4,12,0
560,3,3,3,1,3,6,3,9,3,10,0
561,2,3,2,7,2,11,2,4,2,1,0
562,2,13,2,10,2,4,2,8,2,11,0
563,2,6,2,13,2,2,2,12,2,11,0
564,2,2,2,3,2,4,2,11,2,9,0
565,1,4,1,1,1,2,1,3,1,6,0
566,3,7,3,12,3,1,3,10,3,13,0
567,1,7,1,8,1,13,1,9,1,3,0
568,1,7,1,3,1,12,1,5,1,10,0
569,2,7,2,9,2,11,2,1,2,13,0
570,1,5,1,12,1,8,1,13,1,3,0
571,2,13,2,8,2,3,2,12,2,9,0
572,3,11,3,10,3,3,3,5,3,13,0
573,3,9,3,12,3,7,3,4,3,1,0
574,3,4,3,2,3,1,3,13,3,9,0
575,1,10,1,5,1,1,1,11,1,13,0
576,2,4,2,12,2,2,2,10,2,11,0
577,3,9,3,11,3,3,3,8,3,12,0
578,2,10,2,11,2,13,2,1,2,12,1
579,2,9,2,8,2,11,2,13,2,5,0
580,1,11,1,3,1,12,1,9,1,10,0
581,4,8,4,7,4,1,4,10,4,2,0
582,1,2,1,13,1,10,1,3,1,4,0
583,1,8,1,9,1,5,1,2,1,10,0
584,3,6,3,1,3,7,3,9,3,11,0
585,2,13,2,8,2,7,2,9,2,5,0
586,1,10,1,12,1,3,1,6,1,1,0
587,4,3,4,10,4,11,4,5,4,2,0
588,4,5,4,11,4,7,4,6,4,2,0
589,4,5,4,2,4,12,4,11,4,7,0
590,4,13,4,7,4,12,4,1,4,8,0
591,2,8,2,4,2,2,2,6,2,9,0
592,3,8,3,3,3,7,3,9,3,12,0
593,3,7,3,11,3,2,3,13,3,1,0
594,4,13,4,9,4,8,4,4,4,2,0
595,3,2,3,4,3,1,3,5,3,8,0
596,3,6,3,13,3,5,3,1,3,4,0
597,3,1,3,10,3,3,3,12,3,9,0
598,1,11,1,13,1,10,1,2,1,1,0
599,3,1,3,5,3,9,3,7,3,2,0
600,2,10,2,8,2,11,2,12,2,5,0
601,3,11,3,4,3,10,3,2,3,8,0
602,2,7,2,8,2,3,2,13,2,12,0
603,2,7,2,5,2,8,2,10,2,12,0
604,4,2,4,3,4,5,4,7,4,13,0
605,2,5,2,10,2,12,2,1,2,6,0
606,4,13,4,6,4,8,4,5,4,10,0
607,2,4,2,13,2,6,2,10,2,12,0
608,2,10,2,1,2,3,2,12,2,6,0
609,2,1,2,12,2,4,2,13,2,7,0
610,1,12,1,1,1,7,1,11,1,3,0
611,3,12,3,11,3,1,3,13,3,4,0
612,3,10,3,5,3,7,3,13,3,12,0
613,4,12,4,10,4,2,4,6,4,1,0
614,4,7,4,2,4,10,4,12,4,1,0
615,3,6,3,5,3,12,3,3,3,1,0
616,1,2,1,12,1,1,1,8,1,10,0
617,1,1,1,13,1,3,1,10,1,5,0
618,1,12,1,13,1,3,1,10,1,1,0
619,4,6,4,9,4,2,4,8,4,1,0
620,4,13,4,11,4,4,4,5,4,2,0
621,2,9,2,3,2,13,2,12,2,4,0
622,4,7,4,5,4,8,4,4,4,13,0
623,4,6,4,1,4,8,4,2,4,4,0
624,1,10,1,12,1,8,1,5,1,1,0
625,4,9,4,8,4,1,4,4,4,3,0
626,4,4,4,2,4,7,4,5,4,12,0
627,1,2,1,10,1,11,1,8,1,7,0
628,4,10,4,12,4,2,4,1,4,3,0
629,4,10,4,4,4,1,4,9,4,11,0
630,4,12,4,6,4,5,4,4,4,9,0
631,3,7,3,5,3,3,3,11,3,1,0
632,2,5,2,8,2,10,2,3,2,4,0
633,2,1,2,2,2,8,2,12,2,13,0
634,2,12,2,7,2,6,2,2,2,13,0
635,2,6,2,9,2,4,2,7,2,11,0
636,3,1,3,5,3,8,3,3,3,6,0
637,3,4,3,2,3,7,3,8,3,9,0
638,2,1,2,3,2,5,2,7,2,4,0
639,1,10,1,4,1,7,1,3,1,2,0
640,4,9,4,5,4,13,4,7,4,8,0
641,2,4,2,5,2,8,2,9,2,11,0
642,2,6,2,2,2,3,2,5,2,8,0
643,2,10,2,7,2,5,2,12,2,3,0
644,1,5,1,13,1,1,1,12,1,9,0
645,4,10,4,6,4,3,4,12,4,11,0
646,4,12,4,10,4,5,4,13,4,2,0
647,3,6,3,10,3,12,3,2,3,1,0
648,3,11,3,2,3,1,3,9,3,13,0
649,3,3,3,5,3,1,3,8,3,12,0
650,4,8,4,9,4,11,4,3,4,5,0
651,1,1,1,8,1,13,1,9,1,5,0
652,4,3,4,8,4,1,4,7,4,10,0
653,2,2,2,6,2,10,2,1,2,3,0
654,4,10,4,13,4,6,4,12,4,4,0
655,3,1,3,9,3,4,3,3,3,13,0
656,4,4,4,2,4,12,4,8,4,1,0
657,4,2,4,10,4,5,4,1,4,6,0
658,2,11,2,2,2,10,2,4,2,1,0
659,2,13,2,11,2,9,2,2,2,7,0
660,4,1,4,11,4,6,4,3,4,5,0
661,1,13,1,3,1,5,1,6,1,1,0
662,4,9,4,3,4,4,4,1,4,8,0
663,4,8,4,10,4,6,4,13,4,12,0
664,4,12,4,6,4,8,4,1,4,5,0
665,4,9,4,8,4,13,4,1,4,2,0
666,1,6,1,3,1,2,1,8,1,10,0
667,1,12,1,5,1,10,1,6,1,2,0
668,1,9,1,12,1,10,1,6,1,13,0
669,4,6,4,3,4,7,4,12,4,2,0
670,1,11,1,6,1,10,1,5,1,7,0
671,3,1,3,2,3,3,3,7,3,9,0
672,4,11,4,5,4,2,4,12,4,10,0
673,4,5,4,1,4,3,4,10,4,11,0
674,4,4,4,7,4,11,4,9,4,10,0
675,3,5,3,9,3,6,3,12,3,13,0
676,3,12,3,2,3,3,3,10,3,11,0
677,4,6,4,3,4,10,4,4,4,11,0
678,2,2,2,9,2,12,2,4,2,8,0
679,4,6,4,12,4,4,4,9,4,3,0
680,3,13,3,2,3,12,3,4,3,9,0
681,2,6,2,8,2,1,2,13,2,10,0
682,2,11,2,2,2,13,2,12,2,5,0
683,1,13,1,12,1,3,1,8,1,4,0
684,1,2,1,6,1,8,1,12,1,1,0
685,4,7,4,3,4,10,4,2,4,8,0
686,4,1,4,5,4,7,4,11,4,6,0
687,2,9,2,12,2,13,2,5,2,7,0
688,4,2,4,8,4,11,4,9,4,4,0
689,1,4,1,5,1,2,1,13,1,9,0
690,4,1,4,7,4,9,4,11,4,10,0
691,3,6,3,8,3,12,3,2,3,9,0
692,3,5,3,11,3,7,3,2,3,6,0
693,2,9,2,10,2,4,2,5,2,7,0
694,3,13,3,3,3,9,3,4,3,2,0
695,1,3,1,12,1,4,1,8,1,9,0
696,3,2,3,11,3,10,3,5,3,12,0
697,2,6,2,7,2,10,2,11,2,5,0
698,4,4,4,6,4,3,4,2,4,8,0
699,3,13,3,5,3,10,3,9,3,11,0
700,3,9,3,3,3,2,3,7,3,8,0
701,3,2,3,7,3,5,3,3,3,8,0
702,1,9,1,13,1,2,1,11,1,1,0
703,4,6,4,9,4,2,4,13,4,7,0
704,4,12,4,11,4,1,4,5,4,3,0
705,3,3,3,6,3,5,3,9,3,7,0
706,1,10,1,11,1,5,1,4,1,3,0
707,1,8,1,13,1,10,1,3,1,12,0
708,1,4,1,7,1,12,1,9,1,3,0
709,2,12,2,8,2,13,2,3,2,6,0
710,2,9,2,3,2,11,2,10,2,4,0
711,4,12,4,2,4,8,4,3,4,4,0
712,1,2,1,7,1,13,1,3,1,12,0
713,3,9,3,6,3,1,3,3,3,4,0
714,2,9,2,1,2,8,2,11,2,7,0
715,4,6,4,2,4,13,4,12,4,8,0
716,2,5,2,11,2,1,2,12,2,4,0
717,1,4,1,6,1,7,1,8,1,3,0
718,3,2,3,4,3,5,3,8,3,7,0
719,4,2,4,6,4,10,4,13,4,9,0
720,1,10,1,4,1,3,1,11,1,7,0
721,4,8,4,13,4,11,4,6,4,7,0
722,2,7,2,1,2,3,2,2,2,9,0
723,1,4,1,5,1,1,1,11,1,8,0
724,3,10,3,7,3,3,3,13,3,8,0
725,2,7,2,13,2,3,2,11,2,12,0
726,4,11,4,3,4,10,4,7,4,1,0
727,4,10,4,9,4,5,4,6,4,8,0
728,1,13,1,4,1,2,1,5,1,1,0
729,1,7,1,6,1,12,1,1,1,4,0
730,1,8,1,10,1,11,1,2,1,4,0
731,2,13,2,4,2,11,2,8,2,3,0
732,1,4,1,7,1,5,1,9,1,1,0
733,3,11,3,10,3,12,3,1,3,2,0
734,4,12,4,7,4,13,4,3,4,5,0
735,4,11,4,12,4,2,4,9,4,13,0
736,1,8,1,11,1,9,1,1,1,2,0
737,2,6,2,7,2,13,2,8,2,11,0
738,2,3,2,2,2,13,2,6,2,10,0
739,4,11,4,10,4,1,4,6,4,9,0
740,1,9,1,1,1,11,1,7,1,2,0
741,1,13,1,10,1,2,1,4,1,1,0
742,2,1,2,5,2,10,2,7,2,2,0
743,2,7,2,8,2,9,2,11,2,4,0
744,4,5,4,4,4,13,4,11,4,9,0
745,4,8,4,11,4,1,4,9,4,12,0
746,3,10,3,3,3,11,3,4,3,2,0
747,4,12,4,2,4,4,4,6,4,3,0
748,3,2,3,13,3,8,3,7,3,5,0
749,4,12,4,13,4,7,4,8,4,3,0
750,1,4,1,1,1,10,1,6,1,11,0
751,2,2,2,9,2,11,2,8,2,3,0
752,1,2,1,13,1,10,1,11,1,7,0
753,4,11,4,12,4,7,4,5,4,1,0
754,4,13,4,9,4,3,4,10,4,6,0
755,2,12,2,6,2,13,2,8,2,3,0
756,4,2,4,4,4,3,4,8,4,7,0
757,3,6,3,2,3,10,3,9,3,8,0
758,1,3,1,2,1,12,1,1,1,11,0
759,4,2,4,10,4,3,4,7,4,11,0
760,2,10,2,13,2,3,2,8,2,4,0
761,4,4,4,3,4,11,4,1,4,9,0
762,1,11,1,13,1,1,1,2,1,5,0
763,3,3,3,7,3,8,3,13,3,1,0
764,4,12,4,3,4,1,4,11,4,6,0
765,1,8,1,13,1,3,1,4,1,11,0
766,1,8,1,3,1,5,1,1,1,4,0
767,3,3,3,11,3,9,3,13,3,7,0
768,3,6,3,1,3,10,3,4,3,2,0
769,3,10,3,11,3,5,3,1,3,9,0
770,2,10,2,12,2,4,2,13,2,5,0
771,3,3,3,2,3,5,3,9,3,4,0
772,1,13,1,8,1,1,1,4,1,11,0
773,3,8,3,5,3,4,3,1,3,12,0
774,3,3,3,9,3,4,3,10,3,1,0
775,2,8,2,7,2,5,2,6,2,4,1
776,4,11,4,7,4,9,4,10,4,8,1
777,4,12,4,6,4,13,4,4,4,9,0
778,2,12,2,3,2,7,2,8,2,1,0
779,2,8,2,7,2,5,2,1,2,13,0
780,4,3,4,11,4,8,4,7,4,2,0
781,1,3,1,8,1,4,1,12,1,13,0
782,4,11,4,2,4,8,4,13,4,1,0
783,2,11,2,7,2,8,2,10,2,2,0
784,3,2,3,7,3,9,3,1,3,8,0
785,4,6,4,13,4,5,4,7,4,3,0
786,1,1,1,7,1,5,1,13,1,11,0
787,1,7,1,4,1,9,1,12,1,11,0
788,2,1,2,4,2,3,2,13,2,5,0
789,1,9,1,7,1,11,1,5,1,8,0
790,2,4,2,8,2,12,2,6,2,3,0
791,2,3,2,10,2,11,2,2,2,12,0
792,3,6,3,11,3,1,3,12,3,5,0
793,1,4,1,8,1,13,1,11,1,5,0
794,4,3,4,13,4,12,4,10,4,4,0
795,4,8,4,12,4,13,4,11,4,10,0
796,2,4,2,5,2,10,2,3,2,11,0
797,2,9,2,7,2,6,2,13,2,4,0
798,1,7,1,1,1,10,1,11,1,2,0
799,4,9,4,7,4,12,4,4,4,13,0
800,3,13,3,7,3,12,3,3,3,9,0
801,4,3,4,5,4,1,4,9,4,8,0
802,2,6,2,11,2,5,2,2,2,12,0
803,3,1,3,6,3,9,3,13,3,2,0
804,2,3,2,2,2,9,2,12,2,4,0
805,3,11,3,9,3,3,3,2,3,12,0
806,1,11,1,4,1,12,1,2,1,10,0
807,4,3,4,11,4,12,4,5,4,4,0
808,2,11,2,2,2,5,2,13,2,4,0
809,2,8,2,2,2,4,2,11,2,6,0
810,3,1,3,7,3,13,3,9,3,12,0
811,4,9,4,12,4,2,4,11,4,1,0
812,1,11,1,1,1,13,1,7,1,9,0
813,1,12,1,8,1,9,1,5,1,13,0
814,4,11,4,8,4,2,4,3,4,9,0
815,1,7,1,8,1,10,1,11,1,6,0
816,3,6,3,1,3,11,3,13,3,7,0
817,1,1,1,12,1,3,1,10,1,2,0
818,3,10,3,3,3,9,3,1,3,12,0
819,1,10,1,11,1,6,1,4,1,2,0
820,3,6,3,4,3,12,3,2,3,5,0
821,4,8,4,6,4,4,4,11,4,7,0
822,2,2,2,4,2,1,2,8,2,12,0
823,3,11,3,12,3,8,3,10,3,3,0
824,2,9,2,1,2,7,2,5,2,11,0
825,2,9,2,8,2,10,2,4,2,1,0
826,4,11,4,12,4,1,4,13,4,8,0
827,4,7,4,8,4,12,4,10,4,13,0
828,3,8,3,6,3,4,3,7,3,9,0
829,1,12,1,9,1,1,1,2,1,11,0
830,3,13,3,3,3,6,3,12,3,1,0
831,4,2,4,13,4,4,4,1,4,8,0
832,2,5,2,10,2,4,2,1,2,2,0
833,3,10,3,12,3,11,3,1,3,2,0
834,3,4,3,11,3,2,3,9,3,1,0
835,2,11,2,1,2,9,2,13,2,6,0
836,2,5,2,10,2,13,2,4,2,2,0
837,2,4,2,8,2,13,2,2,2,3,0
838,2,1,2,11,2,8,2,12,2,2,0
839,1,9,1,13,1,2,1,8,1,5,0
840,2,10,2,6,2,2,2,13,2,11,0
841,4,13,4,2,4,9,4,11,4,1,0
842,4,9,4,2,4,7,4,3,4,5,0
843,2,1,2,4,2,12,2,6,2,11,0
844,1,2,1,4,1,13,1,1,1,11,0
845,1,2,1,13,1,3,1,5,1,4,0
846,3,2,3,5,3,13,3,3,3,4,0
847,1,4,1,1,1,12,1,7,1,6,0
848,4,8,4,1,4,2,4,4,4,11,0
849,1,12,1,4,1,9,1,13,1,5,0
850,2,11,2,7,2,12,2,9,2,10,0
851,2,10,2,2,2,9,2,12,2,11,0
852,1,12,1,6,1,9,1,4,1,5,0
853,3,1,3,10,3,6,3,2,3,12,0
854,4,7,4,6,4,2,4,10,4,13,0
855,2,3,2,7,2,4,2,2,2,10,0
856,3,4,3,11,3,13,3,12,3,10,0
857,2,9,2,10,2,4,2,1,2,13,0
858,4,4,4,6,4,12,4,5,4,13,0
859,2,8,2,6,2,4,2,7,2,10,0
860,1,8,1,7,1,6,1,1,1,9,0
861,3,1,3,12,3,9,3,11,3,2,0
862,2,10,2,7,2,3,2,11,2,9,0
863,2,12,2,5,2,6,2,13,2,2,0
864,4,1,4,13,4,8,4,12,4,9,0
865,4,12,4,13,4,5,4,11,4,7,0
866,2,4,2,12,2,8,2,13,2,1,0
867,1,5,1,13,1,11,1,6,1,2,0
868,1,11,1,10,1,4,1,3,1,7,0
869,1,3,1,4,1,1,1,2,1,13,0
870,4,13,4,1,4,4,4,8,4,7,0
871,4,10,4,12,4,11,4,2,4,4,0
872,3,3,3,7,3,1,3,9,3,10,0
873,1,4,1,6,1,10,1,5,1,7,0
874,2,10,2,4,2,12,2,5,2,9,0
875,3,13,3,2,3,7,3,10,3,5,0
876,4,10,4,7,4,2,4,6,4,9,0
877,3,10,3,11,3,12,3,7,3,13,0
878,1,8,1,4,1,7,1,12,1,1,0
879,4,13,4,3,4,5,4,7,4,10,0
880,3,2,3,6,3,8,3,4,3,3,0
881,2,11,2,13,2,6,2,5,2,4,0
882,1,3,1,13,1,2,1,1,1,6,0
883,1,5,1,10,1,12,1,11,1,8,0
884,4,4,4,6,4,9,4,13,4,3,0
885,3,5,3,4,3,7,3,13,3,9,0
886,2,9,2,13,2,10,2,5,2,2,0
887,2,12,2,1,2,2,2,8,2,6,0
888,3,6,3,1,3,12,3,5,3,2,0
889,2,2,2,11,2,7,2,13,2,10,0
890,2,13,2,1,2,10,2,4,2,11,0
891,3,9,3,6,3,3,3,11,3,8,0
892,1,12,1,10,1,4,1,8,1,3,0
893,3,8,3,13,3,9,3,1,3,3,0
894,4,12,4,11,4,8,4,5,4,9,0
895,3,11,3,7,3,10,3,8,3,3,0
896,2,2,2,10,2,5,2,6,2,8,0
897,3,1,3,8,3,7,3,2,3,6,0
898,2,12,2,11,2,3,2,13,2,2,0
899,1,1,1,3,1,12,1,9,1,6,0
900,3,3,3,12,3,7,3,9,3,2,0
901,2,10,2,11,2,6,2,12,2,8,0
902,1,13,1,8,1,2,1,1,1,7,0
903,3,1,3,3,3,5,3,12,3,4,0
904,2,8,2,11,2,6,2,4,2,7,0
905,1,5,1,1,1,8,1,13,1,4,0
906,2,4,2,13,2,11,2,6,2,1,0
907,1,10,1,6,1,1,1,9,1,13,0
908,2,10,2,7,2,11,2,13,2,8,0
909,1,10,1,12,1,11,1,7,1,3,0
910,1,7,1,2,1,9,1,12,1,5,0
911,4,13,4,9,4,4,4,5,4,12,0
912,3,6,3,12,3,3,3,5,3,1,0
913,3,5,3,11,3,9,3,10,3,8,0
914,3,11,3,13,3,9,3,3,3,4,0
915,2,3,2,12,2,8,2,1,2,7,0
916,4,5,4,12,4,9,4,3,4,10,0
917,2,6,2,8,2,12,2,2,2,4,0
918,1,12,1,8,1,11,1,9,1,6,0
919,3,5,3,12,3,6,3,8,3,9,0
920,1,10,1,6,1,13,1,11,1,1,0
921,4,3,4,12,4,2,4,11,4,13,0
922,4,3,4,7,4,2,4,13,4,11,0
923,2,9,2,2,2,3,2,4,2,5,0
924,1,9,1,12,1,8,1,1,1,10,0
925,2,5,2,12,2,13,2,7,2,3,0
926,2,9,2,2,2,3,2,8,2,13,0
927,1,4,1,7,1,8,1,2,1,10,0
928,4,9,4,5,4,2,4,13,4,8,0
929,3,8,3,7,3,2,3,1,3,3,0
930,2,13,2,6,2,3,2,4,2,10,0
931,1,8,1,13,1,9,1,5,1,1,0
932,3,7,3,2,3,11,3,6,3,9,0
933,3,7,3,4,3,2,3,6,3,13,0
934,3,11,3,12,3,2,3,4,3,6,0
935,1,1,1,4,1,2,1,8,1,6,0
936,1,6,1,5,1,10,1,3,1,9,0
937,4,1,4,2,4,3,4,13,4,11,0
938,3,5,3,4,3,8,3,1,3,6,0
939,2,2,2,11,2,1,2,6,2,7,0
940,4,12,4,8,4,5,4,9,4,1,0
941,2,10,2,12,2,3,2,7,2,1,0
942,1,4,1,2,1,10,1,5,1,9,0
943,3,11,3,13,3,12,3,3,3,6,0
944,1,6,1,12,1,8,1,5,1,13,0
945,1,3,1,9,1,4,1,8,1,5,0
946,4,13,4,4,4,5,4,6,4,9,0
947,2,13,2,5,2,10,2,1,2,12,0
948,3,9,3,2,3,6,3,4,3,11,0
949,1,10,1,8,1,9,1,4,1,12,0
950,3,8,3,12,3,1,3,3,3,7,0
951,1,1,1,7,1,3,1,10,1,11,0
952,1,8,1,10,1,6,1,2,1,12,0
953,4,5,4,8,4,1,4,12,4,9,0
954,3,9,3,2,3,1,3,3,3,4,0
955,1,10,1,7,1,11,1,3,1,4,0
956,3,1,3,8,3,11,3,3,3,4,0
957,4,8,4,9,4,5,4,13,4,10,0
958,4,3,4,13,4,11,4,12,4,9,0
959,2,1,2,3,2,13,2,11,2,6,0
960,2,1,2,11,2,4,2,12,2,7,0
961,2,10,2,7,2,12,2,2,2,13,0
962,4,4,4,5,4,1,4,2,4,9,0
963,3,13,3,11,3,10,3,7,3,4,0
964,3,8,3,4,3,9,3,5,3,10,0
965,2,6,2,5,2,11,2,8,2,2,0
966,4,3,4,11,4,6,4,10,4,7,0
967,2,6,2,1,2,5,2,7,2,3,0
968,2,7,2,9,2,2,2,6,2,13,0
969,1,7,1,11,1,5,1,13,1,6,0
970,1,13,1,11,1,3,1,2,1,4,0
971,1,3,1,2,1,4,1,5,1,7,0
972,4,3,4,11,4,4,4,1,4,5,0
973,2,8,2,5,2,11,2,6,2,1,0
974,3,6,3,9,3,13,3,5,3,2,0
975,3,10,3,5,3,3,3,6,3,9,0
976,1,11,1,3,1,2,1,10,1,5,0
977,2,13,2,6,2,12,2,11,2,4,0
978,1,13,1,7,1,2,1,1,1,6,0
979,3,8,3,13,3,3,3,11,3,2,0
980,3,10,3,7,3,6,3,1,3,8,0
981,2,12,2,10,2,4,2,8,2,7,0
982,4,4,4,11,4,7,4,12,4,10,0
983,4,2,4,6,4,4,4,1,4,13,0
984,4,3,4,1,4,12,4,11,4,2,0
985,3,5,3,2,3,13,3,10,3,7,0
986,3,10,3,5,3,2,3,9,3,7,0
987,1,6,1,4,1,9,1,7,1,2,0
988,2,1,2,13,2,6,2,8,2,10,0
989,3,10,3,12,3,13,3,7,3,11,0
990,2,12,2,13,2,6,2,8,2,1,0
991,1,11,1,8,1,3,1,1,1,2,0
992,1,8,1,6,1,12,1,4,1,2,0
993,2,6,2,8,2,12,2,9,2,11,0
994,4,10,4,9,4,1,4,4,4,2,0
995,4,4,4,11,4,10,4,2,4,9,0
996,3,8,3,9,3,5,3,12,3,3,0
997,2,6,2,8,2,13,2,1,2,2,0
998,1,12,1,10,1,1,1,9,1,7,0
999,2,13,2,8,2,10,2,6,2,4,0
1000,2,8,2,11,2,7,2,12,2,13,0
1001,2,10,2,5,2,7,2,12,2,2,0
1002,2,7,2,13,2,11,2,9,2,12,0
1003,4,2,4,5,4,4,4,13,4,9,0
1004,2,6,2,12,2,1,2,2,2,5,0
1005,2,10,2,2,2,5,2,9,2,3,0
1006,4,11,4,6,4,8,4,13,4,3,0
1007,3,5,3,6,3,9,3,8,3,12,0
1008,2,7,2,5,2,1,2,3,2,10,0
1009,1,8,1,7,1,2,1,13,1,10,0
1010,1,6,1,2,1,4,1,13,1,7,0
1011,1,13,1,8,1,7,1,6,1,10,0
1012,4,8,4,3,4,11,4,9,4,7,0
1013,4,7,4,12,4,9,4,1,4,10,0
1014,4,6,4,7,4,11,4,3,4,9,0
1015,4,12,4,3,4,8,4,2,4,6,0
1016,2,2,2,5,2,10,2,8,2,4,0
1017,4,10,4,4,4,1,4,11,4,7,0
1018,4,10,4,2,4,5,4,8,4,3,0
1019,3,7,3,13,3,3,3,12,3,5,0
1020,1,1,1,12,1,3,1,10,1,9,0
1021,4,7,4,5,4,9,4,4,4,11,0
1022,3,4,3,3,3,12,3,2,3,5,0
1023,3,5,3,7,3,12,3,13,3,10,0
1024,1,3,1,1,1,9,1,7,1,6,0
1025,1,8,1,12,1,5,1,4,1,9,0
1026,3,11,3,7,3,13,3,4,3,2,0
1027,3,8,3,9,3,13,3,7,3,12,0
1028,3,11,3,12,3,13,3,9,3,2,0
1029,2,13,2,10,2,1,2,9,2,6,0
1030,2,9,2,1,2,10,2,7,2,6,0
1031,3,11,3,8,3,9,3,13,3,4,0
1032,3,7,3,5,3,3,3,12,3,13,0
1033,1,12,1,5,1,9,1,13,1,10,0
1034,2,1,2,8,2,9,2,2,2,6,0
1035,3,4,3,10,3,12,3,1,3,5,0
1036,4,3,4,12,4,11,4,2,4,7,0
1037,4,9,4,10,4,13,4,7,4,2,0
1038,4,6,4,4,4,3,4,13,4,1,0
1039,4,11,4,8,4,13,4,2,4,6,0
1040,2,12,2,2,2,4,2,6,2,1,0
1041,3,5,3,11,3,12,3,13,3,3,0
1042,2,12,2,11,2,13,2,9,2,10,1
1043,2,1,2,6,2,5,2,11,2,12,0
1044,1,9,1,1,1,8,1,5,1,6,0
1045,3,1,3,3,3,4,3,8,3,2,0
1046,3,12,3,8,3,4,3,6,3,3,0
1047,2,1,2,3,2,11,2,10,2,12,0
1048,1,13,1,4,1,9,1,2,1,1,0
1049,4,4,4,9,4,11,4,8,4,6,0
1050,1,8,1,4,1,11,1,10,1,1,0
1051,3,4,3,13,3,1,3,12,3,2,0
1052,2,9,2,10,2,5,2,13,2,12,0
1053,1,9,1,11,1,3,1,10,1,5,0
1054,4,9,4,11,4,12,4,5,4,6,0
1055,3,2,3,10,3,1,3,12,3,11,0
1056,2,9,2,13,2,3,2,6,2,2,0
1057,1,3,1,7,1,4,1,9,1,10,0
1058,3,13,3,2,3,6,3,7,3,3,0
1059,3,12,3,5,3,1,3,13,3,4,0
1060,3,8,3,5,3,9,3,11,3,4,0
1061,3,4,3,5,3,1,3,12,3,9,0
1062,4,12,4,6,4,11,4,2,4,1,0
1063,4,12,4,8,4,6,4,5,4,2,0
1064,1,7,1,8,1,9,1,10,1,3,0
1065,1,11,1,9,1,1,1,13,1,4,0
1066,3,8,3,4,3,13,3,1,3,2,0
1067,4,12,4,3,4,7,4,13,4,11,0
1068,4,4,4,12,4,3,4,11,4,7,0
1069,1,7,1,2,1,6,1,11,1,12,0
1070,1,2,1,12,1,13,1,5,1,4,0
1071,3,10,3,11,3,13,3,5,3,8,0
1072,1,10,1,2,1,9,1,13,1,11,0
1073,3,4,3,12,3,5,3,2,3,11,0
1074,4,7,4,1,4,6,4,4,4,5,0
1075,2,3,2,13,2,1,2,12,2,10,0
1076,4,2,4,12,4,3,4,8,4,7,0
1077,4,5,4,13,4,4,4,11,4,7,0
1078,2,1,2,11,2,8,2,12,2,3,0
1079,3,10,3,8,3,13,3,9,3,1,0
1080,4,3,4,11,4,9,4,10,4,5,0
1081,1,2,1,3,1,5,1,12,1,1,0
1082,4,12,4,1,4,13,4,5,4,11,0
1083,1,11,1,8,1,12,1,3,1,1,0
1084,3,13,3,8,3,6,3,2,3,11,0
1085,1,3,1,1,1,9,1,7,1,6,0
1086,3,5,3,8,3,3,3,10,3,1,0
1087,1,9,1,5,1,10,1,11,1,3,0
1088,2,12,2,9,2,13,2,1,2,10,0
1089,3,12,3,9,3,3,3,13,3,6,0
1090,3,13,3,10,3,1,3,8,3,12,0
1091,1,1,1,6,1,12,1,2,1,10,0
1092,3,1,3,7,3,11,3,8,3,9,0
1093,1,3,1,11,1,10,1,6,1,12,0
1094,1,7,1,2,1,9,1,13,1,1,0
1095,2,3,2,5,2,6,2,10,2,12,0
1096,2,7,2,13,2,8,2,9,2,6,0
1097,2,2,2,11,2,8,2,5,2,9,0
1098,2,3,2,9,2,11,2,8,2,4,0
1099,3,4,3,2,3,8,3,7,3,5,0
1100,3,6,3,11,3,10,3,5,3,1,0
1101,1,2,1,1,1,5,1,12,1,10,0
1102,2,8,2,6,2,12,2,4,2,2,0
1103,3,7,3,6,3,3,3,1,3,8,0
1104,3,2,3,13,3,11,3,4,3,3,0
1105,3,8,3,4,3,12,3,2,3,7,0
1106,3,13,3,1,3,9,3,5,3,8,0
1107,2,3,2,13,2,8,2,11,2,1,0
1108,4,10,4,4,4,5,4,9,4,8,0
1109,4,10,4,3,4,2,4,1,4,5,0
1110,3,13,3,10,3,6,3,12,3,4,0
1111,2,5,2,11,2,9,2,7,2,3,0
1112,2,3,2,4,2,10,2,8,2,12,0
1113,4,1,4,13,4,2,4,6,4,10,0
1114,2,1,2,12,2,13,2,11,2,5,0
1115,3,3,3,4,3,7,3,12,3,10,0
1116,4,2,4,5,4,4,4,1,4,7,0
1117,1,12,1,8,1,1,1,3,1,6,0
1118,3,8,3,4,3,6,3,10,3,9,0
1119,1,10,1,9,1,11,1,3,1,8,0
1120,1,10,1,13,1,1,1,2,1,8,0
1121,1,1,1,5,1,7,1,3,1,13,0
1122,2,4,2,6,2,2,2,5,2,11,0
1123,2,9,2,8,2,4,2,12,2,6,0
1124,4,7,4,12,4,3,4,9,4,10,0
1125,4,5,4,10,4,8,4,3,4,9,0
1126,1,7,1,8,1,6,1,10,1,3,0
1127,3,10,3,12,3,5,3,8,3,3,0
1128,4,11,4,3,4,4,4,1,4,13,0
1129,4,4,4,2,4,3,4,13,4,7,0
1130,1,8,1,12,1,6,1,9,1,2,0
1131,1,9,1,3,1,7,1,8,1,12,0
1132,4,13,4,8,4,1,4,12,4,11,0
1133,3,1,3,12,3,7,3,2,3,9,0
1134,4,11,4,10,4,12,4,4,4,6,0
1135,3,11,3,4,3,9,3,2,3,8,0
1136,4,6,4,12,4,8,4,7,4,11,0
1137,3,10,3,4,3,9,3,7,3,12,0
1138,1,5,1,11,1,1,1,12,1,6,0
1139,3,2,3,7,3,4,3,3,3,13,0
1140,4,8,4,7,4,5,4,13,4,12,0
1141,2,1,2,9,2,7,2,4,2,6,0
1142,1,1,1,11,1,5,1,13,1,12,0
1143,2,1,2,13,2,12,2,11,2,2,0
1144,3,7,3,2,3,10,3,6,3,5,0
1145,3,12,3,4,3,2,3,1,3,6,0
1146,2,10,2,4,2,2,2,13,2,8,0
1147,4,3,4,7,4,13,4,10,4,12,0
1148,4,3,4,6,4,13,4,10,4,9,0
1149,4,3,4,2,4,12,4,7,4,5,0
1150,1,4,1,3,1,9,1,6,1,5,0
1151,1,11,1,5,1,8,1,13,1,1,0
1152,1,6,1,4,1,13,1,5,1,7,0
1153,3,1,3,3,3,13,3,11,3,5,0
1154,4,10,4,8,4,2,4,7,4,1,0
1155,3,7,3,12,3,5,3,3,3,9,0
1156,3,11,3,5,3,7,3,12,3,8,0
1157,1,11,1,4,1,2,1,13,1,1,0
1158,2,3,2,6,2,13,2,4,2,2,0
1159,1,13,1,2,1,4,1,3,1,1,0
1160,4,2,4,11,4,5,4,1,4,13,0
1161,2,8,2,1,2,3,2,5,2,12,0
1162,1,4,1,9,1,8,1,6,1,1,0
1163,1,1,1,3,1,4,1,10,1,5,0
1164,1,7,1,6,1,9,1,3,1,4,0
1165,3,13,3,5,3,7,3,3,3,4,0
1166,3,9,3,3,3,12,3,4,3,13,0
1167,4,6,4,12,4,7,4,11,4,10,0
1168,4,6,4,3,4,10,4,5,4,4,0
1169,2,13,2,8,2,11,2,3,2,2,0
1170,4,6,4,2,4,13,4,12,4,3,0
1171,2,7,2,4,2,11,2,2,2,12,0
1172,4,8,4,2,4,3,4,7,4,12,0
1173,4,3,4,4,4,8,4,13,4,6,0
1174,3,3,3,6,3,7,3,5,3,9,0
1175,3,13,3,3,3,11,3,6,3,7,0
1176,4,10,4,12,4,6,4,3,4,4,0
1177,4,13,4,12,4,11,4,1,4,2,0
1178,1,7,1,12,1,13,1,2,1,5,0
1179,3,3,3,6,3,1,3,9,3,12,0
1180,1,2,1,3,1,4,1,7,1,10,0
1181,4,5,4,12,4,2,4,3,4,1,0
1182,4,10,4,2,4,9,4,7,4,6,0
1183,2,10,2,9,2,3,2,1,2,2,0
1184,2,13,2,3,2,4,2,6,2,5,0
1185,3,9,3,12,3,10,3,2,3,4,0
1186,4,11,4,7,4,1,4,5,4,8,0
1187,4,2,4,13,4,8,4,12,4,7,0
1188,1,9,1,6,1,3,1,7,1,13,0
1189,3,11,3,4,3,6,3,13,3,9,0
1190,2,10,2,2,2,6,2,13,2,3,0
1191,1,13,1,1,1,4,1,5,1,2,0
1192,1,2,1,9,1,4,1,11,1,6,0
1193,1,4,1,12,1,3,1,5,1,11,0
1194,1,2,1,4,1,1,1,10,1,11,0
1195,1,3,1,4,1,6,1,11,1,8,0
1196,1,1,1,12,1,6,1,2,1,10,0
1197,4,12,4,7,4,4,4,3,4,9,0
1198,4,11,4,13,4,6,4,7,4,3,0
1199,2,4,2,7,2,1,2,13,2,11,0
1200,4,4,4,13,4,7,4,9,4,6,0
1201,3,7,3,5,3,4,3,13,3,9,0
1202,4,6,4,8,4,12,4,11,4,7,0
1203,4,2,4,6,4,8,4,11,4,12,0
1204,2,9,2,7,2,1,2,12,2,2,0
1205,1,12,1,1,1,11,1,8,1,9,0
1206,2,8,2,3,2,1,2,2,2,4,0
1207,3,9,3,10,3,3,3,4,3,12,0
1208,1,1,1,7,1,6,1,3,1,11,0
1209,2,5,2,7,2,6,2,9,2,4,0
1210,1,1,1,5,1,10,1,3,1,9,0
1211,2,9,2,1,2,11,2,4,2,5,0
1212,4,4,4,7,4,11,4,13,4,5,0
1213,4,5,4,12,4,6,4,1,4,11,0
1214,4,10,4,7,4,6,4,4,4,9,0
1215,3,8,3,9,3,7,3,3,3,2,0
1216,3,2,3,13,3,5,3,12,3,1,0
1217,4,10,4,5,4,7,4,13,4,1,0
1218,2,8,2,7,2,2,2,12,2,11,0
1219,1,9,1,3,1,7,1,8,1,4,0
1220,4,3,4,10,4,8,4,11,4,6,0
1221,2,12,2,10,2,11,2,7,2,2,0
1222,3,10,3,9,3,4,3,3,3,5,0
1223,1,3,1,13,1,7,1,5,1,6,0
1224,2,3,2,4,2,9,2,10,2,7,0
1225,3,13,3,2,3,1,3,12,3,11,0
1226,2,2,2,13,2,11,2,3,2,12,0
1227,3,12,3,1,3,13,3,7,3,11,0
1228,1,1,1,9,1,11,1,3,1,12,0
1229,2,5,2,2,2,6,2,10,2,9,0
1230,4,12,4,10,4,6,4,5,4,4,0
1231,3,3,3,4,3,5,3,11,3,7,0
1232,1,11,1,5,1,13,1,9,1,2,0
1233,4,3,4,7,4,13,4,10,4,5,0
1234,2,3,2,2,2,11,2,10,2,5,0
1235,1,4,1,12,1,8,1,7,1,2,0
1236,4,9,4,3,4,13,4,8,4,11,0
1237,3,10,3,2,3,7,3,5,3,6,0
1238,4,12,4,3,4,11,4,6,4,2,0
1239,4,2,4,13,4,10,4,9,4,6,0
1240,3,8,3,10,3,11,3,13,3,9,0
1241,3,11,3,12,3,8,3,13,3,10,0
1242,1,13,1,12,1,5,1,9,1,7,0
1243,2,9,2,3,2,13,2,8,2,7,0
1244,2,8,2,6,2,13,2,2,2,12,0
1245,4,9,4,5,4,8,4,2,4,12,0
1246,1,4,1,12,1,9,1,11,1,5,0
1247,3,4,3,2,3,5,3,9,3,7,0
1248,3,10,3,6,3,11,3,13,3,12,0
1249,3,8,3,13,3,1,3,10,3,12,0
1250,3,13,3,4,3,8,3,1,3,9,0
1251,1,12,1,1,1,7,1,5,1,10,0
1252,4,2,4,3,4,1,4,6,4,8,0
1253,1,8,1,7,1,11,1,10,1,9,1
1254,1,9,1,7,1,11,1,6,1,3,0
1255,3,12,3,13,3,10,3,3,3,2,0
1256,1,1,1,7,1,6,1,5,1,12,0
1257,2,12,2,1,2,8,2,13,2,7,0
1258,3,4,3,8,3,9,3,2,3,11,0
1259,4,11,4,10,4,5,4,1,4,7,0
1260,1,11,1,7,1,6,1,12,1,4,0
1261,2,6,2,3,2,13,2,2,2,7,0
1262,2,3,2,9,2,5,2,1,2,11,0
1263,3,5,3,11,3,6,3,13,3,1,0
1264,4,10,4,7,4,1,4,3,4,9,0
1265,3,9,3,5,3,4,3,8,3,13,0
1266,2,13,2,2,2,7,2,9,2,3,0
1267,1,9,1,6,1,4,1,11,1,13,0
1268,3,10,3,7,3,4,3,3,3,9,0
1269,2,6,2,9,2,2,2,13,2,3,0
1270,1,5,1,2,1,3,1,9,1,13,0
1271,2,4,2,9,2,12,2,11,2,8,0
1272,1,8,1,6,1,2,1,13,1,12,0
1273,4,3,4,2,4,4,4,5,4,12,0
1274,2,8,2,13,2,5,2,1,2,6,0
1275,2,13,2,6,2,4,2,1,2,10,0
1276,2,6,2,1,2,8,2,10,2,7,0
1277,1,8,1,4,1,2,1,12,1,13,0
1278,2,9,2,7,2,1,2,3,2,5,0
1279,1,5,1,2,1,13,1,1,1,12,0
1280,4,2,4,6,4,11,4,5,4,7,0
1281,4,11,4,10,4,13,4,1,4,2,0
1282,4,13,4,8,4,6,4,1,4,5,0
1283,2,2,2,7,2,12,2,13,2,1,0
1284,1,12,1,1,1,9,1,5,1,7,0
1285,2,12,2,10,2,2,2,6,2,8,0
1286,2,6,2,10,2,9,2,11,2,1,0
1287,4,3,4,4,4,2,4,10,4,8,0
1288,1,7,1,9,1,8,1,4,1,13,0
1289,2,4,2,2,2,1,2,9,2,13,0
1290,1,9,1,13,1,5,1,2,1,4,0
1291,4,3,4,8,4,4,4,6,4,11,0
1292,3,9,3,13,3,10,3,11,3,6,0
1293,3,10,3,13,3,4,3,11,3,2,0
1294,4,2,4,8,4,5,4,9,4,11,0
1295,2,13,2,2,2,7,2,4,2,3,0
1296,4,13,4,3,4,1,4,9,4,5,0
1297,3,13,3,9,3,5,3,7,3,12,0
1298,4,3,4,2,4,4,4,10,4,8,0
1299,3,9,3,6,3,8,3,10,3,4,0
1300,2,12,2,9,2,5,2,3,2,8,0
1301,2,5,2,4,2,10,2,7,2,2,0
1302,4,13,4,9,4,11,4,3,4,6,0
1303,1,10,1,3,1,5,1,1,1,6,0
1304,3,13,3,8,3,3,3,11,3,5,0
1305,2,12,2,7,2,13,2,1,2,5,0
1306,4,10,4,3,4,13,4,11,4,7,0
1307,1,3,1,11,1,4,1,2,1,5,0
1308,4,13,4,8,4,2,4,9,4,11,0
1309,3,12,3,10,3,6,3,4,3,13,0
1310,3,10,3,3,3,8,3,4,3,11,0
1311,4,6,4,5,4,2,4,8,4,9,0
1312,4,4,4,5,4,6,4,3,4,8,0
1313,4,12,4,8,4,2,4,9,4,6,0
1314,1,6,1,10,1,3,1,7,1,2,0
1315,2,5,2,1,2,3,2,8,2,12,0
1316,2,13,2,1,2,5,2,3,2,10,0
1317,4,1,4,11,4,9,4,7,4,10,0
1318,2,9,2,7,2,10,2,11,2,1,0
1319,3,1,3,12,3,8,3,2,3,4,0
1320,2,13,2,2,2,8,2,9,2,1,0
1321,2,10,2,11,2,13,2,4,2,1,0
1322,2,8,2,13,2,5,2,9,2,6,0
1323,2,13,2,12,2,1,2,4,2,3,0
1324,3,2,3,6,3,1,3,10,3,3,0
1325,3,8,3,1,3,12,3,10,3,5,0
1326,1,2,1,10,1,5,1,9,1,12,0
1327,3,3,3,6,3,4,3,9,3,7,0
1328,2,3,2,11,2,7,2,13,2,10,0
1329,2,5,2,1,2,11,2,13,2,3,0
1330,3,8,3,3,3,5,3,7,3,4,0
1331,4,1,4,3,4,12,4,2,4,6,0
1332,3,6,3,5,3,4,3,7,3,9,0
1333,2,8,2,13,2,9,2,6,2,12,0
1334,4,8,4,5,4,13,4,12,4,3,0
1335,1,6,1,12,1,13,1,5,1,3,0
1336,1,13,1,2,1,11,1,9,1,8,0
1337,3,3,3,9,3,1,3,10,3,8,0
1338,3,2,3,3,3,12,3,13,3,4,0
1339,2,10,2,9,2,3,2,7,2,11,0
1340,4,5,4,1,4,11,4,8,4,9,0
1341,3,12,3,4,3,6,3,10,3,3,0
1342,4,9,4,1,4,13,4,10,4,5,0
1343,2,8,2,5,2,1,2,9,2,7,0
1344,1,3,1,7,1,6,1,9,1,11,0
1345,2,4,2,5,2,10,2,11,2,12,0
1346,2,6,2,13,2,9,2,2,2,10,0
1347,1,5,1,7,1,9,1,11,1,4,0
1348,4,8,4,5,4,4,4,1,4,2,0
1349,2,13,2,8,2,6,2,7,2,11,0
1350,2,4,2,10,2,3,2,1,2,8,0
1351,3,1,3,9,3,4,3,13,3,3,0
1352,4,5,4,6,4,2,4,1,4,12,0
1353,2,3,2,8,2,4,2,11,2,6,0
1354,4,10,4,1,4,7,4,5,4,3,0
1355,2,7,2,4,2,1,2,11,2,13,0
1356,3,10,3,12,3,9,3,5,3,4,0
1357,4,12,4,11,4,7,4,2,4,4,0
1358,4,8,4,2,4,5,4,10,4,11,0
1359,3,11,3,5,3,10,3,3,3,4,0
1360,3,1,3,3,3,6,3,8,3,7,0
1361,1,5,1,4,1,2,1,6,1,7,0
1362,2,8,2,9,2,5,2,3,2,1,0
1363,4,1,4,3,4,2,4,5,4,8,0
1364,1,9,1,4,1,3,1,1,1,6,0
1365,1,6,1,1,1,13,1,12,1,3,0
1366,2,7,2,8,2,1,2,3,2,6,0
1367,1,12,1,9,1,2,1,6,1,4,0
1368,3,13,3,6,3,12,3,2,3,11,0
1369,1,4,1,7,1,13,1,12,1,1,0
1370,4,4,4,12,4,7,4,3,4,5,0
1371,2,5,2,9,2,1,2,3,2,10,0
1372,3,3,3,10,3,6,3,13,3,4,0
1373,2,2,2,3,2,6,2,9,2,4,0
1374,3,2,3,9,3,7,3,13,3,6,0
1375,3,1,3,12,3,11,3,8,3,2,0
1376,3,3,3,13,3,2,3,6,3,4,0
1377,2,2,2,3,2,7,2,1,2,11,0
1378,3,7,3,10,3,12,3,11,3,13,0
1379,4,13,4,4,4,3,4,1,4,10,0
1380,4,10,4,6,4,7,4,11,4,9,0
1381,3,11,3,9,3,1,3,7,3,5,0
1382,4,3,4,6,4,13,4,7,4,9,0
1383,4,8,4,1,4,2,4,3,4,11,0
1384,2,10,2,6,2,8,2,5,2,13,0
1385,2,8,2,5,2,10,2,1,2,11,0
1386,1,9,1,10,1,2,1,12,1,1,0
1387,4,7,4,8,4,3,4,6,4,13,0
1388,4,13,4,8,4,3,4,1,4,11,0
1389,2,13,2,4,2,7,2,12,2,6,0
1390,4,8,4,7,4,5,4,3,4,12,0
1391,4,2,4,6,4,3,4,7,4,13,0
1392,4,6,4,12,4,10,4,2,4,5,0
1393,3,3,3,7,3,1,3,10,3,11,0
1394,1,7,1,5,1,11,1,6,1,1,0
1395,4,1,4,7,4,11,4,4,4,9,0
1396,2,5,2,13,2,2,2,1,2,7,0
1397,4,2,4,13,4,11,4,7,4,8,0
1398,2,1,2,4,2,13,2,12,2,9,0
1399,1,5,1,12,1,4,1,7,1,9,0
1400,4,12,4,8,4,10,4,3,4,5,0
1401,2,5,2,3,2,11,2,12,2,9,0
1402,1,11,1,12,1,4,1,13,1,1,0
1403,3,1,3,3,3,2,3,4,3,7,0
1404,2,10,2,9,2,2,2,12,2,6,0
1405,2,4,2,1,2,10,2,11,2,8,0
1406,2,13,2,12,2,7,2,2,2,9,0
1407,4,1,4,8,4,7,4,10,4,12,0
1408,2,10,2,1,2,12,2,5,2,8,0
1409,2,3,2,4,2,7,2,8,2,5,0
1410,1,9,1,4,1,13,1,7,1,6,0
1411,3,1,3,10,3,4,3,2,3,8,0
1412,2,1,2,9,2,13,2,5,2,2,0
1413,2,13,2,4,2,3,2,6,2,12,0
1414,1,12,1,7,1,3,1,11,1,8,0
1415,4,13,4,2,4,4,4,3,4,10,0
1416,3,9,3,11,3,8,3,2,3,12,0
1417,1,10,1,4,1,9,1,3,1,2,0
1418,3,7,3,10,3,4,3,2,3,5,0
1419,3,8,3,4,3,10,3,9,3,12,0
1420,1,2,1,7,1,3,1,6,1,10,0
1421,3,1,3,2,3,6,3,5,3,10,0
1422,3,7,3,3,3,11,3,1,3,13,0
1423,3,5,3,2,3,13,3,12,3,3,0
1424,4,9,4,2,4,12,4,5,4,4,0
1425,1,7,1,6,1,13,1,9,1,8,0
1426,4,5,4,13,4,12,4,2,4,4,0
1427,3,3,3,11,3,6,3,4,3,2,0
1428,2,4,2,5,2,10,2,12,2,2,0
1429,4,8,4,1,4,4,4,6,4,2,0
1430,4,6,4,13,4,4,4,2,4,3,0
1431,4,1,4,8,4,5,4,13,4,6,0
1432,1,10,1,2,1,1,1,5,1,3,0
1433,3,9,3,5,3,8,3,4,3,12,0
1434,3,8,3,6,3,7,3,5,3,12,0
1435,2,5,2,10,2,13,2,11,2,8,0
1436,1,5,1,9,1,7,1,4,1,13,0
1437,1,4,1,9,1,12,1,6,1,11,0
1438,3,1,3,8,3,11,3,5,3,10,0
1439,1,3,1,9,1,5,1,11,1,10,0
1440,4,5,4,13,4,2,4,4,4,6,0
1441,2,10,2,4,2,8,2,12,2,7,0
1442,1,7,1,2,1,13,1,6,1,1,0
1443,1,9,1,1,1,8,1,13,1,10,0
1444,3,12,3,9,3,1,3,6,3,11,0
1445,1,11,1,4,1,3,1,2,1,5,0
1446,2,11,2,1,2,12,2,6,2,5,0
1447,3,3,3,2,3,8,3,7,3,11,0
1448,1,10,1,2,1,11,1,3,1,5,0
1449,3,6,3,5,3,2,3,1,3,8,0
1450,3,6,3,9,3,7,3,12,3,8,0
1451,4,6,4,5,4,9,4,10,4,13,0
1452,2,3,2,11,2,2,2,8,2,5,0
1453,1,12,1,10,1,4,1,9,1,7,0
1454,3,2,3,5,3,10,3,6,3,7,0
1455,4,12,4,2,4,13,4,10,4,1,0
1456,3,1,3,13,3,10,3,2,3,7,0
1457,4,11,4,4,4,10,4,5,4,9,0
1458,4,13,4,6,4,8,4,12,4,10,0
1459,3,6,3,5,3,1,3,2,3,10,0
1460,3,10,3,8,3,12,3,3,3,6,0
1461,3,1,3,6,3,5,3,13,3,4,0
1462,2,10,2,3,2,11,2,8,2,13,0
1463,1,3,1,2,1,1,1,6,1,13,0
1464,1,4,1,11,1,10,1,9,1,5,0
1465,1,5,1,3,1,2,1,11,1,1,0
1466,3,3,3,11,3,12,3,13,3,4,0
1467,4,13,4,8,4,6,4,1,4,7,0
1468,2,11,2,13,2,10,2,2,2,5,0
1469,1,7,1,10,1,4,1,3,1,8,0
1470,4,9,4,10,4,5,4,2,4,4,0
1471,4,10,4,3,4,5,4,1,4,11,0
1472,2,5,2,11,2,9,2,7,2,3,0
1473,4,9,4,11,4,13,4,5,4,8,0
1474,3,11,3,7,3,8,3,9,3,13,0
1475,1,10,1,9,1,3,1,12,1,6,0
1476,3,13,3,4,3,8,3,5,3,9,0
1477,4,12,4,3,4,6,4,1,4,13,0
1478,3,12,3,4,3,7,3,8,3,10,0
1479,2,6,2,10,2,4,2,5,2,12,0
1480,1,8,1,12,1,6,1,2,1,10,0
1481,3,9,3,11,3,4,3,6,3,2,0
1482,3,4,3,9,3,6,3,10,3,7,0
1483,1,2,1,9,1,5,1,13,1,7,0
1484,3,12,3,5,3,2,3,3,3,7,0
1485,1,6,1,3,1,8,1,12,1,11,0
1486,4,11,4,4,4,5,4,7,4,6,0
1487,1,8,1,7,1,3,1,1,1,12,0
1488,4,11,4,5,4,3,4,12,4,6,0
1489,3,8,3,5,3,11,3,9,3,2,0
1490,2,10,2,4,2,12,2,13,2,11,0
1491,1,5,1,3,1,7,1,11,1,13,0
1492,4,13,4,12,4,8,4,1,4,9,0
1493,3,4,3,8,3,6,3,7,3,9,0
1494,4,1,4,7,4,2,4,5,4,13,0
1495,1,5,1,12,1,2,1,8,1,6,0
1496,1,8,1,13,1,10,1,12,1,6,0
1497,1,3,1,9,1,4,1,8,1,10,0
1498,3,3,3,5,3,2,3,6,3,7,0
1499,3,4,3,5,3,3,3,13,3,12,0
1500,2,6,2,2,2,5,2,12,2,13,0
1501,1,12,1,2,1,9,1,7,1,8,0
1502,1,8,1,3,1,13,1,2,1,6,0
1503,4,6,4,9,4,1,4,10,4,7,0
1504,4,13,4,11,4,4,4,3,4,12,0
1505,2,12,2,11,2,13,2,9,2,8,0
1506,1,5,1,8,1,9,1,2,1,13,0
1507,1,11,1,8,1,4,1,3,1,13,0
1508,3,3,3,11,3,13,3,5,3,9,0
1509,4,13,4,5,4,9,4,11,4,8,0
1510,4,3,4,8,4,11,4,6,4,2,0
1511,2,10,2,6,2,13,2,2,2,8,0
1512,2,4,2,7,2,10,2,1,2,8,0
1513,3,8,3,10,3,2,3,9,3,4,0
1514,3,9,3,5,3,11,3,2,3,1,0
1515,2,3,2,9,2,2,2,8,2,5,0
1516,4,8,4,5,4,1,4,2,4,4,0
1517,4,4,4,13,4,10,4,9,4,3,0
1518,3,5,3,7,3,2,3,6,3,12,0
1519,3,3,3,10,3,12,3,13,3,1,0
1520,2,4,2,5,2,12,2,6,2,1,0
1521,1,5,1,8,1,4,1,13,1,12,0
1522,4,13,4,6,4,1,4,7,4,10,0
1523,2,11,2,4,2,6,2,1,2,5,0
1524,3,10,3,5,3,11,3,4,3,1,0
1525,1,11,1,5,1,7,1,8,1,13,0
1526,3,3,3,11,3,7,3,9,3,10,0
1527,1,6,1,5,1,8,1,12,1,11,0
1528,3,6,3,4,3,1,3,5,3,10,0
1529,3,11,3,12,3,5,3,2,3,8,0
1530,2,10,2,8,2,13,2,5,2,1,0
1531,1,5,1,11,1,8,1,2,1,12,0
1532,1,3,1,7,1,5,1,13,1,2,0
1533,1,3,1,4,1,7,1,6,1,1,0
1534,1,11,1,12,1,1,1,5,1,8,0
1535,3,12,3,9,3,8,3,10,3,1,0
1536,3,2,3,10,3,11,3,12,3,1,0
1537,1,12,1,5,1,9,1,4,1,2,0
1538,4,13,4,7,4,2,4,11,4,3,0
1539,2,12,2,6,2,11,2,4,2,13,0
1540,3,10,3,2,3,1,3,5,3,8,0
1541,2,8,2,4,2,11,2,10,2,12,0
1542,1,5,1,12,1,1,1,13,1,11,0
1543,4,2,4,4,4,11,4,10,4,6,0
1544,2,8,2,10,2,4,2,1,2,2,0
1545,1,9,1,3,1,13,1,1,1,7,0
1546,4,11,4,12,4,7,4,3,4,6,0
1547,3,3,3,6,3,2,3,5,3,7,0
1548,2,13,2,1,2,11,2,2,2,8,0
1549,3,12,3,10,3,6,3,4,3,9,0
1550,1,8,1,10,1,6,1,12,1,5,0
1551,3,5,3,10,3,9,3,13,3,8,0
1552,4,12,4,10,4,11,4,5,4,2,0
1553,2,8,2,5,2,7,2,2,2,9,0
1554,3,2,3,13,3,3,3,4,3,10,0
1555,4,1,4,10,4,6,4,11,4,4,0
1556,4,12,4,6,4,13,4,3,4,10,0
1557,3,6,3,7,3,4,3,5,3,12,0
1558,3,3,3,1,3,11,3,8,3,12,0
1559,3,1,3,11,3,8,3,7,3,3,0
1560,4,13,4,2,4,8,4,12,4,4,0
1561,1,10,1,12,1,2,1,5,1,9,0
1562,3,8,3,5,3,11,3,4,3,3,0
1563,3,3,3,8,3,10,3,7,3,1,0
1564,4,6,4,13,4,3,4,4,4,10,0
1565,2,10,2,3,2,5,2,8,2,12,0
1566,2,10,2,2,2,1,2,13,2,9,0
1567,2,6,2,3,2,2,2,10,2,13,0
1568,2,13,2,3,2,2,2,10,2,8,0
1569,4,5,4,7,4,1,4,8,4,9,0
1570,4,3,4,4,4,7,4,5,4,1,0
1571,2,12,2,7,2,1,2,5,2,13,0
1572,2,6,2,12,2,2,2,3,2,13,0
1573,1,11,1,1,1,5,1,3,1,10,0
1574,2,11,2,10,2,2,2,3,2,1,0
1575,3,9,3,1,3,13,3,11,3,8,0
1576,3,8,3,3,3,2,3,9,3,12,0
1577,4,2,4,3,4,5,4,1,4,11,0
1578,3,6,3,5,3,1,3,11,3,10,0
1579,1,12,1,7,1,6,1,13,1,3,0
1580,2,9,2,2,2,7,2,13,2,1,0
1581,4,1,4,6,4,2,4,13,4,5,0
1582,4,1,4,11,4,10,4,13,4,3,0
1583,3,12,3,2,3,1,3,13,3,8,0
1584,2,11,2,1,2,5,2,2,2,10,0
1585,2,5,2,11,2,9,2,3,2,12,0
1586,2,10,2,6,2,2,2,3,2,9,0
1587,1,5,1,8,1,12,1,1,1,9,0
1588,1,10,1,12,1,4,1,2,1,5,0
1589,2,3,2,10,2,12,2,8,2,13,0
1590,2,11,2,7,2,9,2,4,2,1,0
1591,1,8,1,12,1,13,1,2,1,9,0
1592,2,13,2,3,2,5,2,2,2,10,0
1593,1,10,1,11,1,8,1,4,1,5,0
1594,2,3,2,12,2,8,2,1,2,2,0
1595,4,10,4,8,4,4,4,7,4,11,0
1596,1,9,1,11,1,12,1,2,1,13,0
1597,1,7,1,3,1,2,1,8,1,13,0
1598,2,4,2,13,2,12,2,2,2,8,0
1599,2,4,2,2,2,9,2,8,2,3,0
1600,4,3,4,8,4,4,4,7,4,2,0
1601,3,7,3,4,3,5,3,6,3,9,0
1602,4,4,4,2,4,6,4,9,4,11,0
1603,3,13,3,5,3,9,3,7,3,11,0
1604,3,11,3,8,3,6,3,4,3,1,0
1605,3,3,3,12,3,7,3,10,3,6,0
1606,3,4,3,11,3,5,3,3,3,7,0
1607,4,3,4,10,4,2,4,11,4,4,0
1608,4,10,4,4,4,6,4,7,4,5,0
1609,2,13,2,1,2,3,2,9,2,6,0
1610,1,7,1,4,1,10,1,9,1,8,0
1611,3,13,3,11,3,12,3,10,3,9,1
1612,2,13,2,10,2,3,2,4,2,7,0
1613,4,9,4,13,4,7,4,4,4,12,0
1614,1,7,1,2,1,9,1,13,1,6,0
1615,1,11,1,5,1,8,1,2,1,7,0
1616,2,6,2,4,2,10,2,11,2,8,0
1617,4,7,4,9,4,13,4,2,4,5,0
1618,2,1,2,2,2,4,2,7,2,9,0
1619,1,11,1,12,1,9,1,4,1,3,0
1620,3,3,3,12,3,2,3,6,3,5,0
1621,1,2,1,5,1,8,1,12,1,4,0
1622,2,10,2,12,2,8,2,4,2,2,0
1623,1,7,1,13,1,6,1,12,1,11,0
1624,4,2,4,5,4,11,4,9,4,10,0
1625,1,6,1,13,1,4,1,10,1,9,0
1626,4,10,4,8,4,9,4,2,4,13,0
1627,4,13,4,1,4,8,4,12,4,6,0
1628,3,6,3,11,3,4,3,12,3,5,0
1629,3,10,3,6,3,8,3,2,3,9,0
1630,4,4,4,12,4,1,4,10,4,9,0
1631,1,9,1,7,1,6,1,11,1,1,0
1632,1,2,1,7,1,6,1,12,1,4,0
1633,1,5,1,13,1,3,1,1,1,7,0
1634,3,4,3,1,3,13,3,7,3,10,0
1635,2,10,2,11,2,7,2,5,2,13,0
1636,4,11,4,7,4,12,4,5,4,4,0
1637,3,1,3,7,3,6,3,3,3,2,0
1638,3,11,3,12,3,4,3,6,3,8,0
1639,3,4,3,8,3,1,3,13,3,11,0
1640,3,4,3,7,3,8,3,5,3,1,0
1641,1,3,1,5,1,9,1,6,1,10,0
1642,2,1,2,12,2,5,2,2,2,13,0
1643,3,9,3,6,3,7,3,3,3,8,0
1644,3,9,3,11,3,3,3,5,3,7,0
1645,2,2,2,4,2,12,2,10,2,1,0
1646,3,11,3,4,3,13,3,6,3,3,0
1647,4,13,4,9,4,7,4,12,4,6,0
1648,3,12,3,10,3,9,3,13,3,1,0
1649,3,6,3,13,3,8,3,10,3,7,0
1650,2,7,2,13,2,12,2,4,2,3,0
1651,2,11,2,9,2,2,2,7,2,12,0
1652,1,2,1,5,1,3,1,12,1,13,0
1653,3,8,3,2,3,7,3,9,3,4,0
1654,3,2,3,5,3,1,3,6,3,3,0
1655,1,9,1,6,1,1,1,12,1,11,0
1656,3,12,3,4,3,5,3,13,3,3,0
1657,4,4,4,10,4,5,4,7,4,9,0
1658,1,4,1,11,1,12,1,13,1,6,0
1659,1,6,1,13,1,12,1,4,1,9,0
1660,4,10,4,2,4,11,4,1,4,3,0
1661,3,4,3,10,3,7,3,13,3,11,0
1662,2,2,2,7,2,5,2,4,2,10,0
1663,1,2,1,8,1,3,1,12,1,6,0
1664,4,3,4,1,4,4,4,10,4,13,0
1665,3,1,3,6,3,2,3,5,3,10,0
1666,1,5,1,7,1,12,1,2,1,3,0
1667,1,13,1,2,1,9,1,8,1,7,0
1668,2,2,2,5,2,11,2,9,2,10,0
1669,3,3,3,7,3,13,3,11,3,6,0
1670,2,10,2,1,2,3,2,12,2,11,0
1671,3,8,3,13,3,3,3,6,3,9,0
1672,4,6,4,8,4,9,4,2,4,3,0
1673,1,1,1,6,1,9,1,11,1,5,0
1674,4,2,4,12,4,9,4,3,4,11,0
1675,2,13,2,8,2,2,2,3,2,9,0
1676,4,9,4,4,4,13,4,6,4,7,0
1677,2,11,2,13,2,5,2,4,2,3,0
1678,3,3,3,7,3,8,3,2,3,1,0
1679,1,1,1,12,1,3,1,10,1,4,0
1680,4,8,4,11,4,4,4,1,4,10,0
1681,2,2,2,3,2,1,2,11,2,10,0
1682,1,3,1,13,1,9,1,10,1,4,0
1683,3,10,3,9,3,12,3,1,3,6,0
1684,4,13,4,7,4,9,4,2,4,3,0
1685,2,7,2,4,2,11,2,5,2,10,0
1686,2,4,2,7,2,2,2,3,2,11,0
1687,1,6,1,5,1,10,1,7,1,2,0
1688,3,11,3,7,3,6,3,1,3,10,0
1689,1,3,1,8,1,10,1,12,1,6,0
1690,3,2,3,12,3,13,3,7,3,6,0
1691,2,9,2,7,2,8,2,11,2,2,0
1692,3,6,3,3,3,8,3,7,3,9,0
1693,1,8,1,13,1,9,1,11,1,6,0
1694,3,4,3,8,3,12,3,9,3,11,0
1695,3,10,3,7,3,3,3,9,3,1,0
1696,2,10,2,4,2,2,2,11,2,6,0
1697,3,13,3,11,3,4,3,6,3,10,0
1698,2,7,2,5,2,6,2,1,2,11,0
1699,2,10,2,11,2,4,2,1,2,6,0
1700,4,12,4,6,4,4,4,8,4,9,0
1701,3,10,3,2,3,3,3,4,3,8,0
1702,1,4,1,5,1,8,1,2,1,13,0
1703,3,9,3,3,3,1,3,2,3,11,0
1704,2,12,2,3,2,4,2,1,2,2,0
1705,3,5,3,12,3,13,3,9,3,7,0
1706,4,4,4,2,4,6,4,12,4,5,0
1707,1,10,1,7,1,5,1,13,1,8,0
1708,3,7,3,5,3,4,3,1,3,12,0
1709,4,8,4,1,4,13,4,12,4,7,0
1710,2,12,2,13,2,7,2,3,2,2,0
1711,3,3,3,13,3,12,3,2,3,9,0
1712,2,7,2,11,2,10,2,3,2,4,0
1713,3,7,3,12,3,13,3,2,3,3,0
1714,1,3,1,1,1,5,1,13,1,10,0
1715,1,1,1,7,1,8,1,13,1,5,0
1716,1,10,1,13,1,4,1,6,1,8,0
1717,3,12,3,4,3,10,3,6,3,13,0
1718,4,5,4,12,4,2,4,4,4,11,0
1719,2,11,2,1,2,4,2,6,2,9,0
1720,2,10,2,8,2,6,2,2,2,3,0
1721,2,3,2,11,2,6,2,2,2,4,0
1722,1,3,1,12,1,6,1,1,1,10,0
1723,4,13,4,9,4,11,4,2,4,10,0
1724,1,3,1,10,1,5,1,4,1,12,0
1725,4,10,4,5,4,1,4,12,4,8,0
1726,2,5,2,3,2,11,2,9,2,6,0
1727,1,7,1,10,1,13,1,3,1,9,0
1728,2,2,2,6,2,5,2,11,2,13,0
1729,3,13,3,5,3,9,3,12,3,10,0
1730,4,6,4,10,4,5,4,12,4,3,0
1731,2,13,2,11,2,4,2,9,2,2,0
1732,4,8,4,7,4,10,4,5,4,3,0
1733,2,8,2,12,2,1,2,2,2,5,0
1734,2,12,2,4,2,7,2,1,2,6,0
1735,1,7,1,13,1,11,1,3,1,8,0
1736,1,7,1,9,1,13,1,1,1,6,0
1737,1,13,1,5,1,12,1,11,1,3,0
1738,1,11,1,3,1,1,1,7,1,8,0
1739,2,6,2,4,2,7,2,13,2,8,0
1740,3,12,3,2,3,1,3,5,3,13,0
1741,2,6,2,3,2,11,2,1,2,8,0
1742,4,12,4,5,4,2,4,9,4,10,0
1743,2,13,2,1,2,3,2,8,2,7,0
1744,2,3,2,1,2,7,2,8,2,12,0
1745,3,11,3,3,3,13,3,4,3,9,0
1746,2,13,2,8,2,5,2,6,2,3,0
1747,1,13,1,5,1,4,1,11,1,9,0
1748,4,7,4,10,4,12,4,1,4,6,0
1749,3,8,3,1,3,6,3,11,3,2,0
1750,4,12,4,7,4,5,4,6,4,1,0
1751,2,4,2,13,2,1,2,7,2,6,0
1752,4,2,4,11,4,10,4,4,4,8,0
1753,1,2,1,13,1,1,1,4,1,9,0
1754,1,6,1,2,1,10,1,4,1,7,0
1755,3,6,3,5,3,12,3,9,3,13,0
1756,1,8,1,12,1,6,1,11,1,1,0
1757,2,8,2,12,2,1,2,2,2,13,0
1758,3,6,3,7,3,3,3,8,3,4,0
1759,2,9,2,4,2,5,2,3,2,10,0
1760,1,10,1,6,1,1,1,9,1,3,0
1761,1,4,1,12,1,2,1,13,1,6,0
1762,2,5,2,10,2,1,2,2,2,6,0
1763,2,13,2,8,2,4,2,1,2,6,0
1764,4,5,4,4,4,3,4,9,4,11,0
1765,4,5,4,9,4,8,4,12,4,13,0
1766,3,12,3,6,3,13,3,5,3,1,0
1767,2,5,2,12,2,2,2,8,2,10,0
1768,3,1,3,7,3,5,3,4,3,11,0
1769,2,5,2,10,2,11,2,3,2,2,0
1770,1,10,1,2,1,3,1,8,1,13,0
1771,3,9,3,10,3,3,3,4,3,6,0
1772,2,7,2,11,2,6,2,4,2,3,0
1773,1,8,1,11,1,6,1,13,1,2,0
1774,1,3,1,4,1,9,1,11,1,2,0
1775,3,12,3,9,3,11,3,1,3,13,0
1776,2,2,2,3,2,6,2,7,2,1,0
1777,3,2,3,10,3,11,3,3,3,8,0
1778,4,7,4,3,4,1,4,5,4,12,0
1779,4,12,4,7,4,5,4,8,4,2,0
1780,4,6,4,9,4,13,4,7,4,4,0
1781,1,5,1,11,1,7,1,6,1,12,0
1782,2,8,2,7,2,11,2,10,2,2,0
1783,2,10,2,3,2,2,2,6,2,11,0
1784,3,5,3,13,3,6,3,3,3,11,0
1785,3,11,3,9,3,5,3,13,3,1,0
1786,2,10,2,5,2,12,2,13,2,6,0
1787,2,6,2,9,2,7,2,11,2,13,0
1788,3,12,3,2,3,13,3,8,3,1,0
1789,2,7,2,1,2,5,2,3,2,13,0
1790,3,13,3,1,3,6,3,11,3,10,0
1791,2,3,2,12,2,9,2,7,2,11,0
1792,1,4,1,9,1,7,1,13,1,5,0
1793,4,1,4,2,4,5,4,8,4,3,0
1794,4,2,4,13,4,1,4,3,4,10,0
1795,3,13,3,6,3,9,3,12,3,10,0
1796,1,10,1,2,1,11,1,4,1,5,0
1797,2,2,2,9,2,8,2,5,2,11,0
1798,4,1,4,9,4,12,4,4,4,2,0
1799,1,6,1,1,1,3,1,12,1,9,0
1800,1,4,1,13,1,5,1,6,1,8,0
1801,2,8,2,4,2,12,2,11,2,7,0
1802,2,3,2,4,2,5,2,1,2,13,0
1803,2,6,2,8,2,13,2,11,2,5,0
1804,4,2,4,11,4,9,4,10,4,4,0
1805,1,6,1,1,1,5,1,2,1,7,0
1806,1,10,1,12,1,8,1,4,1,5,0
1807,1,10,1,9,1,13,1,5,1,4,0
1808,3,6,3,1,3,5,3,4,3,3,0
1809,3,5,3,7,3,13,3,3,3,2,0
1810,1,11,1,13,1,5,1,10,1,2,0
1811,1,4,1,11,1,10,1,12,1,5,0
1812,1,12,1,3,1,5,1,1,1,6,0
1813,1,9,1,5,1,3,1,7,1,13,0
1814,2,3,2,10,2,11,2,9,2,7,0
1815,1,4,1,2,1,12,1,1,1,7,0
1816,2,8,2,9,2,1,2,7,2,4,0
1817,3,6,3,2,3,12,3,10,3,5,0
1818,4,1,4,3,4,9,4,6,4,12,0
1819,4,8,4,11,4,12,4,1,4,7,0
1820,3,4,3,2,3,8,3,13,3,7,0
1821,3,2,3,3,3,10,3,8,3,9,0
1822,2,3,2,8,2,11,2,10,2,13,0
1823,1,2,1,5,1,9,1,11,1,3,0
1824,2,13,2,8,2,5,2,1,2,7,0
1825,3,9,3,13,3,3,3,10,3,4,0
1826,3,10,3,4,3,5,3,3,3,1,0
1827,4,7,4,9,4,13,4,4,4,2,0
1828,1,12,1,2,1,9,1,6,1,4,0
1829,2,7,2,10,2,3,2,5,2,8,0
1830,4,2,4,4,4,3,4,8,4,13,0
1831,1,5,1,4,1,9,1,13,1,12,0
1832,2,5,2,4,2,2,2,13,2,12,0
1833,1,1,1,9,1,3,1,8,1,10,0
1834,4,12,4,4,4,10,4,11,4,9,0
1835,4,8,4,2,4,1,4,4,4,12,0
1836,1,4,1,6,1,10,1,11,1,12,0
1837,4,2,4,5,4,13,4,12,4,7,0
1838,3,3,3,8,3,11,3,1,3,6,0
1839,2,4,2,13,2,5,2,6,2,9,0
1840,3,2,3,10,3,6,3,8,3,4,0
1841,3,8,3,2,3,1,3,10,3,11,0
1842,3,1,3,2,3,5,3,10,3,13,0
1843,3,1,3,10,3,2,3,9,3,12,0
1844,2,13,2,11,2,10,2,3,2,8,0
1845,4,11,4,9,4,4,4,3,4,5,0
1846,3,3,3,13,3,12,3,10,3,7,0
1847,4,12,4,13,4,3,4,5,4,2,0
1848,3,13,3,2,3,10,3,11,3,12,0
1849,1,13,1,10,1,6,1,5,1,11,0
1850,1,7,1,1,1,3,1,10,1,6,0
1851,4,13,4,6,4,12,4,3,4,2,0
1852,4,9,4,6,4,5,4,1,4,7,0
1853,1,4,1,6,1,10,1,13,1,8,0
1854,1,2,1,6,1,7,1,8,1,13,0
1855,1,3,1,10,1,6,1,4,1,2,0
1856,3,7,3,9,3,11,3,2,3,6,0
1857,4,13,4,3,4,12,4,10,4,6,0
1858,1,9,1,13,1,8,1,7,1,10,0
1859,2,12,2,2,2,8,2,13,2,4,0
1860,1,1,1,8,1,5,1,13,1,2,0
1861,2,10,2,3,2,1,2,7,2,12,0
1862,3,8,3,10,3,1,3,12,3,9,0
1863,3,3,3,10,3,2,3,5,3,11,0
1864,3,1,3,8,3,6,3,13,3,4,0
1865,2,12,2,3,2,10,2,7,2,13,0
1866,4,10,4,8,4,4,4,11,4,3,0
1867,3,6,3,10,3,5,3,11,3,8,0
1868,2,1,2,4,2,13,2,5,2,9,0
1869,2,12,2,6,2,8,2,9,2,2,0
1870,4,7,4,12,4,1,4,6,4,10,0
1871,2,8,2,4,2,6,2,13,2,11,0
1872,1,7,1,2,1,4,1,3,1,6,0
1873,1,11,1,10,1,1,1,6,1,12,0
1874,1,3,1,7,1,12,1,4,1,5,0
1875,4,3,4,11,4,6,4,2,4,12,0
1876,2,8,2,4,2,12,2,11,2,5,0
1877,4,1,4,7,4,3,4,4,4,11,0
1878,4,11,4,6,4,12,4,5,4,7,0
1879,1,13,1,5,1,7,1,6,1,3,0
1880,2,12,2,8,2,4,2,6,2,7,0
1881,3,11,3,13,3,12,3,9,3,3,0
1882,4,12,4,3,4,11,4,7,4,13,0
1883,1,9,1,7,1,8,1,12,1,3,0
1884,1,5,1,6,1,8,1,4,1,13,0
1885,1,8,1,9,1,4,1,3,1,1,0
1886,4,10,4,3,4,9,4,6,4,7,0
1887,1,10,1,13,1,12,1,3,1,5,0
1888,4,4,4,10,4,9,4,11,4,3,0
1889,2,5,2,10,2,2,2,1,2,8,0
1890,2,3,2,2,2,9,2,12,2,5,0
1891,3,13,3,3,3,9,3,11,3,6,0
1892,4,3,4,6,4,11,4,8,4,4,0
1893,4,11,4,4,4,3,4,9,4,1,0
1894,1,9,1,1,1,8,1,6,1,11,0
1895,4,12,4,5,4,9,4,8,4,2,0
1896,4,1,4,11,4,10,4,12,4,13,1
1897,1,4,1,1,1,8,1,5,1,2,0
1898,4,13,4,7,4,10,4,6,4,8,0
1899,2,9,2,4,2,6,2,8,2,12,0
1900,4,4,4,12,4,9,4,3,4,11,0
1901,2,11,2,7,2,8,2,6,2,2,0
1902,1,2,1,9,1,8,1,5,1,10,0
1903,3,10,3,1,3,3,3,11,3,7,0
1904,1,8,1,1,1,6,1,13,1,10,0
1905,4,5,4,4,4,8,4,7,4,3,0
1906,2,4,2,5,2,13,2,11,2,7,0
1907,3,8,3,4,3,11,3,12,3,10,0
1908,2,6,2,12,2,5,2,9,2,1,0
1909,3,5,3,6,3,12,3,11,3,10,0
1910,1,7,1,3,1,6,1,5,1,4,1
1911,3,8,3,11,3,9,3,6,3,4,0
1912,2,8,2,10,2,7,2,3,2,4,0
1913,3,3,3,1,3,13,3,10,3,4,0
1914,3,2,3,13,3,6,3,7,3,4,0
1915,4,10,4,2,4,1,4,4,4,11,0
1916,2,1,2,9,2,3,2,7,2,12,0
1917,1,6,1,5,1,13,1,11,1,8,0
1918,4,10,4,7,4,1,4,8,4,9,0
1919,3,8,3,5,3,12,3,2,3,1,0
1920,4,3,4,11,4,6,4,12,4,5,0
1921,1,2,1,12,1,4,1,13,1,9,0
1922,4,12,4,6,4,5,4,8,4,13,0
1923,3,7,3,4,3,1,3,3,3,2,0
1924,2,1,2,12,2,7,2,5,2,2,0
1925,3,5,3,3,3,1,3,2,3,6,0
1926,2,3,2,6,2,2,2,13,2,9,0
1927,3,3,3,7,3,9,3,4,3,8,0
1928,4,2,4,10,4,4,4,13,4,3,0
1929,4,8,4,3,4,5,4,1,4,9,0
1930,2,3,2,2,2,8,2,7,2,9,0
1931,1,6,1,13,1,1,1,2,1,8,0
1932,1,13,1,11,1,1,1,6,1,7,0
1933,1,3,1,12,1,13,1,2,1,5,0
1934,4,7,4,11,4,8,4,4,4,9,0
1935,2,12,2,10,2,5,2,9,2,6,0
1936,1,13,1,12,1,9,1,5,1,10,0
1937,4,7,4,11,4,13,4,1,4,12,0
1938,1,7,1,5,1,11,1,6,1,13,0
1939,2,8,2,10,2,2,2,5,2,12,0
1940,4,6,4,11,4,5,4,1,4,2,0
1941,4,9,4,13,4,4,4,6,4,5,0
1942,3,6,3,8,3,1,3,13,3,12,0
1943,2,6,2,3,2,4,2,8,2,11,0
1944,3,9,3,5,3,12,3,6,3,1,0
1945,4,9,4,1,4,6,4,10,4,2,0
1946,3,4,3,2,3,9,3,3,3,7,0
1947,1,8,1,7,1,9,1,5,1,6,1
1948,3,13,3,12,3,8,3,3,3,6,0
1949,3,4,3,1,3,11,3,6,3,7,0
1950,2,3,2,1,2,8,2,5,2,7,0
1951,3,9,3,12,3,10,3,3,3,5,0
1952,3,2,3,5,3,8,3,13,3,7,0
1953,1,13,1,8,1,7,1,12,1,1,0
1954,4,11,4,10,4,6,4,1,4,5,0
1955,4,2,4,5,4,4,4,7,4,1,0
1956,3,1,3,11,3,12,3,13,3,9,0
1957,3,6,3,8,3,5,3,10,3,2,0
1958,3,2,3,1,3,6,3,5,3,3,0
1959,4,1,4,7,4,10,4,9,4,5,0
1960,2,9,2,3,2,1,2,2,2,5,0
1961,3,7,3,2,3,8,3,12,3,13,0
1962,4,1,4,4,4,10,4,11,4,6,0
1963,1,2,1,11,1,12,1,3,1,4,0
1964,3,5,3,12,3,2,3,13,3,8,0
1965,3,12,3,6,3,8,3,13,3,4,0
1966,3,1,3,9,3,13,3,3,3,7,0
1967,4,10,4,5,4,9,4,8,4,12,0
1968,3,7,3,10,3,9,3,2,3,6,0
1969,1,13,1,5,1,4,1,3,1,12,0
1970,4,7,4,4,4,11,4,5,4,10,0
1971,2,5,2,7,2,13,2,12,2,6,0
1972,4,12,4,10,4,2,4,9,4,6,0
1973,2,13,2,12,2,1,2,6,2,7,0
1974,2,6,2,11,2,13,2,3,2,2,0
1975,4,1,4,4,4,10,4,8,4,11,0
1976,4,1,4,11,4,6,4,2,4,12,0
1977,1,5,1,9,1,3,1,8,1,10,0
1978,3,9,3,6,3,13,3,8,3,12,0
1979,1,10,1,2,1,13,1,5,1,8,0
1980,1,1,1,3,1,8,1,7,1,10,0
1981,4,13,4,11,4,8,4,12,4,2,0
1982,4,10,4,1,4,2,4,3,4,8,0
1983,4,4,4,7,4,10,4,12,4,9,0
1984,2,10,2,13,2,8,2,2,2,9,0
1985,4,5,4,11,4,3,4,8,4,7,0
1986,3,13,3,3,3,4,3,11,3,9,0
1987,4,10,4,12,4,3,4,13,4,11,0
1988,3,8,3,7,3,6,3,4,3,10,0
1989,2,1,2,8,2,9,2,2,2,12,0
1990,3,11,3,10,3,6,3,5,3,1,0
1991,3,13,3,11,3,2,3,12,3,9,0
1992,4,10,4,12,4,9,4,11,4,13,1
1993,4,1,4,11,4,12,4,3,4,10,0
1994,2,4,2,13,2,9,2,1,2,11,0
1995,4,7,4,9,4,11,4,6,4,10,0
1996,3,12,3,9,3,2,3,10,3,6,0
1997,1,13,1,12,1,9,1,7,1,1,0
1998,2,2,2,10,2,12,2,13,2,1,0
1999,3,13,3,11,3,8,3,3,3,12,0
2000,4,6,4,1,4,8,4,5,4,9,0
2001,4,3,4,8,4,10,4,4,4,1,0
2002,3,2,3,7,3,5,3,11,3,8,0
2003,1,5,1,7,1,2,1,6,1,3,0
2004,1,3,1,2,1,8,1,13,1,1,0
2005,3,10,3,11,3,4,3,13,3,7,0
2006,2,12,2,3,2,13,2,5,2,1,0
2007,2,6,2,3,2,8,2,11,2,9,0
2008,4,4,4,13,4,7,4,11,4,1,0
2009,1,4,1,5,1,8,1,11,1,6,0
2010,2,10,2,9,2,11,2,1,2,2,0
2011,1,7,1,13,1,2,1,4,1,5,0
2012,1,10,1,11,1,13,1,12,1,1,1
2013,2,11,2,13,2,10,2,12,2,1,1
2014,3,12,3,11,3,13,3,10,3,1,1
2015,4,10,4,11,4,1,4,13,4,12,1
2016,4,1,4,13,4,12,4,11,4,10,1
2017,1,2,1,4,1,5,1,3,1,6,1
2018,1,9,1,12,1,10,1,11,1,13,1
2019,2,1,2,2,2,3,2,4,2,5,1
2020,3,5,3,6,3,9,3,7,3,8,1
2021,4,1,4,4,4,2,4,3,4,5,1
2022,4,8,4,4,4,2,4,1,4,7,0
2023,4,6,4,1,4,5,4,3,4,8,0
2024,4,2,4,4,4,5,4,3,4,12,0
2025,2,12,2,1,2,13,2,4,2,3,0
2026,1,6,1,5,1,1,1,9,1,12,0
2027,4,7,4,4,4,10,4,9,4,12,0
2028,3,9,3,3,3,13,3,11,3,5,0
2029,3,10,3,2,3,5,3,8,3,4,0
2030,4,10,4,12,4,6,4,9,4,8,0
2031,3,2,3,5,3,11,3,12,3,7,0
2032,2,6,2,12,2,4,2,13,2,9,0
2033,2,11,2,12,2,13,2,4,2,9,0
2034,3,2,3,5,3,11,3,10,3,12,0
2035,2,7,2,12,2,3,2,2,2,9,0
2036,4,5,4,11,4,2,4,6,4,1,0
2037,3,13,3,8,3,3,3,12,3,5,0
2038,2,8,2,12,2,7,2,3,2,10,0
2039,4,10,4,6,4,4,4,2,4,8,0
2040,2,2,2,10,2,5,2,7,2,6,0
2041,1,13,1,2,1,5,1,7,1,9,0
2042,4,6,4,12,4,3,4,11,4,1,0
2043,1,1,1,10,1,12,1,2,1,4,0
2044,1,12,1,2,1,13,1,5,1,8,0
2045,1,4,1,8,1,13,1,12,1,3,0
2046,3,12,3,3,3,8,3,4,3,6,0
2047,3,9,3,10,3,7,3,8,3,4,0
2048,3,9,3,10,3,11,3,1,3,5,0
2049,4,11,4,8,4,3,4,7,4,1,0
2050,3,1,3,7,3,11,3,10,3,2,0
2051,1,6,1,4,1,5,1,10,1,8,0
2052,4,12,4,4,4,11,4,1,4,9,0
2053,1,4,1,9,1,3,1,2,1,1,0
2054,4,1,4,3,4,9,4,12,4,8,0
2055,4,9,4,7,4,6,4,8,4,13,0
2056,3,10,3,7,3,5,3,3,3,9,0
2057,2,11,2,13,2,1,2,12,2,9,0
2058,3,2,3,4,3,8,3,7,3,5,0
2059,4,1,4,5,4,13,4,9,4,7,0
2060,4,5,4,3,4,2,4,1,4,13,0
2061,4,4,4,6,4,2,4,7,4,12,0
2062,4,5,4,9,4,12,4,11,4,4,0
2063,1,13,1,6,1,2,1,4,1,1,0
2064,1,9,1,11,1,13,1,10,1,3,0
2065,2,11,2,1,2,6,2,9,2,8,0
2066,1,13,1,3,1,7,1,5,1,12,0
2067,2,1,2,7,2,3,2,9,2,13,0
2068,4,2,4,7,4,8,4,12,4,3,0
2069,1,6,1,7,1,3,1,4,1,11,0
2070,3,2,3,3,3,13,3,7,3,1,0
2071,2,9,2,1,2,7,2,12,2,10,0
2072,4,12,4,2,4,8,4,10,4,11,0
2073,4,10,4,12,4,9,4,1,4,13,0
2074,2,9,2,13,2,5,2,4,2,3,0
2075,1,9,1,11,1,3,1,8,1,4,0
