,0,1,2,3,4,5,6,7,8,y
1,0,27,24,4,1,14,89,1,0,1
2,0,17,14,3,2,3,89,1,0,0
3,0,51,0,2.5,4,22,89,1,0,1
4,0,28,0,5.5,17,5,89,1,0,0
5,0,38,7,5.5,15,9,89,1,0,0
6,0,34,20,6,6,11,89,1,0,0
7,0,31,21,6,13,0,89,1,0,1
8,0,24,27,2.5,19,16,89,1,0,0
9,0,16,13,1.5,21,7,89,1,0,1
10,0,40,14,3.5,12,23,89,1,0,0
11,0,30,24,3,25,10,89,1,0,1
12,0,31,7,5.5,20,24,89,1,0,0
13,0,21,23,3,8,26,89,1,0,0
14,0,24,27,4,27,18,89,1,0,0
15,0,27,21,1.5,0,5,89,2,0,0
16,0,24,14,11,18,7,89,2,0,0
17,0,34,27,4,9,23,89,2,0,1
18,0,31,17,6,13,10,89,2,0,0
19,0,24,19,2,11,12,89,2,0,0
20,0,10,24,6,16,14,89,2,0,0
21,0,38,7,0,2,15,89,2,0,0
22,0,34,35,4.5,17,8,89,2,0,1
23,0,38,24,7,4,19,89,2,0,0
24,0,37,42,3,27,20,89,2,0,0
25,0,24,34,7,24,21,89,2,0,0
26,0,41,10,10,3,22,89,2,0,0
27,0,20,16,7.5,25,26,89,2,0,1
28,0,14,28,6.5,1,6,89,2,0,0
29,0,13,9,7.5,10,0,89,3,0,0
30,1,41,47,3.5,9,1,89,3,0,0
31,0,47,27,7,2,7,89,3,0,1
32,0,41,38,10,13,8,89,3,0,0
33,0,21,6,2.5,23,11,89,3,0,0
34,0,31,21,6.5,6,12,89,3,0,0
35,0,14,27,8.5,15,22,89,3,0,1
36,0,10,20,2.5,17,26,89,3,0,1
37,0,33,40,4,14,19,89,3,0,0
38,0,35,7,7.5,18,21,89,3,0,0
39,0,28,38,1.5,20,25,89,3,0,0
40,0,3,24,3.5,16,24,89,3,0,0
41,0,30,7,4.5,27,5,89,3,0,1
42,0,21,14,4,3,4,89,3,0,0
43,0,23,21,7,8,0,89,4,0,0
44,0,21,17,5,3,11,89,4,0,1
45,0,16,13,5.5,4,6,89,4,0,0
46,0,10,17,3,19,10,89,4,0,0
47,0,12,13,5,25,13,89,4,0,0
48,0,39,7,7,9,14,89,4,0,0
49,0,31,10,7,1,16,89,4,0,0
50,0,30,13,7,18,5,89,4,0,1
51,0,3,23,2.5,7,22,89,4,0,0
52,0,13,24,4,21,23,89,4,0,0
53,0,20,24,1,12,24,89,4,0,0
54,0,17,3,8,15,26,89,4,0,0
55,0,16,14,1.5,27,17,89,4,0,1
56,0,27,13,3.5,2,20,89,4,0,0
57,0,26,14,10.5,13,0,89,5,0,0
58,0,14,37,0,1,10,89,5,0,1
59,0,35,42,4.5,2,26,89,5,0,1
60,0,26,16,4,3,22,89,5,0,1
61,0,10,13,3.5,4,14,89,5,0,1
62,0,31,13,7,8,5,89,5,0,0
63,0,24,17,12,15,7,89,5,0,0
64,0,13,23,4,9,16,89,5,0,1
65,0,16,20,7,24,11,89,5,0,0
66,0,24,20,4,25,17,89,5,0,1
67,0,21,19,3,20,18,89,5,0,0
68,0,30,28,9.5,27,21,89,5,0,0
69,0,16,10,7,6,23,89,5,0,0
70,0,7,14,3,19,12,89,5,0,0
71,0,16,17,6,26,7,89,6,0,0
72,0,26,14,6.5,15,8,89,6,0,0
73,0,28,33,7,2,9,89,6,0,0
74,0,14,3,5,6,10,89,6,0,0
75,0,20,14,3,12,11,89,6,0,0
76,0,13,20,7.5,3,14,89,6,0,0
77,0,16,15,2.5,0,16,89,6,0,0
78,0,29,14,5.5,17,19,89,6,0,0
79,0,17,5,3.5,20,21,89,6,0,1
80,0,7,17,9,4,22,89,6,0,0
81,0,31,14,14,25,5,89,6,0,1
82,0,16,17,0,23,24,89,6,0,0
83,0,20,17,3,18,27,89,6,0,0
84,0,20,23,3.5,13,1,89,6,0,1
85,0,34,20,2,21,0,89,7,0,0
86,0,36,28,9,11,5,89,7,0,0
87,0,21,24,3,24,6,89,7,0,0
88,0,23,20,3,14,8,89,7,0,0
89,0,12,23,6.5,3,10,89,7,0,0
90,0,10,7,6.5,20,12,89,7,0,0
91,0,20,7,7.5,15,7,89,7,0,1
92,0,37,20,11,25,16,89,7,0,0
93,0,21,40,7,13,17,89,7,0,0
94,0,20,13,4,18,23,89,7,0,1
95,0,34,3,7,1,19,89,7,0,0
96,0,27,0,10,9,22,89,7,0,0
97,0,32,28,8,27,26,89,7,0,0
98,0,27,7,1,4,2,89,7,0,0
99,0,20,13,7,17,0,89,8,0,0
100,1,23,20,6.5,8,7,89,8,0,0
101,0,28,17,2.5,4,9,89,8,0,0
102,0,23,17,2,22,11,89,8,0,0
103,0,20,10,2.5,2,13,89,8,0,0
104,0,31,17,4,1,14,89,8,0,0
105,1,20,23,6,10,16,89,8,0,0
106,0,24,28,3,6,20,89,8,0,0
107,0,19,10,4,21,5,89,8,0,1
108,0,10,7,6,24,23,89,8,0,0
109,0,23,10,8.5,25,19,89,8,0,1
110,0,56,23,6.5,3,26,89,8,0,0
111,0,24,37,2,27,12,89,8,0,1
112,0,24,14,2,18,15,89,8,0,0
113,0,28,30,3,1,0,89,9,0,1
114,0,13,14,3,2,8,89,9,0,1
115,0,7,28,1.5,3,12,89,9,0,1
116,0,42,31,3,4,26,89,9,0,1
117,0,35,31,10,9,7,89,9,0,0
118,0,19,13,3,14,10,89,9,0,0
119,1,23,21,4.5,15,13,89,9,0,0
120,0,20,13,3,18,21,89,9,0,1
121,0,26,27,7.5,16,19,89,9,0,0
122,0,17,20,4,20,23,89,9,0,1
123,0,34,7,7.5,6,22,89,9,0,0
124,0,20,10,2.5,11,24,89,9,0,0
125,0,3,13,14,27,5,89,9,2,0
126,0,31,13,6,25,17,89,9,0,0
127,0,45,3,10.5,25,0,89,10,0,0
128,0,20,0,3.5,2,22,89,10,0,1
129,0,17,7,2.5,4,24,89,10,0,1
130,0,24,20,7,21,5,89,10,0,0
131,0,13,16,0,11,6,89,10,0,0
132,0,22,31,1.5,8,7,89,10,0,1
133,0,30,7,6.5,1,10,89,10,0,0
134,0,31,23,3,14,19,89,10,0,1
135,0,24,10,5.5,15,26,89,10,0,1
136,0,28,24,2.5,17,16,89,10,0,1
137,0,31,10,2.5,13,18,89,10,0,0
138,0,3,10,5,20,27,89,10,0,0
139,0,12,14,2.5,12,23,89,10,2,1
140,0,26,24,6,9,3,89,10,0,0
141,0,24,33,6,1,16,89,11,0,1
142,0,42,7,7,3,7,89,11,0,0
143,0,17,21,10,25,8,89,11,0,0
144,1,10,10,7,4,11,89,11,0,0
145,0,23,7,5,9,12,89,11,0,0
146,0,17,14,6.5,14,5,89,11,0,1
147,0,9,10,1,15,20,89,11,0,1
148,0,26,17,3,17,0,89,11,0,1
149,0,37,14,10.5,13,21,89,11,0,0
150,0,20,17,2.5,22,23,89,11,0,0
151,0,15,3,9,18,24,89,11,0,0
152,0,31,32,10,2,26,89,11,0,0
153,0,27,10,6,10,19,89,11,2,0
154,0,10,14,2.5,27,6,89,11,0,0
155,0,10,13,6,4,7,89,12,3,1
156,0,27,0,6,20,5,89,12,3,1
157,0,27,7,2,19,0,89,12,0,0
158,0,14,38,0,2,27,89,12,0,1
159,0,24,7,3,1,3,89,12,0,0
160,0,0,34,1.5,9,11,89,12,0,1
161,0,19,20,3,15,8,89,12,0,1
162,0,24,21,6.5,12,16,89,12,0,0
163,0,14,34,7.5,14,22,89,12,0,0
164,0,10,6,4.5,10,23,89,12,0,0
165,0,41,14,9.5,6,24,89,12,0,0
166,0,13,14,1.5,21,26,89,12,0,0
167,1,20,17,0,13,17,89,12,2,1
168,0,34,24,5,25,18,89,12,0,0
169,0,0,21,4,4,3,89,13,0,0
170,1,16,13,1.5,12,6,89,13,0,0
171,0,17,16,2.5,8,26,89,13,0,1
172,0,23,16,3,9,22,89,13,0,1
173,0,22,16,1.5,16,10,89,13,0,0
174,0,35,31,9.5,13,5,89,13,0,1
175,0,26,21,3.5,11,14,89,13,0,0
176,0,14,21,4,17,7,89,13,0,1
177,0,17,20,4.5,23,19,89,13,0,0
178,0,17,24,3,18,20,89,13,0,0
179,0,23,10,9.5,25,0,89,13,0,1
180,0,29,10,4,27,21,89,13,0,1
181,0,27,16,6,15,2,89,13,2,0
182,0,16,17,5.5,1,24,89,13,0,1
183,0,43,17,12,15,0,89,14,0,0
184,1,17,23,1,4,10,89,14,0,1
185,0,20,10,12,20,5,89,14,0,0
186,0,17,27,6.5,2,7,89,14,0,0
187,0,3,21,3,8,11,89,14,0,0
188,0,19,22,6,1,17,89,14,0,0
189,0,7,14,3,6,18,89,14,0,0
190,0,16,14,9,12,21,89,14,0,0
191,0,0,13,1.5,19,22,89,14,0,0
192,0,26,21,9.5,27,23,89,14,0,0
193,0,17,24,10,3,24,89,14,0,0
194,0,20,17,8,9,26,89,14,0,0
195,0,31,10,5,14,16,89,14,2,0
196,0,27,30,0,13,25,89,14,0,0
197,0,15,0,12,18,5,89,15,1,0
198,0,37,0,7,6,21,89,15,1,1
199,0,21,10,6.5,25,1,89,15,0,0
200,0,28,40,1.5,2,8,89,15,0,0
201,0,61,7,3.5,3,9,89,15,0,0
202,0,42,13,0,10,14,89,15,0,0
203,1,17,23,1.5,15,4,89,15,0,1
204,0,28,10,3,22,16,89,15,0,0
205,0,38,14,11,13,19,89,15,0,0
206,0,13,20,7.5,11,23,89,15,0,0
207,0,33,7,2.5,7,26,89,15,0,0
208,0,31,30,6.5,27,0,89,15,0,1
209,0,23,17,0,24,12,89,15,2,0
210,0,20,30,1,20,17,89,15,0,1
211,0,37,0,7,1,19,89,16,1,1
212,0,0,29,2,24,27,89,16,1,0
213,0,20,24,3.5,9,4,89,16,1,0
214,0,26,0,9,25,2,89,16,0,0
215,0,16,19,2.5,6,23,89,16,0,1
216,0,31,24,3,7,0,89,16,0,1
217,0,20,10,7,8,5,89,16,0,1
218,0,41,6,2.5,17,10,89,16,0,0
219,0,24,27,3.5,14,11,89,16,0,0
220,0,34,17,6.5,18,12,89,16,0,0
221,0,24,20,7,13,16,89,16,0,1
222,0,31,14,12,20,21,89,16,0,0
223,0,31,22,2,22,26,89,16,0,1
224,0,29,21,6,15,3,89,16,0,0
225,0,27,24,1,14,16,90,1,0,1
226,0,21,38,6.5,7,26,90,1,0,0
227,0,17,0,6,2,24,90,1,0,0
228,0,24,36,3,13,8,90,1,0,1
229,0,31,0,11.5,27,21,90,1,0,0
230,0,21,24,1.5,15,11,90,1,0,1
231,0,26,10,8,1,10,90,1,0,0
232,0,14,17,3,23,5,90,1,0,1
233,0,9,14,1,6,12,90,1,0,1
234,0,47,27,1,0,9,90,1,0,0
235,0,25,20,9,3,19,90,1,0,0
236,0,13,3,3,4,22,90,1,0,0
237,0,27,20,4.5,18,20,90,1,2,0
238,0,13,12,4.5,25,17,90,1,0,1
239,0,14,16,2.5,10,16,90,2,0,0
240,0,7,30,2,1,14,90,2,0,1
241,0,21,16,3,3,23,90,2,0,1
242,0,21,24,2,4,19,90,2,0,1
243,0,21,14,3,7,0,90,2,0,0
244,0,13,31,3,8,2,90,2,0,0
245,0,35,14,3,13,26,90,2,0,1
246,0,32,3,6,15,17,90,2,0,0
247,0,28,7,8,18,5,90,2,0,1
248,0,21,23,13.5,20,21,90,2,0,0
249,0,20,9,2.5,22,9,90,2,0,0
250,0,26,13,6.5,25,27,90,2,0,0
251,0,17,13,0,12,24,90,2,2,1
252,0,24,23,5,6,11,90,2,0,0
253,0,41,7,9.5,3,16,90,3,0,0
254,0,19,16,2,2,15,90,3,0,0
255,0,14,24,5.5,4,23,90,3,0,0
256,1,34,31,9,6,24,90,3,0,0
257,0,3,17,3,8,11,90,3,0,0
258,0,24,10,9,9,10,90,3,0,0
259,0,20,3,3.5,12,22,90,3,0,0
260,0,21,27,5.5,13,20,90,3,0,0
261,0,28,7,9,17,21,90,3,0,0
262,0,20,3,7,18,14,90,3,0,0
263,0,19,13,10.5,25,0,90,3,0,0
264,0,23,20,2,26,7,90,3,0,0
265,0,19,15,14,27,5,90,3,2,0
266,0,30,7,2,1,19,90,3,0,1
267,0,37,13,1,19,16,90,4,0,1
268,0,29,28,3,1,6,90,4,0,0
269,0,21,24,2.5,7,8,90,4,0,0
270,0,34,0,6.5,11,4,90,4,0,0
271,0,24,10,1,12,2,90,4,0,0
272,0,28,6,2,14,22,90,4,0,1
273,1,20,23,8,15,26,90,4,0,0
274,0,31,17,13.5,18,5,90,4,0,0
275,0,23,24,13,20,10,90,4,0,0
276,0,7,17,2,23,9,90,4,0,0
277,0,38,10,7,27,21,90,4,2,1
278,0,16,31,2.5,3,24,90,4,0,1
279,0,33,20,2.5,24,16,90,5,0,1
280,0,28,27,2,0,17,90,5,0,0
281,0,10,14,3,26,5,90,5,0,1
282,0,27,13,4,2,8,90,5,0,0
283,0,19,23,6,11,10,90,5,0,1
284,1,31,34,4.5,13,3,90,5,0,0
285,0,20,16,6,14,19,90,5,0,0
286,0,27,34,7,15,7,90,5,0,0
287,0,14,36,1.5,23,22,90,5,0,1
288,0,24,21,5.5,25,9,90,5,0,1
289,0,38,24,3,1,12,90,5,2,0
290,0,29,30,9,6,4,90,5,0,0
291,0,17,34,8.5,6,22,90,6,0,0
292,0,48,17,3.5,9,3,90,6,0,0
293,0,43,24,6.5,11,7,90,6,0,0
294,0,24,17,5.5,12,24,90,6,0,0
295,0,25,20,6,17,4,90,6,0,0
296,0,3,39,5,19,23,90,6,0,0
297,0,20,3,2,21,5,90,6,0,0
298,0,45,35,6,25,0,90,6,0,1
299,0,26,14,2,26,8,90,6,0,0
300,0,20,24,0,27,18,90,6,0,0
301,0,38,9,2,2,13,90,6,2,0
302,0,32,24,4.5,20,15,90,6,0,0
303,0,17,10,10,14,16,90,7,3,0
304,0,30,27,9,1,19,90,7,0,0
305,0,27,17,0,6,10,90,7,0,1
306,0,24,9,2.5,12,23,90,7,0,1
307,0,44,24,7,13,0,90,7,0,0
308,0,20,19,13.5,18,21,90,7,0,0
309,0,27,7,10,25,22,90,7,0,0
310,0,19,7,1.5,24,11,90,7,0,0
311,0,13,17,8.5,26,5,90,7,0,0
312,0,13,7,4,27,20,90,7,0,0
313,0,23,10,6,9,17,90,7,0,0
314,0,13,34,2.5,4,3,90,7,0,0
315,0,27,10,6.5,1,16,90,8,0,1
316,0,10,27,5.5,17,7,90,8,0,0
317,0,27,7,2.5,14,10,90,8,0,1
318,0,24,10,2.5,8,15,90,8,0,0
319,0,12,17,9,9,19,90,8,0,0
320,0,21,20,3.5,20,5,90,8,0,1
321,0,31,21,6,2,21,90,8,0,1
322,0,20,17,13,25,4,90,8,0,0
323,0,41,10,4,23,26,90,8,0,0
324,0,21,10,3.5,18,27,90,8,0,0
325,0,17,38,0,3,0,90,8,2,1
326,0,10,41,0,13,22,90,8,0,1
327,0,48,20,9.5,20,16,90,9,0,0
328,0,42,0,3,1,4,90,9,0,1
329,0,26,6,5,2,26,90,9,0,1
330,0,7,21,7.5,3,17,90,9,0,0
331,0,9,7,2,11,12,90,9,0,0
332,0,17,13,3,13,9,90,9,0,0
333,0,23,3,9.5,14,21,90,9,0,0
334,0,24,9,4.5,19,5,90,9,0,0
335,0,21,9,4,22,0,90,9,0,0
336,0,24,20,6.5,25,8,90,9,0,1
337,0,14,31,5,24,23,90,9,0,0
338,1,41,38,2.5,27,7,90,9,0,1
339,0,22,27,1,6,15,90,9,2,1
340,0,24,7,9,18,10,90,9,0,1
341,0,10,13,1,16,10,90,10,0,0
342,0,17,3,3,14,19,90,10,0,1
343,0,7,17,3.5,7,15,90,10,0,0
344,0,16,17,6.5,11,24,90,10,0,0
345,0,35,7,7,17,26,90,10,0,0
346,0,30,24,9,2,0,90,10,0,0
347,0,45,14,12.5,1,21,90,10,0,0
348,0,31,7,3,18,13,90,10,0,1
349,0,19,7,3,23,6,90,10,0,0
350,0,16,29,7,12,8,90,10,0,0
351,0,24,6,10,25,5,90,10,2,1
352,0,28,14,3,20,27,90,10,0,0
353,0,14,0,14.5,1,16,90,11,0,0
354,1,16,13,2.5,2,6,90,11,0,1
355,0,24,21,5,8,21,90,11,0,1
356,0,35,23,3,9,4,90,11,0,1
357,0,27,10,4,11,23,90,11,0,0
358,0,21,24,9,13,5,90,11,0,0
359,0,20,0,13,18,7,90,11,0,0
360,0,14,17,2,19,10,90,11,0,1
361,0,24,23,1,20,0,90,11,0,1
362,0,31,7,14,25,26,90,11,0,0
363,0,21,24,3.5,24,15,90,11,0,0
364,0,31,17,5,27,17,90,11,0,0
365,0,27,3,2.5,3,22,90,11,2,0
366,0,10,13,3.5,14,12,90,11,0,0
367,0,27,40,0,6,7,90,12,3,1
368,0,17,27,6,27,5,90,12,3,1
369,0,34,14,5,21,16,90,12,0,0
370,0,13,41,2.5,2,15,90,12,0,1
371,0,20,34,11.5,3,10,90,12,0,0
372,0,20,10,7.5,8,26,90,12,0,0
373,0,24,27,4,12,11,90,12,0,0
374,0,30,13,5.5,14,4,90,12,0,1
375,0,10,7,6,17,0,90,12,0,0
376,0,13,31,3,18,20,90,12,0,1
377,0,24,7,3,22,19,90,12,0,1
378,0,17,28,11,25,13,90,12,0,0
379,1,10,13,4,23,24,90,12,2,0
380,0,27,24,3,9,1,90,12,0,0
381,0,37,7,7,11,16,90,13,0,1
382,0,17,23,2.5,0,26,90,13,0,1
383,0,30,23,3,1,20,90,13,0,0
384,1,23,17,8.5,2,7,90,13,0,0
385,0,23,20,2.5,12,6,90,13,0,1
386,0,38,23,3.5,13,4,90,13,0,1
387,0,23,7,5,15,8,90,13,2,0
388,0,13,17,1,17,5,90,13,0,1
389,0,12,16,4,22,3,90,13,0,0
390,0,20,17,2.5,21,10,90,13,0,0
391,0,38,17,6.5,23,19,90,13,0,0
392,0,13,10,0,24,9,90,13,0,0
393,1,42,20,3,27,14,90,13,0,0
394,0,7,3,3.5,25,18,90,13,0,0
395,0,24,3,13.5,22,16,90,14,0,0
396,0,13,24,4.5,0,21,90,14,0,0
397,0,31,7,5.5,1,10,90,14,0,1
398,0,14,20,3.5,8,24,90,14,0,0
399,0,58,14,13,9,4,90,14,0,0
400,0,31,20,7.5,11,6,90,14,0,0
401,0,20,24,5,13,17,90,14,0,0
402,1,23,20,2,14,20,90,14,2,0
403,0,23,15,6.5,18,15,90,14,0,0
404,1,20,17,4,25,3,90,14,0,1
405,0,10,9,4,27,2,90,14,0,0
406,0,38,31,3,12,7,90,14,0,1
407,0,13,17,3.5,18,1,90,15,1,0
408,0,25,10,13,27,16,90,15,1,1
409,0,10,13,1,0,4,90,15,0,1
410,0,21,38,3,2,7,90,15,2,1
411,0,41,10,5.5,5,21,90,15,0,0
412,0,20,10,0,6,23,90,15,0,0
413,0,10,27,3.5,11,9,90,15,0,0
414,0,24,7,5.5,12,3,90,15,0,0
415,0,24,17,5.5,14,24,90,15,0,0
416,0,13,26,6,15,26,90,15,0,1
417,0,6,9,2.5,17,22,90,15,0,0
418,0,21,29,3.5,19,10,90,15,0,0
419,0,31,0,10,20,8,90,15,0,0
420,0,26,10,6,25,13,90,15,0,1
421,0,24,17,3.5,7,8,90,16,1,1
422,0,28,24,0,12,15,90,16,1,1
423,0,28,35,6,27,10,90,16,1,1
424,0,42,7,7,19,16,90,16,0,0
425,0,24,14,3.5,1,14,90,16,0,0
426,0,27,14,7,2,26,90,16,0,0
427,0,20,40,2.5,9,3,90,16,0,1
428,0,24,21,2,11,23,90,16,0,1
429,0,13,20,3.5,13,0,90,16,0,1
430,0,17,3,7,20,5,90,16,0,0
431,0,35,0,10.5,22,4,90,16,0,0
432,0,24,21,6.5,18,21,90,16,0,1
433,0,10,13,9,25,17,90,16,0,0
434,0,17,12,5,24,6,90,16,2,0
435,0,21,10,1,11,2,90,17,1,1
436,0,23,21,7.5,20,21,90,17,1,1
437,0,23,17,7.5,14,10,90,17,0,0
438,0,29,14,5,27,1,90,17,0,0
439,0,21,14,16.5,3,4,90,17,0,0
440,0,26,7,1,0,5,90,17,0,0
441,0,13,10,14,18,16,90,17,0,1
442,0,20,17,3,25,15,90,17,0,1
443,0,30,10,3,24,7,90,17,0,0
444,0,22,13,7.5,6,8,90,17,0,0
445,0,14,16,3.5,26,19,90,17,0,0
446,0,17,12,9.5,12,23,90,17,0,0
447,0,14,34,1.5,22,9,90,17,2,1
448,0,20,17,6,17,13,90,17,0,0
449,0,7,16,9,10,16,91,1,0,0
450,0,16,13,2.5,19,26,91,1,0,0
451,0,26,14,2,5,4,91,1,0,1
452,0,27,24,3.5,17,24,91,1,0,0
453,0,14,3,7,11,0,91,1,0,0
454,0,20,3,1.5,20,8,91,1,0,1
455,0,10,6,2,2,15,91,1,0,0
456,0,26,20,5,22,23,91,1,0,0
457,0,45,14,2,6,3,91,1,0,0
458,0,14,24,7,13,21,91,1,0,0
459,0,47,17,2.5,9,12,91,1,0,0
460,0,35,31,7,1,14,91,1,0,0
461,0,45,0,7.5,27,7,91,1,2,0
462,0,16,14,2,18,25,91,1,0,0
463,0,0,20,1,16,4,91,2,0,0
464,0,10,17,6,11,17,91,2,0,0
465,0,10,26,6,20,21,91,2,0,0
466,0,19,20,1,0,15,91,2,0,0
467,0,17,6,8,14,10,91,2,0,0
468,0,52,34,7,1,22,91,2,0,0
469,0,23,14,2,7,8,91,2,0,0
470,0,13,19,7,18,13,91,2,0,0
471,0,21,20,3,2,26,91,2,0,1
472,0,16,13,4,12,6,91,2,0,0
473,0,34,14,12,25,23,91,2,0,0
474,0,20,13,5,24,19,91,2,0,0
475,0,7,30,2,3,9,91,2,2,0
476,0,33,31,2,27,5,91,2,0,1
477,0,20,6,14,22,16,91,3,0,0
478,0,13,14,3.5,3,4,91,3,0,1
479,0,34,0,9,27,21,91,3,0,0
480,0,13,17,2,14,7,91,3,0,1
481,0,14,17,3,25,15,91,3,0,1
482,0,0,24,3,5,20,91,3,0,0
483,0,17,20,1.5,18,2,91,3,0,1
484,0,15,13,3.5,8,26,91,3,0,0
485,0,10,13,2,23,0,91,3,0,0
486,0,16,0,7.5,12,10,91,3,0,0
487,0,16,10,6,6,24,91,3,0,0
488,0,23,20,8,1,19,91,3,0,1
489,0,24,7,3,17,13,91,3,2,0
490,0,17,7,4,9,11,91,3,0,0
491,0,20,24,12.5,9,16,91,4,0,1
492,0,17,10,8,1,26,91,4,0,1
493,0,27,19,9,6,23,91,4,0,0
494,0,33,24,1.5,7,10,91,4,0,1
495,0,20,13,8,11,24,91,4,0,0
496,0,17,21,2,12,0,91,4,0,1
497,0,16,13,7.5,14,8,91,4,0,0
498,0,26,0,3,17,15,91,4,0,0
499,0,13,10,12.5,18,4,91,4,0,0
500,0,23,14,3,20,22,91,4,0,0
501,0,27,10,8.5,25,13,91,4,0,0
502,0,34,27,4,27,3,91,4,0,1
503,0,9,17,1,21,5,91,4,2,0
504,1,19,13,8,2,19,91,4,0,0
505,0,24,10,7.5,21,16,91,5,0,0
506,0,35,20,7.5,1,2,91,5,0,0
507,0,31,3,5,7,26,91,5,0,0
508,0,14,13,4.5,11,23,91,5,0,1
509,0,23,21,4,13,8,91,5,0,0
510,0,23,41,3,14,19,91,5,0,1
511,0,16,21,2.5,18,5,91,5,0,1
512,0,27,6,1.5,17,0,91,5,0,1
513,0,6,12,1.5,25,12,91,5,0,1
514,0,31,3,7,24,10,91,5,0,0
515,0,6,13,5,15,6,91,5,2,0
516,0,23,0,6,27,20,91,5,0,0
517,0,20,10,6.5,14,16,91,6,0,1
518,0,42,14,7.5,9,6,91,6,0,0
519,0,20,17,2.5,5,8,91,6,0,1
520,0,24,20,3,7,15,91,6,0,0
521,0,17,14,1.5,19,4,91,6,0,1
522,0,13,14,4,20,26,91,6,0,1
523,0,7,13,3,3,24,91,6,0,0
524,0,20,7,2.5,27,2,91,6,0,1
525,0,20,9,9.5,18,21,91,6,0,0
526,0,13,21,7.5,12,23,91,6,0,0
527,0,21,3,6,22,10,91,6,2,1
528,0,6,33,3,1,11,91,6,0,1
529,0,42,6,19.5,1,10,91,7,0,0
530,0,35,23,6.5,5,3,91,7,0,0
531,0,23,20,3,9,19,91,7,0,1
532,0,42,7,6.5,11,14,91,7,0,0
533,0,30,24,3.5,13,23,91,7,0,0
534,0,34,7,7,15,21,91,7,0,0
535,0,13,6,4,17,20,91,7,0,1
536,0,34,39,10.5,25,0,91,7,0,0
537,0,42,17,13.5,27,4,91,7,0,0
538,1,20,23,2.5,24,12,91,7,2,0
539,0,23,20,3.5,18,22,91,7,0,1
540,0,10,0,5.5,2,8,91,8,3,1
541,1,23,26,7,15,16,91,8,0,1
542,0,17,6,12,19,10,91,8,0,1
543,0,23,7,12.5,17,26,91,8,0,0
544,1,24,30,5.5,23,4,91,8,0,0
545,0,16,19,1,11,6,91,8,0,1
546,0,17,13,4,9,14,91,8,0,1
547,0,7,27,4,22,24,91,8,0,0
548,0,10,16,2,0,21,91,8,0,1
549,0,35,3,7,25,7,91,8,0,0
550,0,20,17,4,12,13,91,8,0,0
551,0,35,16,13,1,3,91,8,0,0
552,0,9,6,6.5,6,16,91,9,0,1
553,0,35,3,13,9,3,91,9,0,0
554,0,17,20,6.5,17,2,91,9,0,0
555,0,0,27,2.5,26,8,91,9,0,0
556,0,31,14,2,0,13,91,9,0,0
557,0,17,14,1.5,4,22,91,9,0,0
558,0,23,7,4,25,20,91,9,0,1
559,0,34,10,2.5,7,5,91,9,0,0
560,0,28,0,2.5,15,21,91,9,0,1
561,0,20,9,6,24,23,91,9,0,0
562,0,13,17,1.5,18,27,91,9,2,0
563,0,24,21,6.5,11,12,91,9,0,0
564,0,22,17,17.5,1,16,91,10,0,0
565,0,14,17,5,25,0,91,10,0,1
566,0,21,23,2.5,4,3,91,10,0,1
567,0,20,10,6,2,7,91,10,0,0
568,1,19,16,7,19,8,91,10,0,0
569,1,16,13,6.5,27,9,91,10,0,0
570,0,27,7,9,5,21,91,10,0,0
571,0,28,13,11.5,15,26,91,10,0,0
572,0,24,17,4,17,13,91,10,0,1
573,0,10,6,10,14,10,91,10,0,1
574,0,20,13,6.5,6,22,91,10,2,0
575,0,7,30,4,18,20,91,10,0,1
576,0,30,20,6.5,14,16,91,11,2,0
577,0,34,24,7,1,8,91,11,0,1
578,1,27,33,1.5,3,22,91,11,0,0
579,0,30,32,1,4,20,91,11,0,0
580,0,16,17,3,6,12,91,11,0,0
581,0,21,30,3.5,7,26,91,11,0,1
582,1,26,23,9,9,5,91,11,0,0
583,0,27,20,4,11,13,91,11,0,1
584,0,10,3,5.5,17,25,91,11,0,0
585,0,21,14,7,18,21,91,11,0,1
586,0,27,28,13.5,19,10,91,11,0,0
587,0,14,17,2,24,23,91,11,0,1
588,0,56,17,12,27,0,91,11,0,0
589,0,17,34,3,15,2,91,11,0,0
590,0,28,21,2.5,19,16,91,12,0,1
591,0,43,7,6,0,26,91,12,0,0
592,0,31,17,9.5,2,10,91,12,0,1
593,0,21,10,4,7,13,91,12,0,0
594,0,28,24,13,9,4,91,12,2,0
595,0,20,24,6.5,11,6,91,12,0,0
596,0,31,7,4,12,24,91,12,0,0
597,0,35,21,3,15,8,91,12,0,1
598,0,21,24,4.5,17,23,91,12,0,1
599,0,22,9,6,18,5,91,12,0,0
600,0,17,10,9,20,3,91,12,0,0
601,0,14,10,10.5,25,21,91,12,0,0
602,0,41,14,7,27,22,91,12,0,1
603,0,41,27,4,1,14,91,12,0,1
604,0,13,16,8,1,16,91,13,0,1
605,0,21,24,12,27,5,91,13,0,0
606,0,14,34,6,15,7,91,13,0,0
607,0,14,26,6.5,9,22,91,13,0,1
608,0,14,10,7,8,10,91,13,0,0
609,0,15,20,4,11,4,91,13,0,1
610,0,38,14,6.5,12,3,91,13,0,1
611,1,13,16,7.5,2,14,91,13,0,0
612,0,21,14,9,18,26,91,13,0,1
613,0,34,14,6,20,21,91,13,0,1
614,0,13,10,3,24,6,91,13,0,0
615,0,24,3,4.5,19,23,91,13,0,0
616,1,20,23,6.5,17,0,91,13,2,0
617,0,33,10,3,25,13,91,13,0,1
618,0,16,6,3,7,2,91,14,3,0
619,0,20,10,6.5,5,22,91,14,3,0
620,0,20,3,8,6,16,91,14,0,0
621,0,31,0,5.5,4,10,91,14,0,1
622,0,24,13,9,1,19,91,14,0,0
623,0,33,14,9.5,14,26,91,14,0,0
624,0,27,6,11,27,13,91,14,0,1
625,0,6,19,1.5,24,11,91,14,0,0
626,0,38,24,5,25,17,91,14,0,0
627,0,24,27,7,18,3,91,14,0,1
628,0,35,31,8.5,0,8,91,14,0,0
629,0,9,7,5,12,23,91,14,2,1
630,0,6,13,6.5,9,20,91,14,0,0
631,1,23,17,7.5,16,10,91,15,0,0
632,0,7,17,0,4,6,91,15,0,0
633,0,27,13,9.5,2,8,91,15,0,0
634,0,23,14,2,5,17,91,15,0,0
635,0,14,19,3,18,20,91,15,0,0
636,0,31,6,10,9,22,91,15,0,0
637,1,20,17,9,11,23,91,15,0,0
638,0,20,14,14,27,21,91,15,0,1
639,0,31,14,6,0,13,91,15,0,1
640,1,27,30,2,12,1,91,15,0,0
641,0,34,20,5,7,19,91,15,0,0
642,0,24,22,3.5,25,24,91,15,0,1
643,0,26,24,4.5,15,26,91,15,2,1
644,0,37,13,7.5,14,3,91,15,0,0
645,0,27,0,12,2,26,91,16,1,0
646,0,28,14,4.5,25,11,91,16,1,0
647,0,3,6,6.5,19,16,91,16,0,0
648,0,17,10,5.5,22,3,91,16,0,0
649,0,13,25,3.5,20,5,91,16,0,0
650,0,26,13,6,0,24,91,16,0,0
651,0,21,17,3,7,8,91,16,0,1
652,0,17,14,3,9,4,91,16,0,1
653,0,24,19,11.5,6,21,91,16,0,0
654,0,20,14,9.5,15,13,91,16,0,0
655,0,34,17,9,27,18,91,16,0,0
656,0,30,38,0,14,23,91,16,0,1
657,0,35,7,12,1,10,91,16,2,1
658,0,27,0,2,17,12,91,16,0,0
659,0,20,24,3,9,18,91,17,1,1
660,0,7,27,6,15,8,91,17,1,0
661,0,21,27,3.5,12,11,91,17,0,0
662,0,17,3,5.5,26,10,91,17,0,0
663,0,22,24,3,27,20,91,17,0,1
664,0,31,27,3.5,5,0,91,17,0,0
665,0,27,3,6.5,17,21,91,17,0,1
666,0,17,10,3,22,4,91,17,0,0
667,0,20,23,6,14,19,91,17,0,0
668,0,14,17,6.5,1,7,91,17,0,0
669,0,17,14,2,6,23,91,17,0,1
670,0,7,29,2,16,3,91,17,0,1
671,0,23,9,6,24,13,91,17,2,0
672,0,52,14,5,25,2,91,17,0,0
