,A1,A2,A3,A4,A5,A6,A7,A8,A9,y
1,49,0,79,0,46,-5,30,32,2,0
2,41,1,86,3,42,6,45,45,0,0
3,50,-4,83,0,50,0,33,34,2,0
4,48,1,81,-1,46,0,33,34,2,0
5,45,0,86,0,44,-10,41,42,2,0
6,37,0,79,0,26,-4,42,53,12,0
7,37,0,81,0,38,7,43,42,0,0
8,43,0,81,0,42,-10,37,39,2,0
9,43,0,77,10,42,-34,34,36,2,0
10,44,0,79,-2,44,0,35,35,0,0
11,44,4,82,-7,44,1,38,38,0,0
12,37,0,76,0,34,13,39,42,4,0
13,62,0,109,0,62,23,48,47,0,0
14,49,-4,107,-1,50,0,58,58,0,0
15,41,1,108,0,42,10,66,66,0,0
16,43,0,86,0,44,21,43,42,0,0
17,45,-4,81,1,44,-21,36,37,2,0
18,37,0,104,-2,16,-14,67,89,22,0
19,49,-1,86,0,50,4,37,37,0,0
20,66,0,109,0,68,4,43,42,0,0
21,37,2,97,0,34,-2,60,64,4,0
22,56,0,89,0,56,0,33,32,0,0
23,50,0,110,1,50,0,60,61,2,0
24,37,0,81,5,34,1,43,47,4,0
25,44,1,86,0,44,22,42,42,0,0
26,37,0,78,-4,28,0,41,50,8,0
27,57,0,82,5,56,0,25,25,0,0
28,56,0,95,0,54,1,39,41,2,0
29,37,0,106,0,24,-2,69,83,14,0
30,54,1,82,0,54,0,28,28,0,0
31,37,0,106,0,24,-13,68,82,14,0
32,37,0,76,0,34,19,39,43,4,0
33,37,0,95,0,10,14,58,84,26,0
34,37,0,77,0,38,4,39,38,0,0
35,45,0,106,0,46,14,61,60,0,0
36,48,0,95,0,46,0,47,49,2,0
37,54,-2,78,-1,54,0,24,24,0,0
38,45,0,93,0,44,-4,48,50,2,0
39,53,1,78,0,52,-7,25,26,2,0
40,49,0,88,1,50,19,40,39,0,0
41,49,0,88,0,46,-6,39,41,2,0
42,43,0,81,-5,42,-1,37,39,2,0
43,51,-2,87,0,50,-13,36,38,2,0
44,56,4,91,0,56,6,35,34,0,0
45,37,0,104,-1,16,-5,67,88,22,0
46,37,0,78,0,2,11,42,75,34,0
47,41,0,88,0,42,1,47,47,0,0
48,44,1,108,0,44,3,64,64,0,0
49,37,0,100,0,30,-3,64,69,6,0
50,46,4,87,0,44,-19,41,43,2,0
51,42,-1,87,0,42,0,45,46,2,0
52,37,0,83,0,0,3,46,83,36,0
53,46,0,81,1,46,8,35,35,0,0
54,44,2,88,0,44,12,44,44,0,0
55,41,3,76,0,42,13,35,35,0,0
56,37,0,81,3,34,1,43,47,4,0
57,37,0,82,-3,8,0,45,74,30,0
58,44,0,86,-1,44,8,42,42,0,0
59,37,0,80,0,10,29,43,70,26,0
60,44,3,77,0,44,23,33,33,0,0
61,38,1,76,0,38,11,38,37,0,0
62,50,0,78,-6,50,0,29,29,0,0
63,46,0,100,0,44,-11,54,56,2,0
64,40,0,80,0,38,2,40,41,2,0
65,47,5,84,0,46,0,37,38,0,0
66,43,5,90,0,42,0,47,49,2,0
67,43,0,78,0,42,-1,35,37,2,0
68,45,0,81,0,46,5,36,35,0,0
69,37,0,77,7,16,7,40,61,22,0
70,45,0,86,7,44,0,42,42,0,0
71,41,-1,76,0,38,-14,35,37,2,0
72,45,1,76,-2,44,-4,31,32,0,0
73,41,0,84,2,38,-4,43,45,2,0
74,56,0,86,0,54,-30,30,32,2,0
75,37,0,77,-1,20,-4,40,56,16,0
76,44,0,82,-5,44,-1,38,38,0,0
77,39,-5,76,-1,-2,0,37,79,42,0
78,38,0,82,0,38,11,44,43,0,0
79,39,0,106,6,38,0,68,67,0,0
80,42,-3,86,0,42,0,45,45,0,0
81,44,-2,86,0,44,0,42,42,0,0
82,37,0,100,0,30,-11,64,69,6,0
83,48,-4,84,0,46,-1,36,38,2,0
84,57,0,88,0,56,0,31,31,0,0
85,47,0,88,-2,46,0,40,41,0,0
86,37,0,83,0,8,14,46,75,30,0
87,39,-1,78,-5,38,0,39,39,0,0
88,37,-1,79,-3,20,-7,42,58,16,0
89,37,0,104,0,18,21,67,86,18,0
90,44,0,85,0,44,16,41,41,0,0
91,38,-5,97,0,38,0,59,59,0,0
92,41,0,77,0,38,-1,37,39,2,0
93,45,0,88,0,44,-6,42,44,2,0
94,53,0,108,0,52,-7,55,56,2,0
95,51,4,79,0,52,14,27,27,0,0
96,39,0,76,-2,38,0,36,37,0,0
97,36,-5,81,0,36,0,45,45,0,0
98,56,1,86,0,54,-8,31,32,2,0
99,51,1,88,0,50,-7,36,39,2,0
100,58,2,86,0,56,0,28,29,2,0
101,46,1,86,0,44,-12,41,42,2,0
102,39,-1,79,-3,38,0,40,41,0,0
103,37,0,106,0,34,-1,69,72,4,0
104,44,-8,88,0,44,0,44,44,0,0
105,43,0,77,-2,42,0,34,35,2,0
106,40,4,90,0,38,0,49,51,2,0
107,37,0,83,0,8,19,47,75,28,0
108,45,0,81,0,46,19,36,35,0,0
109,59,0,87,0,60,18,28,28,0,0
110,37,0,82,0,26,-15,45,56,10,0
111,37,0,83,0,30,24,46,52,6,0
112,56,-5,107,0,56,3,51,50,0,0
113,37,0,80,4,28,0,43,52,8,0
114,49,3,88,0,50,0,39,39,0,0
115,36,3,75,0,36,0,39,39,0,0
116,42,5,102,0,42,0,60,60,0,0
117,42,0,86,-5,42,0,45,45,0,0
118,43,0,108,0,42,-2,64,66,2,0
119,55,-3,90,0,54,-12,34,35,2,0
120,44,0,75,-1,44,9,31,31,0,0
121,41,0,86,3,42,20,46,45,0,0
122,37,0,76,0,20,17,40,55,16,0
123,37,-54,106,-2,36,0,69,69,0,0
124,48,5,88,0,46,0,40,41,2,0
125,48,-3,80,0,46,-5,32,34,2,0
126,51,-4,84,0,50,-4,34,35,2,0
127,37,0,80,0,36,5,43,44,0,0
128,53,0,104,1,54,4,51,49,0,0
129,38,1,92,0,28,20,54,64,10,0
130,37,0,76,1,26,0,40,50,10,0
131,37,0,78,0,16,11,41,63,22,0
132,37,0,77,0,38,17,39,38,0,0
133,45,-1,77,-5,44,-8,32,33,0,0
134,41,0,106,0,38,0,65,67,2,0
135,37,0,76,4,28,-6,40,48,8,0
136,48,0,87,8,46,0,39,41,2,0
137,45,2,79,0,46,29,33,32,0,0
138,37,0,95,0,28,29,58,67,8,0
139,37,0,77,0,26,0,41,52,10,0
140,37,4,81,0,36,-2,43,44,2,0
141,37,0,77,0,24,-16,40,54,14,0
142,42,2,77,8,42,0,35,36,0,0
143,46,0,91,5,46,0,45,44,0,0
144,37,0,76,-5,36,-15,39,40,2,0
145,37,0,77,0,6,-10,40,72,32,0
146,46,0,83,-1,44,-25,37,39,2,0
147,43,0,81,-1,42,-13,37,39,2,0
148,37,0,78,0,2,-13,41,75,34,0
149,37,0,77,6,36,-7,39,41,2,0
150,37,0,108,2,36,0,70,71,2,0
151,43,-1,77,0,42,0,34,35,2,0
152,45,0,87,2,44,-19,42,43,2,0
153,51,-2,77,0,50,-13,26,28,2,0
154,44,0,81,0,44,21,38,37,0,0
155,37,0,105,-4,16,-21,68,89,22,0
156,44,0,81,0,42,-18,38,40,2,0
157,37,0,105,0,30,-8,68,74,6,0
158,37,0,76,144,20,0,40,55,16,0
159,39,-2,79,0,38,0,40,41,0,0
160,47,5,82,0,46,0,35,35,0,0
161,43,0,79,4,42,0,37,38,2,0
162,42,2,86,0,42,0,44,45,0,0
163,49,0,82,0,46,-8,33,35,2,0
164,41,0,76,-2,38,0,35,37,2,0
165,37,0,76,0,26,0,39,50,10,0
166,37,0,77,0,0,0,41,77,36,0
167,49,1,80,0,50,21,31,31,0,0
168,37,0,84,0,26,9,47,58,10,0
169,41,0,77,0,42,10,36,35,0,0
170,44,0,84,0,44,4,40,41,0,0
171,37,0,76,0,26,17,40,50,10,0
172,56,0,80,0,54,-9,24,26,2,0
173,56,1,86,0,56,8,30,29,0,0
174,37,0,79,0,8,-12,43,72,28,0
175,37,3,98,0,34,6,61,64,4,0
176,46,0,83,-6,46,0,37,37,0,0
177,37,0,80,0,8,23,43,72,28,0
178,37,0,104,0,16,-16,67,89,22,0
179,43,0,83,0,44,30,40,39,0,0
180,41,-2,86,0,42,11,46,45,0,0
181,53,2,79,0,54,28,26,24,0,0
182,44,1,93,0,44,3,50,50,0,0
183,37,-1,106,-15,28,0,69,78,8,0
184,42,2,76,0,42,0,34,35,2,0
185,39,0,85,2,38,0,46,46,0,0
186,44,4,76,0,42,-14,32,34,2,0
187,52,-3,86,0,52,0,34,34,0,0
188,45,0,81,0,46,27,36,35,0,0
189,43,0,86,-3,42,0,42,44,2,0
190,37,0,79,0,8,8,42,71,28,0
191,43,-1,77,0,42,-4,34,35,2,0
192,41,1,84,0,38,-22,43,45,2,0
193,53,-2,83,0,52,-19,30,32,2,0
194,52,5,79,0,52,0,26,27,0,0
195,55,0,88,-2,54,0,34,34,0,0
196,37,0,77,0,26,-27,40,51,10,0
197,43,0,85,5,44,14,42,41,0,0
198,41,0,83,0,38,-21,42,44,2,0
199,40,1,102,0,38,0,62,63,2,0
200,44,2,83,5,44,12,40,39,0,0
201,41,0,89,0,38,-23,48,50,2,0
202,45,0,86,1,44,-3,41,42,2,0
203,37,-4,77,0,36,0,40,41,0,0
204,51,0,81,0,52,4,29,29,0,0
205,43,0,81,-4,44,30,37,37,0,0
206,43,0,86,-2,42,0,43,45,2,0
207,45,-5,81,0,44,-3,36,37,2,0
208,42,0,86,6,42,0,43,44,2,0
209,55,1,79,0,54,0,23,24,2,0
210,53,0,79,0,52,-11,26,27,2,0
211,46,1,81,0,44,-23,35,37,2,0
212,37,0,74,0,34,10,37,41,4,0
213,44,3,76,-1,44,1,32,32,0,0
214,45,0,84,1,46,22,39,38,0,0
215,37,0,75,0,18,-18,38,57,18,0
216,68,0,111,-4,68,0,43,44,0,0
217,37,0,104,6,18,0,66,86,20,0
218,37,0,104,-14,28,0,67,75,8,0
219,43,0,87,0,42,-10,44,46,2,0
220,52,0,88,0,54,31,35,33,0,0
221,45,0,79,0,44,-14,34,35,2,0
222,49,-2,78,0,50,12,29,29,0,0
223,47,4,82,-1,46,0,34,35,0,0
224,37,0,106,0,34,-7,69,72,4,0
225,42,4,78,-3,42,0,36,37,2,0
226,56,3,79,0,56,3,23,23,0,0
227,50,-1,102,0,50,0,52,53,0,0
228,41,3,86,0,42,6,45,44,0,0
229,42,-1,87,-5,42,-7,45,46,0,0
230,46,0,83,0,44,-19,37,39,2,0
231,47,5,82,-2,46,0,34,35,0,0
232,41,0,76,-4,38,0,35,37,2,0
233,36,0,80,0,36,0,44,44,0,0
234,46,0,109,0,46,0,63,63,0,0
235,37,0,77,5,20,-2,40,56,16,0
236,37,-27,106,0,34,28,69,72,4,0
237,49,0,77,0,46,-21,28,30,2,0
238,50,3,85,0,50,0,36,36,0,0
239,45,0,109,0,44,0,64,66,2,0
240,46,0,81,-5,46,0,35,34,0,0
241,37,0,78,0,-4,18,41,83,42,0
242,51,0,85,0,50,-28,34,36,2,0
243,38,-5,100,0,38,0,62,62,0,0
244,49,-4,100,-2,50,2,52,51,0,0
245,39,2,77,0,38,0,37,38,0,0
246,44,0,97,1,42,-23,53,55,2,0
247,53,0,88,0,54,0,35,34,0,0
248,44,3,107,0,44,1,63,63,0,0
249,56,-1,90,-1,54,-30,34,35,2,0
250,49,0,79,0,50,30,30,30,0,0
251,38,0,90,0,38,3,52,51,0,0
252,45,0,81,-2,44,-3,36,37,0,0
253,37,5,75,0,18,0,38,57,18,0
254,44,-21,88,0,44,0,44,44,0,0
255,37,0,80,0,20,-3,43,59,16,0
256,37,0,90,9,6,0,53,85,32,0
257,51,5,77,0,50,0,27,28,2,0
258,57,2,90,0,56,0,33,33,0,0
259,37,0,75,0,24,30,38,52,14,0
260,46,0,79,1,46,12,33,32,0,0
261,53,0,86,0,52,-6,33,35,2,0
262,53,0,103,0,52,-17,50,51,2,0
263,50,-5,84,0,50,0,33,35,2,0
264,43,0,89,0,42,-2,46,48,2,0
265,48,0,81,0,50,30,33,32,0,0
266,45,0,82,6,44,0,37,38,0,0
267,37,0,83,0,28,12,46,54,8,0
268,50,-3,77,0,50,0,28,28,0,0
269,48,0,77,0,46,-7,28,30,2,0
270,51,0,91,0,52,0,40,39,0,0
271,49,0,77,0,50,26,28,28,0,0
272,44,0,75,-1,44,10,31,31,0,0
273,56,2,97,0,54,3,40,42,2,0
274,37,0,105,0,30,-1,68,74,6,0
275,37,-1,78,-2,16,0,41,63,22,0
276,37,0,78,6,36,23,41,42,0,0
277,46,4,77,0,44,-8,32,34,2,0
278,37,0,76,4,28,0,39,48,8,0
279,56,0,95,0,54,2,40,41,2,0
280,39,3,80,5,38,0,41,41,0,0
281,37,0,78,0,6,12,41,73,32,0
282,50,3,84,0,50,0,34,35,2,0
283,55,0,83,-1,54,0,28,29,2,0
284,52,2,77,0,52,0,25,25,0,0
285,49,0,81,0,50,-4,32,32,0,0
286,51,0,102,0,52,11,51,50,0,0
287,44,3,87,-4,44,2,43,43,0,0
288,44,4,77,0,44,0,33,33,0,0
289,50,-1,87,0,50,0,37,38,2,0
290,37,0,75,0,20,9,38,54,16,0
291,50,3,78,-3,50,0,28,29,2,0
292,47,0,85,2,46,0,38,39,0,0
293,39,-4,97,0,38,0,58,59,0,0
294,37,-2,77,8,-2,0,39,79,40,0
295,43,-1,79,0,44,17,35,35,0,0
296,52,-2,81,0,54,31,29,27,0,0
297,37,0,79,0,10,20,42,68,26,0
298,45,5,79,0,44,-4,33,35,2,0
299,46,0,82,0,44,-14,36,38,2,0
300,42,-1,86,0,42,0,45,45,0,0
301,37,0,82,1,18,-17,45,64,18,0
302,41,5,79,0,38,-5,38,40,2,0
303,45,4,82,1,44,0,37,38,0,0
304,37,0,79,0,8,15,42,71,28,0
305,55,4,91,0,54,0,35,37,2,0
306,46,0,88,1,46,3,42,41,0,0
307,49,-3,84,0,50,13,35,35,0,0
308,37,0,77,-7,34,0,40,43,2,0
309,37,0,107,0,30,13,70,76,6,0
310,37,0,97,0,20,-14,60,77,16,0
311,46,0,84,-3,46,0,38,37,0,0
312,44,0,77,0,42,-28,33,35,2,0
313,56,0,82,0,56,11,26,25,0,0
314,54,0,81,4,54,0,27,27,0,0
315,49,-5,83,0,50,0,33,33,0,0
316,37,0,76,-1,36,0,39,39,0,0
317,46,0,77,6,46,0,31,31,0,0
318,46,4,93,0,46,0,47,47,0,0
319,37,-4,77,0,36,-24,39,41,2,0
320,37,0,80,0,8,21,43,72,30,0
321,44,0,81,0,44,5,37,37,0,0
322,47,0,83,0,46,0,35,36,0,0
323,37,0,75,0,26,30,38,49,12,0
324,38,0,90,0,8,3,52,82,30,0
325,41,0,106,0,42,1,65,65,0,0
326,49,-1,84,0,50,4,36,35,0,0
327,37,1,82,-3,34,0,45,48,4,0
328,55,0,83,0,56,31,27,26,0,0
329,37,0,79,-3,20,-6,43,59,16,0
330,44,0,76,-2,44,7,32,32,0,0
331,37,-1,80,5,24,0,43,57,14,0
332,50,3,84,0,50,0,35,35,0,0
333,50,3,87,0,50,0,37,38,2,0
334,45,5,81,3,44,0,37,37,0,0
335,37,-2,107,0,36,-23,69,71,2,0
336,37,0,79,-6,2,0,43,77,34,0
337,49,1,77,0,50,18,28,28,0,0
338,36,0,80,-1,36,0,44,44,0,0
339,56,0,81,0,56,6,25,24,0,0
340,38,0,76,0,38,2,38,37,0,0
341,48,-1,86,0,46,0,38,39,2,0
342,51,4,86,0,52,16,35,34,0,0
343,38,1,96,0,38,6,58,57,0,0
344,41,0,87,8,42,30,46,46,0,0
345,37,0,79,0,36,-7,41,43,2,0
346,42,-1,86,-4,42,-6,44,45,2,0
347,52,4,88,0,52,-4,35,36,0,0
348,49,0,81,0,46,-9,33,35,2,0
349,46,1,77,0,44,-13,31,33,2,0
350,44,1,81,0,44,4,37,37,0,0
351,37,0,93,0,12,3,56,81,24,0
352,51,3,78,0,52,13,27,26,0,0
353,45,0,79,-1,44,-13,33,35,2,0
354,53,0,81,0,54,1,27,26,0,0
355,37,0,79,0,10,-23,42,68,26,0
356,55,-1,89,-4,54,0,34,35,0,0
357,44,0,80,4,44,3,36,36,0,0
358,38,5,79,0,36,0,41,43,2,0
359,44,1,78,0,42,-30,34,37,2,0
360,40,0,85,-1,38,0,45,46,2,0
361,45,-1,83,0,46,3,37,36,0,0
362,51,0,88,0,52,22,37,36,0,0
363,41,1,76,-1,38,0,35,37,2,0
364,37,0,78,0,16,4,42,63,22,0
365,44,0,77,2,42,-17,34,36,2,0
366,37,0,82,0,34,23,45,48,2,0
367,37,0,80,0,10,23,43,70,26,0
368,51,-4,83,0,50,-6,32,34,2,0
369,44,-1,81,1,44,6,37,37,0,0
370,45,-2,87,0,44,-3,42,43,2,0
371,41,-2,83,0,42,6,42,41,0,0
372,54,-2,86,0,54,0,33,32,0,0
373,37,0,77,0,36,5,39,41,2,0
374,51,0,81,0,52,27,30,29,0,0
375,37,-3,77,0,-2,0,40,79,40,0
376,37,0,76,0,34,-10,40,43,2,0
377,38,-3,78,0,38,0,40,39,0,0
378,37,0,78,0,24,-15,41,55,14,0
379,46,-1,77,0,46,11,32,31,0,0
380,38,0,102,0,36,-23,64,66,2,0
381,41,0,81,-3,42,0,40,40,0,0
382,37,0,79,0,18,-13,43,61,18,0
383,43,-1,81,3,42,-16,37,39,2,0
384,51,0,107,-2,50,0,56,58,2,0
385,37,0,84,0,30,19,47,53,6,0
386,49,0,77,-5,46,-30,28,31,2,0
387,50,0,78,-3,50,0,28,29,2,0
388,48,2,81,-1,46,0,33,34,2,0
389,37,0,79,0,8,27,43,72,28,0
390,43,0,87,0,44,21,44,43,0,0
391,46,0,76,0,44,-12,30,32,2,0
392,42,-15,76,0,42,0,34,35,2,0
393,37,0,76,0,20,26,40,55,16,0
394,51,0,86,0,52,14,35,35,0,0
395,37,0,79,0,6,5,42,74,32,0
396,42,2,77,3,42,0,35,36,2,0
397,37,0,78,0,10,7,41,68,26,0
398,46,2,81,1,46,14,35,35,0,0
399,50,0,79,7,50,0,28,30,2,0
400,37,-2,106,0,36,0,70,70,0,0
401,51,0,109,0,52,19,58,58,0,0
402,44,-1,82,0,44,11,38,38,0,0
403,63,0,112,5,62,0,49,50,0,0
404,41,0,79,-3,42,18,38,37,0,0
405,37,4,79,0,18,-6,41,61,20,0
406,43,0,87,8,42,-5,44,46,2,0
407,47,0,77,-4,46,0,29,30,0,0
408,37,5,75,0,34,5,37,41,4,0
409,55,0,84,5,54,0,29,30,0,0
410,43,0,79,0,44,26,35,35,0,0
411,45,1,88,0,44,201,42,44,2,0
412,53,0,91,0,54,15,38,37,0,0
413,41,0,86,-1,42,9,45,44,0,0
414,37,0,104,0,24,9,67,80,14,0
415,37,0,77,0,6,22,40,72,32,0
416,40,0,84,8,38,0,44,45,2,0
417,45,-3,86,0,44,0,42,42,0,0
418,37,0,97,-1,34,4,60,64,4,0
419,37,0,79,0,36,3,41,43,2,0
420,52,2,83,0,52,0,31,32,0,0
421,37,-26,106,0,30,0,69,75,6,0
422,43,0,81,-3,42,-15,37,39,2,0
423,41,-2,76,0,42,23,35,35,0,0
424,45,0,83,6,46,17,37,36,0,0
425,47,0,81,3,46,0,34,34,0,0
426,37,0,76,5,24,0,40,53,14,0
427,47,5,106,0,46,0,60,60,0,0
428,48,-1,88,0,46,-4,40,42,2,0
429,54,0,82,1,54,0,28,28,0,0
430,41,4,78,0,42,12,37,37,0,0
431,38,2,76,0,38,2,38,37,0,0
432,48,0,88,-3,46,-7,40,42,2,0
433,44,-1,80,0,44,0,36,36,0,0
434,50,5,77,0,50,0,27,28,0,0
435,38,-4,76,-2,38,0,37,37,0,0
436,46,0,76,0,46,0,29,29,0,0
437,47,-1,86,0,46,0,40,40,0,0
438,37,0,95,-5,28,0,58,67,8,0
439,37,0,80,0,10,28,43,70,26,0
440,49,1,77,0,46,-2,29,31,2,0
441,41,0,79,2,38,-4,39,41,2,0
442,37,0,78,0,10,-10,41,68,26,0
443,51,-5,81,0,52,0,29,29,0,0
444,41,0,81,-5,42,0,40,40,0,0
445,49,0,88,0,50,7,40,39,0,0
446,37,0,76,-2,34,0,40,43,2,0
447,43,0,86,-5,42,0,44,45,2,0
448,41,0,89,0,42,11,48,48,0,0
449,39,-9,78,0,-2,-28,39,81,42,0
450,55,0,83,6,54,0,28,29,0,0
451,39,2,86,0,38,0,47,48,0,0
452,53,0,86,0,52,-9,33,34,2,0
453,45,0,82,-3,44,0,37,38,0,0
454,37,0,77,7,24,0,40,54,14,0
455,37,0,106,1,20,-5,69,85,16,0
456,52,0,78,-2,52,-2,26,26,0,0
457,60,4,87,0,60,0,27,28,0,0
458,47,0,84,-1,46,0,38,38,0,0
459,43,0,77,0,44,25,34,34,0,0
460,41,0,85,0,38,-11,44,46,2,0
461,43,-5,86,0,42,-12,43,45,2,0
462,37,0,79,0,8,11,42,71,30,0
463,37,0,100,0,36,-10,63,64,2,0
464,45,0,85,1,46,23,40,39,0,0
465,46,5,79,0,46,20,33,32,0,0
466,44,0,86,0,44,27,42,42,0,0
467,44,0,81,7,42,-12,38,40,2,0
468,37,0,78,3,26,-2,42,52,10,0
469,48,0,76,0,46,0,28,30,2,0
470,37,0,77,5,36,2,40,41,0,0
471,43,-5,76,0,42,0,33,35,2,0
472,54,-5,81,5,54,0,27,27,0,0
473,42,0,81,0,42,7,39,40,0,0
474,44,0,87,-6,44,0,43,43,0,0
475,37,0,105,0,34,1,68,71,4,0
476,39,3,83,0,38,0,44,44,0,0
477,49,-4,101,1,50,9,52,52,0,0
478,37,0,77,-6,26,12,40,51,10,0
479,57,0,91,0,56,0,34,34,0,0
480,37,0,79,0,36,11,43,43,0,0
481,46,3,81,0,46,5,35,34,0,0
482,45,0,88,-3,44,0,43,44,2,0
483,38,0,109,0,36,-24,72,73,2,0
484,39,0,79,2,38,0,41,41,0,0
485,46,-3,107,0,46,0,61,60,0,0
486,53,-2,88,0,54,3,34,33,0,0
487,41,3,86,0,38,-19,45,48,2,0
488,46,0,78,0,44,-18,32,34,2,0
489,42,0,79,6,42,0,37,38,2,0
490,43,0,86,-5,42,-13,42,44,2,0
491,40,-5,81,2,38,0,41,42,2,0
492,37,0,75,-1,26,0,38,49,10,0
493,37,-4,77,0,-2,0,40,79,40,0
494,49,1,88,0,50,29,39,39,0,0
495,43,-5,109,0,42,0,66,67,2,0
496,37,-1,77,2,38,8,39,38,0,0
497,39,1,84,0,38,0,45,46,0,0
498,47,3,90,0,46,0,42,43,0,0
499,37,0,75,0,28,-10,38,46,8,0
500,58,-5,82,0,56,0,24,25,0,0
501,37,0,77,0,8,-3,40,69,30,0
502,53,0,84,0,54,26,31,30,0,0
503,53,1,79,0,54,14,26,24,0,0
504,37,1,97,0,30,-13,60,66,6,0
505,36,-5,76,0,36,0,40,40,0,0
506,37,2,76,-2,20,0,39,55,16,0
507,41,0,84,1,38,-5,43,45,2,0
508,37,0,106,0,36,-20,68,69,2,0
509,37,0,76,-5,24,0,40,53,14,0
510,42,-3,108,0,42,0,66,66,0,0
511,57,5,86,0,56,0,29,29,0,0
512,37,0,80,0,8,29,43,72,30,0
513,50,-5,77,0,50,0,27,28,2,0
514,58,0,85,1,56,0,28,28,0,0
515,37,0,107,0,30,25,69,76,6,0
516,49,0,77,0,50,14,29,28,0,0
517,51,0,82,0,52,29,31,30,0,0
518,37,0,101,6,28,-19,64,73,8,0
519,37,0,90,0,28,-20,53,62,8,0
520,39,-3,77,-3,38,0,38,39,0,0
521,37,0,104,0,26,-17,67,78,12,0
522,55,0,86,0,54,-16,30,32,2,0
523,48,4,94,0,46,0,46,48,2,0
524,37,0,77,0,24,16,40,54,14,0
525,56,0,79,0,54,-13,23,24,2,0
526,37,0,78,0,8,-16,42,70,28,0
527,42,5,86,0,42,0,43,44,2,0
528,37,0,82,0,34,-14,45,48,2,0
529,43,0,86,3,42,-6,43,45,2,0
530,52,0,83,0,52,-10,30,31,0,0
531,45,1,87,0,44,0,42,43,2,0
532,43,0,75,0,42,0,32,34,2,0
533,37,-2,77,0,36,0,40,41,0,0
534,45,0,86,0,44,0,42,42,0,0
535,37,0,76,2565,20,0,40,55,16,0
536,39,0,79,7,38,0,41,41,0,0
537,43,0,95,0,44,22,52,51,0,0
538,54,0,81,-3,54,-4,27,27,0,0
539,37,0,82,0,36,7,45,46,0,0
540,49,3,78,0,50,7,29,29,0,0
541,37,0,105,-4,24,0,68,82,14,0
542,47,0,86,1,46,0,40,40,0,0
543,53,0,86,-1,52,-24,33,34,2,0
544,37,-1,106,-2,36,-4,69,69,0,0
545,37,-5,97,0,34,0,60,64,4,0
546,56,-4,96,0,56,4,40,39,0,0
547,37,0,100,0,30,-30,64,69,6,0
548,46,-3,79,0,46,0,34,33,0,0
549,42,0,78,-2,42,0,37,37,0,0
550,53,0,80,0,54,6,27,26,0,0
551,37,0,76,0,30,-9,40,45,6,0
552,37,0,76,0,30,-24,40,45,6,0
553,45,0,83,7,44,-1,38,39,2,0
554,37,0,76,0,36,0,39,40,0,0
555,47,0,88,5,46,0,42,42,0,0
556,47,1,81,0,46,0,34,34,0,0
557,44,0,81,-2,44,3,37,37,0,0
558,51,-3,84,0,52,0,33,32,0,0
559,41,0,100,0,38,-2,59,61,2,0
560,49,0,81,0,50,6,33,32,0,0
561,41,0,81,0,38,-14,40,42,2,0
562,48,2,83,-1,46,0,34,36,2,0
563,37,0,79,5,30,-17,42,48,6,0
564,53,3,84,0,54,25,31,30,0,0
565,44,0,87,0,42,-26,43,46,2,0
566,41,-1,79,6,38,-10,39,41,2,0
567,43,0,81,-1,44,27,37,37,0,0
568,40,0,87,1,38,0,47,48,2,0
569,56,4,85,0,54,-9,29,31,2,0
570,45,1,84,0,44,-6,39,41,2,0
571,41,2,80,0,38,0,39,41,2,0
572,37,-4,97,0,36,0,61,61,0,0
573,41,0,82,0,42,31,41,41,0,0
574,44,1,85,0,44,14,41,41,0,0
575,37,0,95,0,18,-5,57,77,20,0
576,37,0,106,0,24,9,69,82,14,0
577,41,0,77,0,38,-1,36,38,2,0
578,44,2,102,0,42,-18,59,61,2,0
579,37,0,78,0,0,-3,42,78,36,0
580,43,0,81,0,44,17,37,37,0,0
581,37,0,77,0,-20,2,41,98,58,0
582,49,0,106,-1,50,11,57,57,0,0
583,58,0,80,-6,56,0,22,23,0,0
584,37,0,105,0,24,8,68,82,14,0
585,37,0,83,0,30,-6,46,52,6,0
586,42,0,82,5,42,0,39,41,2,0
587,42,-5,77,0,42,0,35,36,0,0
588,37,0,77,0,36,-25,39,41,2,0
589,56,0,86,0,56,19,30,29,0,0
590,45,4,90,0,44,-4,44,46,2,0
591,37,0,80,0,18,6,43,62,18,0
592,45,0,93,0,46,7,48,47,0,0
593,43,0,81,0,44,26,37,37,0,0
594,37,0,76,-2,36,-3,39,40,0,0
595,37,0,95,-3,16,15,58,80,22,0
596,37,0,79,0,6,-1,43,74,32,0
597,48,-1,110,0,46,-1,62,64,2,0
598,50,0,78,-1,50,0,28,29,0,0
599,45,0,84,0,44,0,40,41,0,0
600,47,-3,84,0,46,0,37,37,0,0
601,37,0,76,0,36,2,39,39,0,0
602,38,2,77,0,36,-18,39,41,2,0
603,37,0,105,0,16,-12,68,89,22,0
604,42,4,76,0,42,0,33,34,2,0
605,37,0,78,0,2,3,41,75,34,0
606,37,0,90,0,24,12,52,66,14,0
607,55,0,81,6,54,0,27,27,0,0
608,39,5,106,0,38,0,68,67,0,0
609,37,0,77,5,36,8,40,41,0,0
610,42,-1,75,0,42,0,33,34,0,0
611,38,0,86,-1,38,0,48,47,0,0
612,46,0,76,0,46,1,30,29,0,0
613,37,0,77,0,24,3,40,54,14,0
614,37,0,78,0,12,-6,42,65,24,0
615,37,0,75,0,30,0,38,44,6,0
616,52,-4,82,0,52,-2,29,30,0,0
617,43,-1,81,3,44,28,38,37,0,0
618,49,0,84,0,46,-23,35,37,2,0
619,37,0,81,0,28,-6,45,53,8,0
620,42,0,86,5,42,0,44,44,0,0
621,42,-2,87,0,42,0,45,46,0,0
622,45,0,79,0,46,28,34,33,0,0
623,37,0,90,0,30,18,53,59,6,0
624,45,0,83,0,46,21,38,37,0,0
625,44,0,80,0,42,-19,36,39,2,0
626,47,-1,85,4,46,0,38,39,0,0
627,44,0,76,0,42,-22,32,34,2,0
628,37,0,82,-3,-2,0,45,85,40,0
629,37,-2,106,0,30,-190,69,75,6,0
630,37,0,79,0,2,-1,43,77,34,0
631,45,-4,79,0,44,-10,33,35,2,0
632,44,0,86,1,42,-23,43,45,2,0
633,37,0,94,0,10,-5,57,84,26,0
634,48,0,81,0,46,-9,32,34,2,0
635,46,0,92,7,46,0,45,45,0,0
636,51,0,88,3,52,4,36,36,0,0
637,37,5,90,-7,6,0,53,85,32,0
638,49,0,83,-2,50,39,34,34,0,0
639,49,0,88,0,50,12,40,39,0,0
640,37,0,81,3,38,18,44,43,0,0
641,37,0,106,1,26,24,68,80,12,0
642,51,0,87,0,52,29,36,35,0,0
643,37,0,83,0,34,2,46,50,4,0
644,37,0,78,0,18,10,42,60,18,0
645,46,0,80,0,44,-26,34,36,2,0
646,46,-1,88,-6,46,-5,41,41,0,0
647,37,0,81,-6,-4,0,44,86,42,0
648,49,-4,111,0,50,2,62,62,0,0
649,37,0,77,-5,12,0,41,65,24,0
650,42,0,77,7,42,0,35,36,0,0
651,37,0,104,-4,20,0,67,83,16,0
652,54,0,83,3,54,0,29,29,0,0
653,46,0,88,1,46,10,42,41,0,0
654,43,0,85,0,42,-10,42,44,2,0
655,39,0,108,0,38,0,68,69,0,0
656,37,0,76,-1,20,-4,40,55,16,0
657,51,0,88,-3,50,-13,37,39,2,0
658,53,0,88,0,52,-13,35,36,2,0
659,41,0,76,0,42,11,35,34,0,0
660,37,0,77,0,16,-1,41,62,22,0
661,45,0,83,-1,44,-1,38,39,0,0
662,48,-1,81,0,46,-11,33,35,2,0
663,45,1,86,0,44,-6,41,42,2,0
664,37,0,103,-1,24,-3,66,80,14,0
665,44,0,86,0,44,22,42,42,0,0
666,56,0,97,0,54,3,41,43,2,0
667,48,-4,83,0,46,0,35,36,2,0
668,44,0,76,-5,44,0,31,32,0,0
669,44,0,109,0,42,-30,66,68,2,0
670,43,0,85,-6,42,0,42,44,2,0
671,57,-4,86,0,56,0,29,29,0,0
672,39,1,81,0,38,0,43,43,0,0
673,45,0,87,-1,44,-1,42,43,2,0
674,37,0,78,0,-6,-22,42,86,44,0
675,37,-1,81,0,36,0,44,45,0,0
676,37,-3,106,-6,30,-8,69,75,6,0
677,37,0,80,-7,34,-4,43,46,2,0
678,53,0,84,0,54,2,32,30,0,0
679,51,0,83,4,50,-2,32,33,2,0
680,51,5,82,0,50,0,31,33,2,0
681,53,0,85,-3,54,0,32,31,0,0
682,37,0,79,0,24,-6,42,55,14,0
683,42,0,82,2,42,0,39,41,2,0
684,49,2,106,0,46,-10,58,60,2,0
685,53,-1,79,0,52,-5,26,27,2,0
686,52,1,91,0,52,0,39,39,0,0
687,43,4,81,0,42,0,38,39,2,0
688,41,0,76,0,38,-5,35,37,2,0
689,45,3,84,0,44,0,38,40,2,0
690,43,0,77,7,42,-7,34,35,2,0
691,49,0,95,0,46,-24,47,49,2,0
692,44,0,80,-4,44,1,36,36,0,0
693,37,0,77,0,34,19,40,44,4,0
694,49,0,79,1,50,7,30,30,0,0
695,64,0,111,3,64,23,46,46,0,0
696,48,4,90,0,46,0,42,43,2,0
697,42,2,78,-1,42,0,36,37,2,0
698,56,0,81,0,56,15,25,24,0,0
699,38,3,77,0,38,5,39,38,0,0
700,46,4,81,0,46,6,35,34,0,0
701,53,1,86,0,52,-16,33,34,2,0
702,43,0,81,5,42,0,38,40,2,0
703,37,0,78,0,16,5,41,63,22,0
704,45,0,81,0,44,-20,35,37,2,0
705,38,1,102,-5,34,0,65,69,4,0
706,39,-4,86,0,38,0,46,47,0,0
707,53,0,86,0,52,-16,33,34,2,0
708,37,0,93,0,10,-6,56,83,28,0
709,37,0,84,0,26,-1,47,58,10,0
710,49,0,85,0,50,19,36,36,0,0
711,45,-2,77,0,44,-20,32,34,2,0
712,40,-2,106,0,38,0,66,67,2,0
713,49,0,83,0,50,1,34,33,0,0
714,47,0,87,-7,46,0,40,41,0,0
715,37,0,91,-2,6,0,54,86,32,0
716,37,-1,102,0,36,6,65,66,2,0
717,38,2,79,0,38,20,41,40,0,0
718,56,0,97,2,54,0,41,43,2,0
719,38,-4,86,0,38,0,48,48,0,0
720,41,-3,79,0,42,0,38,38,0,0
721,46,-2,83,0,46,0,36,36,0,0
722,41,0,87,3,42,27,46,46,0,0
723,37,0,105,3,18,0,68,87,18,0
724,44,2,81,0,44,1,37,37,0,0
725,41,0,97,0,42,29,56,55,0,0
726,48,-1,84,0,46,-3,36,38,2,0
727,37,3,76,6,34,0,39,43,4,0
728,44,0,76,0,44,2,32,32,0,0
729,43,1,79,0,42,0,37,38,2,0
730,46,3,79,0,46,16,33,32,0,0
731,46,0,88,-4,46,16,43,42,0,0
732,45,0,81,-3,44,0,36,37,2,0
733,53,0,87,3,52,-5,34,35,2,0
734,37,0,93,0,10,-9,56,83,28,0
735,37,0,76,0,34,10,39,42,2,0
736,49,-3,107,0,46,-30,58,60,2,0
737,45,4,108,0,44,0,63,64,2,0
738,37,0,106,0,26,1,68,80,12,0
739,48,1,83,-1,46,0,34,36,2,0
740,41,0,79,-1,38,-5,39,41,2,0
741,43,0,108,-5,42,-16,64,66,2,0
742,44,0,87,0,44,1,43,43,0,0
743,47,0,88,6,46,0,42,42,0,0
744,50,-2,84,0,50,0,34,35,0,0
745,37,0,76,-4,36,0,39,40,0,0
746,37,5,75,0,36,0,38,39,0,0
747,55,0,77,-1,54,0,22,23,0,0
748,52,4,86,0,52,0,34,34,0,0
749,41,0,79,0,38,-17,38,40,2,0
750,39,0,77,3,38,0,38,39,0,0
751,45,0,79,0,44,-27,33,35,2,0
752,47,-1,84,0,46,0,37,38,0,0
753,43,-1,77,0,42,-15,34,35,2,0
754,43,0,83,2,44,22,40,39,0,0
755,45,-1,86,0,44,-8,41,42,2,0
756,43,-4,77,1,42,-20,34,36,2,0
757,46,-4,81,0,46,0,34,34,0,0
758,37,0,76,0,30,-5,39,45,6,0
759,51,0,84,0,52,24,34,33,0,0
760,43,0,87,0,42,-9,44,46,2,0
761,37,0,77,0,2,3,40,74,34,0
762,37,0,78,0,16,26,41,63,22,0
763,45,0,80,0,44,-13,35,36,2,0
764,41,-5,78,0,42,3,37,37,0,0
765,51,-4,88,0,52,0,36,36,0,0
766,49,0,107,0,50,19,58,58,0,0
767,37,0,105,0,24,7,68,82,14,0
768,42,-1,83,0,42,0,42,42,0,0
769,37,3,75,0,18,-6,38,57,18,0
770,37,0,80,0,12,5,43,67,24,0
771,44,-2,108,0,44,0,63,64,0,0
772,51,0,84,0,52,2,33,32,0,0
773,47,-908,86,-1,46,0,39,39,0,0
774,42,-2,83,0,42,0,42,42,0,0
775,41,1,80,0,38,0,39,41,2,0
776,51,2,83,-1,50,-1,32,33,2,0
777,44,2,86,0,44,5,42,42,0,0
778,37,0,93,0,16,21,55,77,22,0
779,41,0,78,0,42,17,37,37,0,0
780,41,0,76,-5,38,0,35,37,2,0
781,40,-4,81,0,38,0,41,43,2,0
782,38,1,109,-3,38,0,71,71,0,0
783,42,0,86,3,42,0,44,44,0,0
784,58,-1,79,0,56,0,21,22,0,0
785,37,5,76,0,36,2,39,40,0,0
786,44,3,93,0,44,10,50,50,0,0
787,53,0,102,0,54,6,49,48,0,0
788,53,0,88,5,52,-20,35,36,2,0
789,37,0,80,-5,36,0,43,44,0,0
790,44,1,81,0,44,5,38,37,0,0
791,43,-1,83,-3,42,-6,40,42,2,0
792,37,0,107,0,36,0,69,71,2,0
793,37,0,77,-1,-18,-4,40,95,54,0
794,55,-1,93,0,54,0,38,39,0,0
795,46,2,80,0,46,2,34,34,0,0
796,67,4,112,0,68,2,45,45,0,0
797,51,-2,77,0,52,0,26,25,0,0
798,37,0,76,0,36,-13,39,40,2,0
799,48,-2,87,0,46,-8,39,41,2,0
800,53,-2,80,-2,54,-3,27,26,0,0
801,44,2,108,-1,44,7,64,64,0,0
802,41,0,81,5,38,0,40,42,2,0
803,52,1,87,-6,52,0,35,35,0,0
804,37,0,76,0,36,2,38,39,2,0
805,48,4,81,1,46,0,32,34,2,0
806,46,0,88,2,46,0,41,41,0,0
807,43,-3,86,-1,44,8,42,42,0,0
808,37,0,76,1,26,-12,40,50,10,0
809,49,2,95,0,46,-12,47,49,2,0
810,53,2,79,0,54,3,25,24,0,0
811,37,0,81,0,34,17,45,48,2,0
812,37,0,104,-1,28,1,67,76,8,0
813,56,-1,92,0,56,0,36,35,0,0
814,45,0,76,0,46,8,30,29,0,0
815,44,0,84,0,44,8,40,40,0,0
816,47,1,77,-7,46,0,30,31,0,0
817,45,0,82,-5,44,0,37,38,0,0
818,38,0,81,0,36,-24,43,44,2,0
819,49,3,82,0,50,25,33,33,0,0
820,53,-1,87,0,52,-21,34,35,2,0
821,37,0,76,0,24,-2,39,53,14,0
822,56,0,86,0,56,12,31,30,0,0
823,41,0,86,-5,38,-7,46,48,2,0
824,42,4,83,-5,42,0,41,41,0,0
825,52,-1,88,0,52,-6,35,36,0,0
826,56,0,79,0,54,-7,23,24,2,0
827,53,3,81,0,54,24,28,26,0,0
828,45,0,78,-5,44,-21,33,34,2,0
829,41,-5,77,8,38,-20,36,38,2,0
830,45,0,76,0,44,-23,31,32,2,0
831,37,0,75,0,26,16,38,49,12,0
832,37,0,79,0,2,19,42,76,34,0
833,48,-1,76,-1,46,-1,28,30,2,0
834,56,0,96,0,54,-1,40,42,2,0
835,37,-2,77,1,0,4,40,77,36,0
836,37,0,77,0,38,31,39,38,0,0
837,37,0,86,6,36,0,50,50,0,0
838,53,0,83,5,54,4,30,29,0,0
839,47,0,81,2,46,0,33,34,0,0
840,51,1,81,0,50,-4,30,32,2,0
841,37,0,77,0,26,18,40,51,12,0
842,49,0,87,0,50,0,38,38,0,0
843,41,0,79,6,42,8,38,38,0,0
844,47,-2,83,0,46,0,36,37,0,0
845,44,0,84,0,42,-16,40,43,2,0
846,37,0,78,0,24,29,41,55,14,0
847,53,0,87,0,52,-6,34,35,2,0
848,56,1,86,3,56,4,31,30,0,0
849,37,-1,76,0,20,-1,39,55,16,0
850,37,-1,77,-5,8,-14,41,70,28,0
851,47,0,87,-5,46,0,40,41,0,0
852,46,0,77,0,44,-19,32,34,2,0
853,49,-5,89,0,46,-30,40,42,2,0
854,37,0,82,0,36,22,45,46,2,0
855,52,-3,81,0,52,-2,29,30,0,0
856,56,0,89,0,56,3,33,32,0,0
857,49,0,111,0,50,0,62,62,0,0
858,42,-1,90,0,42,0,47,48,2,0
859,43,0,81,4,44,28,37,37,0,0
860,37,0,77,0,24,-14,40,54,14,0
861,37,0,95,-5,16,5,58,79,22,0
862,37,0,79,0,6,16,42,74,32,0
863,47,5,84,0,46,0,38,38,0,0
864,37,5,76,0,36,1,39,39,0,0
865,37,0,84,2,24,-14,47,61,14,0
866,43,0,79,0,44,24,35,35,0,0
867,43,0,76,0,42,-14,33,35,2,0
868,56,2,91,0,56,16,35,34,0,0
869,46,0,77,6,46,2,32,31,0,0
870,54,-3,83,-1,54,0,28,28,0,0
871,37,0,91,0,18,7,53,73,20,0
872,37,0,77,0,8,13,40,70,30,0
873,41,0,83,8,42,5,42,42,0,0
874,37,0,107,0,28,12,69,78,8,0
875,45,0,86,6,44,-1,41,42,2,0
876,54,-1,81,-5,54,-7,27,27,0,0
877,46,-4,79,0,46,0,33,32,0,0
878,42,-3,79,0,42,0,37,38,2,0
879,37,0,98,0,28,-4,61,70,8,0
880,38,0,102,0,34,-8,65,69,4,0
881,47,0,78,-7,46,0,31,32,0,0
882,55,1,88,1,54,0,32,33,2,0
883,40,0,89,0,38,0,49,50,2,0
884,53,3,81,0,52,-4,28,30,2,0
885,37,0,79,0,10,-21,42,68,26,0
886,44,-1,85,1,44,0,41,41,0,0
887,37,0,97,0,30,-3,60,66,6,0
888,37,0,76,0,28,16,39,47,8,0
889,47,0,86,2,46,0,38,39,0,0
890,42,0,77,-1,42,0,35,36,0,0
891,37,0,77,0,26,-13,40,51,10,0
892,45,0,93,0,44,-8,48,50,2,0
893,44,0,77,-1,44,2,33,33,0,0
894,38,0,79,0,38,5,42,41,0,0
895,47,0,88,4,46,0,41,41,0,0
896,37,2,77,0,-22,1,41,101,60,0
897,37,0,77,0,8,17,40,69,28,0
898,45,0,87,6,46,15,42,41,0,0
899,37,1,82,0,36,0,45,46,0,0
900,37,0,79,0,2,20,42,76,34,0
901,44,1,79,-1,44,0,35,35,0,0
902,42,3,79,8,42,0,37,38,0,0
903,45,0,86,-4,46,19,41,40,0,0
904,53,0,88,0,52,-27,35,37,2,0
905,44,-2,86,3,44,0,42,42,0,0
906,39,0,86,5,38,0,47,48,0,0
907,43,-4,85,0,42,-19,42,44,2,0
908,56,1,80,0,56,14,24,23,0,0
909,38,0,106,0,38,0,68,67,0,0
910,48,0,88,3,50,31,40,39,0,0
911,49,5,80,0,50,5,31,31,0,0
912,37,0,95,0,18,24,58,77,18,0
913,41,0,81,0,38,-19,41,43,2,0
914,49,-5,86,0,50,6,38,37,0,0
915,37,0,76,0,36,-5,38,39,2,0
916,51,1,102,0,50,0,51,53,2,0
917,47,2,90,8,46,0,43,44,0,0
918,43,0,81,2,42,-5,38,40,2,0
919,45,0,81,0,44,-23,35,37,2,0
920,45,0,86,-1,44,-13,41,42,2,0
921,38,0,77,0,38,9,39,38,0,0
922,41,-2,108,0,38,-13,67,69,2,0
923,46,0,84,-2,46,-3,38,37,0,0
924,45,0,79,0,44,-23,33,35,2,0
925,38,3,77,0,38,0,39,38,0,0
926,57,3,88,0,56,0,31,31,0,0
927,37,0,76,-1,28,-4,39,47,8,0
928,45,-2,81,0,46,11,35,34,0,0
929,38,-1,91,-2,6,-7,53,86,32,0
930,40,-2,86,0,38,0,46,47,2,0
931,45,0,85,0,46,21,40,39,0,0
932,55,0,83,3,54,0,28,29,0,0
933,37,0,93,0,16,7,55,77,22,0
934,46,-4,78,-1,46,0,32,32,0,0
935,41,1,86,0,38,-7,46,48,2,0
936,46,-4,86,0,46,0,41,40,0,0
937,46,0,85,-2,46,7,39,39,0,0
938,61,0,111,0,60,-8,50,52,2,0
939,52,0,78,-1,52,0,26,26,0,0
940,44,0,87,0,44,22,43,43,0,0
941,37,0,95,0,16,0,58,79,22,0
942,37,0,103,0,30,-6,66,72,6,0
943,37,0,77,3,28,0,41,49,8,0
944,37,0,79,0,10,-10,42,68,26,0
945,37,0,108,2,34,-30,71,75,4,0
946,43,0,83,0,42,-14,39,41,2,0
947,37,-4,80,0,34,1,43,46,4,0
948,37,0,77,0,20,19,41,57,16,0
949,37,-2,77,3,38,11,40,39,0,0
950,37,0,77,2,12,0,40,64,24,0
951,45,0,78,-4,46,20,33,32,0,0
952,37,0,97,-6,26,-5,60,71,12,0
953,37,0,106,14,28,0,69,78,8,0
954,37,0,77,0,0,-5,40,77,36,0
955,45,1,76,2,44,0,31,32,2,0
956,37,0,95,0,10,23,58,84,26,0
957,37,0,79,0,30,11,43,48,6,0
958,37,0,104,0,20,-22,67,84,16,0
959,56,3,86,0,56,14,31,30,0,0
960,41,0,76,0,38,-20,35,37,2,0
961,37,0,77,0,28,6,40,48,8,0
962,37,0,109,1,26,0,71,83,12,0
963,45,0,86,8,44,-2,41,42,2,0
964,41,2,78,0,42,23,37,37,0,0
965,37,0,84,0,30,10,47,53,6,0
966,48,0,88,1,46,0,39,41,2,0
967,42,0,81,0,42,315,39,40,0,0
968,38,0,107,3,38,0,69,68,0,0
969,46,0,79,2,46,8,34,33,0,0
970,47,1,86,-2,46,0,39,39,0,0
971,44,0,75,-7,44,2,31,31,0,0
972,37,0,77,3,36,3,41,41,0,0
973,37,0,106,0,26,-30,69,80,12,0
974,55,0,83,-1,54,0,28,28,0,0
975,39,1,97,0,38,0,58,58,0,0
976,45,2,87,6,44,0,42,43,2,0
977,49,0,80,0,50,28,31,31,0,0
978,45,0,80,0,46,20,35,34,0,0
979,43,-1,76,0,44,25,32,32,0,0
980,42,4,108,0,42,0,66,67,2,0
981,56,2,82,0,54,-12,26,28,2,0
982,37,0,76,0,26,13,40,50,10,0
983,37,0,103,0,18,-7,66,85,20,0
984,49,-1,106,0,50,0,57,57,0,0
985,50,5,85,0,50,0,35,36,0,0
986,37,0,80,0,20,-5,43,59,16,0
987,50,4,81,-4,50,0,31,32,0,0
988,37,-5,97,0,34,3,61,64,2,0
989,42,-2,97,1,42,0,56,56,0,0
990,43,0,87,8,42,-9,44,46,2,0
991,37,0,77,-7,26,-1,40,51,10,0
992,63,2,111,5,62,0,48,49,2,0
993,49,0,82,0,50,27,33,33,0,0
994,47,5,78,-2,46,0,31,32,0,0
995,37,0,90,0,20,5,53,70,16,0
996,37,0,77,-1,34,-3,40,43,4,0
997,40,-2,80,2,38,0,40,41,2,0
998,37,0,76,3,36,0,40,40,0,0
999,37,0,81,-4,36,0,44,44,0,0
1000,37,0,103,0,30,16,66,72,6,0
1001,47,0,89,-7,46,0,42,42,0,0
1002,37,0,80,0,12,2,43,67,24,0
1003,37,0,78,0,16,-19,42,63,22,0
1004,38,0,79,0,38,8,41,40,0,0
1005,37,0,76,0,26,-2,40,50,10,0
1006,53,5,81,0,54,4,28,27,0,0
1007,56,-5,85,1,56,0,29,28,0,0
1008,46,0,83,-7,46,0,37,37,0,0
1009,41,0,79,-4,42,7,38,37,0,0
1010,40,-5,80,6,38,0,40,41,2,0
1011,37,0,76,1,34,2,40,43,2,0
1012,46,-3,108,0,46,0,62,62,0,0
1013,37,0,77,6,34,-16,40,43,2,0
1014,40,-2,108,0,38,0,68,69,2,0
1015,46,0,85,0,46,14,39,39,0,0
1016,51,0,81,0,52,3,29,29,0,0
1017,45,0,77,0,46,21,31,30,0,0
1018,37,0,77,0,24,9,40,54,14,0
1019,51,0,82,3,52,16,31,30,0,0
1020,46,0,90,0,46,1,44,44,0,0
1021,37,0,82,0,18,7,45,64,18,0
1022,39,1,93,-3,38,0,54,55,0,0
1023,44,2,79,0,42,-18,35,37,2,0
1024,50,-2,80,0,50,0,30,31,2,0
1025,37,-5,79,0,-6,0,42,86,44,0
1026,42,2,90,0,42,0,48,49,2,0
1027,42,0,81,0,42,102,39,40,0,0
1028,46,0,77,0,44,-22,32,34,2,0
1029,56,-4,86,0,56,5,30,29,0,0
1030,37,0,79,1,-2,0,42,82,40,0
1031,41,5,85,0,38,0,44,46,2,0
1032,37,0,78,-4,24,0,42,55,14,0
1033,44,0,75,-6,42,-21,31,34,2,0
1034,41,0,78,-1,42,-1,37,37,0,0
1035,36,0,83,2,36,0,46,46,0,0
1036,38,0,90,0,8,2,52,82,30,0
1037,44,0,76,0,44,0,31,32,0,0
1038,37,-2,78,0,-2,0,41,81,40,0
1039,49,0,82,0,50,7,33,33,0,0
1040,46,-1,77,-3,46,-5,31,30,0,0
1041,37,0,98,0,30,6,61,67,6,0
1042,37,0,79,-2,8,0,43,72,28,0
1043,41,-5,76,0,38,-15,35,37,2,0
1044,49,5,90,0,50,2,41,41,0,0
1045,37,0,79,-2,8,19,43,72,28,0
1046,37,0,81,0,38,21,44,43,0,0
1047,37,0,77,3,36,24,41,41,0,0
1048,57,1,84,-6,56,0,28,28,0,0
1049,38,1,79,0,38,15,42,41,0,0
1050,43,0,85,-2,44,22,42,41,0,0
1051,45,-5,90,0,44,-1,45,46,2,0
1052,40,4,77,0,38,0,38,39,2,0
1053,37,0,80,0,12,3,43,67,24,0
1054,41,0,81,3,42,4,39,39,0,0
1055,44,0,86,2,42,-18,43,45,2,0
1056,50,-5,86,0,50,0,37,37,0,0
1057,37,0,96,0,16,-17,59,81,22,0
1058,38,0,105,-3,38,0,67,66,0,0
1059,51,0,86,0,52,13,35,34,0,0
1060,41,0,84,0,42,18,44,43,0,0
1061,49,0,106,-5,50,19,58,57,0,0
1062,57,-3,86,-1,56,0,29,29,0,0
1063,41,0,89,0,38,-11,48,50,2,0
1064,37,1,106,-5,28,0,68,77,8,0
1065,36,-3,77,0,36,0,41,41,0,0
1066,53,1,81,0,52,-28,28,30,2,0
1067,45,1,76,0,44,0,31,32,2,0
1068,45,5,88,0,44,0,43,44,0,0
1069,43,2,76,0,42,-1,33,35,2,0
1070,37,-5,77,0,36,-22,40,41,2,0
1071,55,1,93,5,54,0,38,39,2,0
1072,54,-3,80,0,54,0,26,26,0,0
1073,41,-1,97,-5,38,-10,56,58,2,0
1074,46,2,106,0,46,4,60,60,0,0
1075,37,0,76,0,26,-15,39,50,10,0
1076,45,-1,81,-3,46,17,36,35,0,0
1077,44,-2,85,0,44,0,41,41,0,0
1078,52,0,82,4,50,-30,30,33,2,0
1079,51,0,82,0,50,-2,31,33,2,0
1080,37,0,77,0,28,25,41,49,8,0
1081,59,0,86,-1,60,21,28,27,0,0
1082,53,3,103,1,52,-3,50,51,2,0
1083,62,0,110,2,62,0,48,48,0,0
1084,57,0,92,2,56,0,34,35,0,0
1085,37,0,78,0,8,17,41,70,30,0
1086,44,5,77,8,44,2,33,34,0,0
1087,40,0,86,-4,38,0,45,47,2,0
1088,52,-2,87,3,52,0,35,35,0,0
1089,41,0,82,-6,38,-2,41,43,2,0
1090,44,2,86,0,44,2,42,42,0,0
1091,64,0,111,4,62,-12,46,49,2,0
1092,45,1,81,0,44,0,36,37,0,0
1093,56,-3,92,0,56,0,36,35,0,0
1094,41,0,82,0,38,-18,41,43,2,0
1095,37,0,79,0,0,2,42,79,36,0
1096,37,0,77,2,28,0,41,49,8,0
1097,57,2,92,0,56,0,35,35,0,0
1098,46,1,76,-1,46,0,30,30,0,0
1099,37,0,90,2,26,0,53,64,12,0
1100,39,-3,77,-1,38,-2,37,38,0,0
1101,37,0,76,0,18,-11,40,58,18,0
1102,41,1,86,0,42,9,45,44,0,0
1103,37,0,77,2,-18,0,41,96,54,0
1104,46,0,79,1,46,0,33,33,0,0
1105,45,-1,77,0,46,8,32,31,0,0
1106,51,-4,81,0,52,15,30,30,0,0
1107,37,1,81,8,24,0,43,57,14,0
1108,37,0,83,3,-2,0,46,85,40,0
1109,37,0,83,0,2,-16,46,81,34,0
1110,42,0,102,0,42,0,60,60,0,0
1111,41,-1,78,0,42,4,37,37,0,0
1112,37,0,77,-4,28,-20,40,48,8,0
1113,37,-1,83,-3,26,-37,46,57,12,0
1114,45,2,76,1,44,0,31,32,2,0
1115,38,-5,110,0,38,0,72,71,0,0
1116,56,0,79,0,56,4,22,22,0,0
1117,37,-3,76,0,38,6,38,37,0,0
1118,37,0,78,0,24,-26,41,55,14,0
1119,43,1,75,-3,42,0,32,34,2,0
1120,47,-2,77,-7,46,0,31,31,0,0
1121,46,2,84,0,46,18,38,37,0,0
1122,37,1,75,0,18,-7,38,57,18,0
1123,37,0,86,0,36,-3,48,50,2,0
1124,37,0,75,0,30,27,38,44,6,0
1125,49,-1,81,0,46,-20,33,35,2,0
1126,45,-1,93,0,46,13,48,47,0,0
1127,41,0,77,0,38,-22,36,39,2,0
1128,37,0,105,0,34,11,68,71,4,0
1129,37,0,98,0,28,-6,61,70,8,0
1130,37,-4,99,0,28,0,62,71,8,0
1131,53,0,83,8,54,12,30,29,0,0
1132,42,3,96,0,42,0,54,55,2,0
1133,41,-1,86,0,42,18,46,45,0,0
1134,42,0,78,0,42,0,36,37,0,0
1135,37,0,94,0,8,-7,57,86,30,0
1136,41,3,78,0,38,-10,37,39,2,0
1137,37,0,79,0,36,-9,41,43,2,0
1138,37,0,81,0,28,-7,45,53,8,0
1139,47,1,79,0,46,0,32,33,0,0
1140,37,0,97,1,30,0,60,66,6,0
1141,44,0,88,0,44,12,44,44,0,0
1142,48,-3,100,0,46,-1,52,54,2,0
1143,45,0,81,0,46,4,36,35,0,0
1144,51,0,102,0,52,12,51,50,0,0
1145,44,1,80,0,44,17,36,36,0,0
1146,37,0,83,-1,10,0,46,72,26,0
1147,49,2,84,0,50,10,35,35,0,0
1148,37,0,104,0,34,5,67,71,4,0
1149,45,0,106,-4,44,0,61,62,2,0
1150,37,0,78,0,12,-14,41,65,24,0
1151,44,2,83,0,44,0,39,39,0,0
1152,49,0,81,0,50,14,33,32,0,0
1153,37,0,104,0,20,-14,67,84,16,0
1154,45,0,82,4,44,-17,37,38,2,0
1155,37,0,78,0,16,24,41,63,22,0
1156,41,0,89,0,42,20,48,48,0,0
1157,52,0,86,-4,52,0,33,34,0,0
1158,40,0,86,0,42,31,46,45,0,0
1159,45,0,84,1,44,0,39,40,2,0
1160,37,0,79,0,18,-26,43,61,18,0
1161,49,3,87,0,46,-6,38,41,2,0
1162,37,0,79,0,34,6,43,46,2,0
1163,37,0,78,-7,-6,0,41,86,44,0
1164,45,2,93,-3,44,0,48,49,0,0
1165,42,-4,108,0,42,0,66,66,0,0
1166,56,0,86,4,54,-24,31,32,2,0
1167,44,0,81,-2,44,9,37,37,0,0
1168,37,0,81,0,28,13,44,52,8,0
1169,44,0,83,0,44,17,39,39,0,0
1170,37,-3,81,0,36,-2,44,44,0,0
1171,37,0,97,0,28,-16,60,69,8,0
1172,43,-3,79,0,42,-16,35,37,2,0
1173,37,4,78,-1,16,0,41,63,22,0
1174,46,0,89,-1,46,4,43,42,0,0
1175,56,0,87,0,56,17,31,30,0,0
1176,38,1,76,0,38,7,38,37,0,0
1177,43,0,81,0,44,26,38,37,0,0
1178,37,0,77,4,-10,0,41,88,46,0
1179,37,0,93,5,28,2,56,65,8,0
1180,53,1,78,0,52,-2,25,26,2,0
1181,45,0,83,0,46,10,37,36,0,0
1182,46,3,84,-5,46,8,39,38,0,0
1183,44,0,78,0,44,4,34,34,0,0
1184,37,-1,106,0,34,1,69,72,4,0
1185,37,0,77,-5,16,0,40,62,22,0
1186,53,0,83,0,52,-21,30,32,2,0
1187,37,0,77,-2,34,-898,41,44,2,0
1188,45,3,86,1,44,0,42,42,0,0
1189,45,2,80,5,44,0,35,36,0,0
1190,43,0,83,1,44,25,40,39,0,0
1191,37,0,94,0,8,-9,57,86,30,0
1192,45,1,76,-3,44,0,31,32,0,0
1193,43,0,77,0,42,-14,34,35,2,0
1194,37,0,76,-2,26,0,39,50,12,0
1195,46,0,86,3,46,1,40,39,0,0
1196,37,0,79,4,10,-10,42,69,26,0
1197,49,-1,79,0,46,-11,31,33,2,0
1198,37,0,81,-2,36,-17,43,44,2,0
1199,57,0,86,1,56,0,29,29,0,0
1200,37,0,81,0,26,-4,44,55,10,0
1201,41,1,88,-3,38,0,48,50,2,0
1202,44,0,83,0,42,-14,40,42,2,0
1203,50,2,107,0,50,0,56,58,2,0
1204,45,0,88,-1,44,-1,44,44,0,0
1205,41,2,76,0,42,11,34,34,0,0
1206,38,-2,92,0,24,-11,54,69,14,0
1207,37,0,78,0,30,5,41,47,6,0
1208,56,-3,96,0,54,29,40,42,2,0
1209,41,0,83,3,42,27,42,42,0,0
1210,44,0,86,0,42,-25,42,44,2,0
1211,52,0,86,0,52,-3,33,34,0,0
1212,37,-7,77,0,20,0,40,56,16,0
1213,44,3,81,0,44,15,37,37,0,0
1214,40,5,106,0,38,0,65,67,2,0
1215,43,-2,89,0,42,0,46,48,2,0
1216,37,0,76,0,36,-14,39,40,2,0
1217,37,0,76,0,30,-30,39,45,6,0
1218,45,1,81,-5,44,0,36,37,0,0
1219,45,0,82,-38,44,0,37,38,0,0
1220,51,1,78,0,50,0,27,29,2,0
1221,51,0,83,0,50,-3,32,34,2,0
1222,37,0,77,0,30,22,40,46,6,0
1223,37,0,78,0,18,16,41,60,18,0
1224,37,0,76,0,20,16,40,55,16,0
1225,54,-4,86,0,54,0,32,32,0,0
1226,51,0,86,-7,52,0,35,35,0,0
1227,46,1,81,1,46,15,35,35,0,0
1228,37,0,106,-1,34,-2,69,72,4,0
1229,37,-1,79,0,36,-1,42,43,0,0
1230,37,0,95,0,20,-17,58,75,16,0
1231,49,0,86,0,50,78,37,37,0,0
1232,44,0,86,0,42,-17,43,45,2,0
1233,63,0,111,8,62,0,48,49,2,0
1234,46,0,78,0,46,1,32,32,0,0
1235,56,-1,81,0,54,-16,25,26,2,0
1236,42,4,77,0,42,0,35,36,2,0
1237,41,-2,84,0,42,10,43,43,0,0
1238,46,0,93,0,44,-24,48,50,2,0
1239,37,0,81,4,8,0,44,73,28,0
1240,37,0,82,0,34,-20,45,48,4,0
1241,37,0,79,0,10,-22,43,69,26,0
1242,44,5,80,0,44,1,36,36,0,0
1243,37,0,80,0,18,7,43,62,18,0
1244,45,0,77,3,44,0,32,33,2,0
1245,46,2,88,0,46,14,42,41,0,0
1246,43,0,86,-8,44,15,42,42,0,0
1247,50,1,78,-3,50,0,28,29,2,0
1248,51,0,78,0,52,5,27,26,0,0
1249,51,4,83,0,50,-12,31,33,2,0
1250,49,0,95,6,50,15,47,46,0,0
1251,56,0,86,0,56,19,31,30,0,0
1252,44,2,81,0,44,8,37,37,0,0
1253,54,0,84,3,54,0,31,30,0,0
1254,37,0,77,0,8,-30,41,70,28,0
1255,52,-1,86,0,52,0,34,35,0,0
1256,37,0,97,0,36,-3,60,61,2,0
1257,43,0,83,0,42,-1,40,42,2,0
1258,45,0,76,0,44,-11,31,32,2,0
1259,53,4,84,0,52,-16,32,33,2,0
1260,43,0,85,1,42,-1,42,44,2,0
1261,51,0,86,0,50,-17,35,37,2,0
1262,51,0,81,3,50,-16,30,32,2,0
1263,47,2,90,0,46,0,43,43,0,0
1264,49,1,83,0,50,1,33,33,0,0
1265,37,-1,77,6,-2,0,39,79,40,0
1266,49,-5,80,0,50,3,31,31,0,0
1267,46,1,82,0,46,15,36,35,0,0
1268,37,0,93,0,30,3,56,62,6,0
1269,39,1,85,-7,38,0,46,46,0,0
1270,37,0,102,0,28,0,65,73,8,0
1271,56,0,96,0,54,13,40,42,2,0
1272,49,-1,80,0,50,0,31,31,0,0
1273,62,-1,108,1,60,0,46,49,2,0
1274,51,-1,79,0,50,-7,28,30,2,0
1275,44,-2,83,4,44,0,38,39,0,0
1276,37,0,78,0,20,-12,41,57,16,0
1277,49,2,78,0,50,22,29,29,0,0
1278,37,0,106,3,30,0,69,75,6,0
1279,41,0,100,0,38,-7,59,61,2,0
1280,37,0,83,0,34,-7,46,49,2,0
1281,37,0,76,-3,20,-6,40,55,16,0
1282,42,0,79,5,42,0,37,38,2,0
1283,42,0,77,-12,42,0,35,36,2,0
1284,37,0,81,0,24,-30,45,58,14,0
1285,53,-5,83,0,52,-29,30,32,2,0
1286,51,0,88,0,50,-22,36,39,2,0
1287,50,-1,90,2,50,0,39,41,2,0
1288,37,5,104,0,18,15,66,86,20,0
1289,37,0,76,0,18,6,39,58,18,0
1290,41,0,79,8,38,-18,38,40,2,0
1291,49,0,106,-3,46,-21,57,59,2,0
1292,37,0,80,0,16,-3,43,65,22,0
1293,37,0,108,0,34,-20,71,75,4,0
1294,37,1,97,0,30,-8,60,66,6,0
1295,37,0,78,0,18,19,41,60,18,0
1296,42,-5,77,0,42,0,35,36,2,0
1297,37,0,96,0,34,15,59,62,4,0
1298,56,0,85,0,56,4,29,28,0,0
1299,37,-1,76,0,38,23,38,37,0,0
1300,48,-2,87,0,50,29,39,38,0,0
1301,37,0,81,-7,30,0,45,50,6,0
1302,42,5,79,6,42,0,36,37,2,0
1303,38,1,105,0,38,22,67,66,0,0
1304,46,4,76,8,46,14,30,30,0,0
1305,47,2,90,0,46,0,44,44,0,0
1306,53,-1,86,0,54,3,33,32,0,0
1307,45,0,88,-2,46,22,42,41,0,0
1308,48,0,87,0,50,27,39,38,0,0
1309,45,0,81,0,46,17,35,34,0,0
1310,49,1,81,0,50,12,33,32,0,0
1311,37,3,75,0,28,0,38,46,8,0
1312,37,0,97,0,34,-27,59,63,4,0
1313,37,0,75,0,36,2,37,39,2,0
1314,42,3,78,-7,42,0,36,37,2,0
1315,49,-2,88,0,50,3,40,39,0,0
1316,46,0,89,2,46,0,43,42,0,0
1317,37,-1,76,-4,30,-7,40,45,6,0
1318,55,-4,96,0,54,0,41,42,2,0
1319,39,0,79,-2,38,0,40,41,0,0
1320,53,0,82,0,54,19,29,28,0,0
1321,49,5,78,0,46,-1,29,32,2,0
1322,49,-1,88,0,50,7,39,39,0,0
1323,49,2,82,0,50,5,33,33,0,0
1324,46,0,86,4,46,0,41,40,0,0
1325,37,0,103,0,34,22,66,69,4,0
1326,42,0,80,-1,42,-2,38,39,0,0
1327,37,0,108,-3,30,0,71,77,6,0
1328,41,3,75,0,38,0,34,36,2,0
1329,38,2,77,0,38,8,40,39,0,0
1330,37,0,80,-1,12,-3,43,67,24,0
1331,49,0,83,0,50,6,34,33,0,0
1332,49,0,87,0,46,0,38,41,2,0
1333,51,0,89,3,52,0,38,37,0,0
1334,42,1,77,6,42,0,35,36,0,0
1335,49,0,85,0,46,-30,36,39,2,0
1336,37,-1,106,-4,36,-6,69,69,0,0
1337,41,0,82,0,38,-16,41,43,2,0
1338,37,0,76,0,34,-11,40,43,2,0
1339,53,0,82,0,54,31,29,28,0,0
1340,37,0,79,0,30,17,42,48,6,0
1341,51,1,83,0,50,-6,32,33,2,0
1342,43,0,80,0,44,21,37,36,0,0
1343,41,0,78,0,38,-3,37,39,2,0
1344,37,0,75,-1,28,0,38,46,8,0
1345,47,0,86,1,46,0,39,39,0,0
1346,37,2,104,0,24,1,66,80,14,0
1347,37,0,77,0,18,-1,40,59,18,0
1348,37,0,97,0,30,-19,60,66,6,0
1349,39,0,94,4,38,0,55,55,0,0
1350,50,0,86,-2,50,0,36,37,0,0
1351,51,0,86,-4,50,-8,36,37,2,0
1352,44,1,86,4,44,0,42,42,0,0
1353,45,0,77,0,46,18,31,30,0,0
1354,47,2,83,0,46,0,36,37,0,0
1355,37,0,78,0,20,-2,41,57,16,0
1356,44,0,77,0,44,19,33,33,0,0
1357,37,0,75,-2,30,-5,38,44,6,0
1358,56,-1,81,2,54,-11,25,26,2,0
1359,37,0,90,67,6,0,53,85,32,0
1360,37,0,82,0,36,19,45,46,2,0
1361,37,4,104,0,24,0,66,80,14,0
1362,44,3,83,0,44,0,39,39,0,0
1363,50,2,81,-1,50,0,31,32,0,0
1364,43,0,78,0,42,-21,35,37,2,0
1365,44,0,83,-2,44,2,39,39,0,0
1366,37,-3,77,0,36,-28,39,41,2,0
1367,48,3,83,6,46,0,35,37,2,0
1368,45,0,83,0,44,-3,37,39,2,0
1369,41,0,79,-5,42,27,38,37,0,0
1370,43,0,86,5,42,0,43,45,2,0
1371,44,5,87,-3,44,3,43,43,0,0
1372,48,0,82,2,46,0,34,35,2,0
1373,44,1,82,0,42,-14,38,41,2,0
1374,53,0,86,0,54,-1,32,32,0,0
1375,37,0,81,5,24,0,44,58,14,0
1376,38,0,96,0,36,-24,58,60,2,0
1377,37,0,78,3,16,0,41,63,22,0
1378,47,-5,108,0,46,0,62,62,0,0
1379,46,4,76,-4,46,0,29,29,0,0
1380,46,2,77,0,46,14,32,31,0,0
1381,44,4,79,0,44,11,35,35,0,0
1382,51,0,86,0,52,27,36,35,0,0
1383,37,0,95,0,24,0,58,72,14,0
1384,49,1,82,0,50,8,33,33,0,0
1385,40,0,77,2,38,0,37,38,2,0
1386,55,0,95,-1,54,0,40,41,2,0
1387,37,0,84,0,20,13,47,63,16,0
1388,47,4,78,2,46,0,31,32,0,0
1389,37,0,102,-3,36,0,64,66,2,0
1390,50,2,86,0,50,0,36,37,0,0
1391,53,-1,82,0,54,5,29,28,0,0
1392,42,0,77,-2,42,-4,35,36,0,0
1393,41,0,88,-2,42,19,48,47,0,0
1394,45,0,83,-2,44,-13,37,39,2,0
1395,45,0,88,0,44,-29,42,44,2,0
1396,56,0,95,-2,56,11,40,39,0,0
1397,37,-1,76,-3,36,-6,39,39,0,0
1398,37,0,81,0,10,19,44,70,26,0
1399,37,2,79,0,0,0,41,79,38,0
1400,43,-1,76,0,42,-19,33,35,2,0
1401,49,4,87,0,46,-4,38,41,2,0
1402,37,0,77,-2,38,20,39,38,0,0
1403,50,2,87,0,50,0,37,38,2,0
1404,42,0,85,-5,42,0,43,44,2,0
1405,39,-4,79,0,38,0,39,40,0,0
1406,53,0,85,0,52,-12,32,33,2,0
1407,46,0,83,0,46,2,37,37,0,0
1408,49,5,87,0,50,30,38,38,0,0
1409,42,0,77,-6,42,0,35,35,0,0
1410,47,0,86,-1,46,-2,38,39,0,0
1411,44,-16,88,0,44,0,44,44,0,0
1412,44,0,77,0,42,-22,34,36,2,0
1413,44,-2,79,-5,44,8,36,35,0,0
1414,49,-1,111,0,46,-23,62,64,2,0
1415,37,1,76,0,30,0,39,45,6,0
1416,40,-3,79,0,38,0,39,40,2,0
1417,56,0,92,0,56,5,35,35,0,0
1418,37,-5,109,0,36,-21,72,73,2,0
1419,43,0,77,5,42,-1,34,35,2,0
1420,37,0,80,6,8,0,43,72,28,0
1421,55,1,87,1,54,0,32,33,2,0
1422,41,4,88,0,42,1,47,47,0,0
1423,41,4,90,7,42,15,48,48,0,0
1424,41,0,84,5,38,-7,43,45,2,0
1425,40,0,83,0,38,0,43,44,2,0
1426,56,0,86,0,56,11,30,29,0,0
1427,55,0,87,0,54,-2,32,33,2,0
1428,56,-1,97,0,54,-4,41,42,2,0
1429,56,0,86,0,54,-19,30,32,2,0
1430,47,-4,84,-3,46,0,38,38,0,0
1431,59,1,86,0,56,-9,28,30,2,0
1432,45,4,79,0,44,0,34,35,2,0
1433,41,0,97,0,38,-7,56,58,2,0
1434,37,0,76,0,34,6,39,43,4,0
1435,37,0,77,0,-18,-8,40,95,54,0
1436,55,-2,81,0,54,-8,26,27,2,0
1437,42,0,81,0,42,82,39,40,0,0
1438,49,-4,78,0,50,2,29,29,0,0
1439,44,5,81,0,44,14,37,37,0,0
1440,44,0,86,3,44,4,43,42,0,0
1441,37,-1,77,-3,-20,15,41,98,58,0
1442,51,0,82,0,52,27,31,30,0,0
1443,46,-2,77,0,46,4,32,31,0,0
1444,53,2,79,0,54,4,25,24,0,0
1445,41,-2,86,0,38,-22,46,48,2,0
1446,37,0,95,6,10,0,58,85,28,0
1447,37,0,78,0,-2,24,41,81,40,0
1448,37,0,97,0,36,-13,60,61,2,0
1449,43,0,86,-4,42,0,44,45,2,0
1450,42,-4,108,0,42,0,65,66,2,0
1451,37,0,105,-3,18,0,68,87,18,0
1452,45,-3,87,0,44,-4,42,43,2,0
1453,45,1,85,5,44,0,40,41,2,0
1454,55,0,96,0,54,6,41,42,2,0
1455,55,0,108,-5,54,0,52,53,0,0
1456,49,0,100,0,46,-12,52,54,2,0
1457,47,5,83,2,46,0,36,37,0,0
1458,37,0,90,0,30,5,53,59,6,0
1459,53,-4,77,0,54,0,25,23,0,0
1460,37,0,97,1,24,11,60,74,14,0
1461,39,2,81,0,38,0,43,43,0,0
1462,49,1,79,1,46,-9,30,32,2,0
1463,66,0,109,0,64,-19,43,45,2,0
1464,44,1,77,0,42,-24,33,35,2,0
1465,44,0,81,0,44,11,37,37,0,0
1466,49,1,86,0,46,-1,38,40,2,0
1467,51,0,81,-3,52,8,30,30,0,0
1468,43,0,90,0,42,-11,47,49,2,0
1469,44,0,83,0,42,-27,39,41,2,0
1470,45,3,88,0,44,0,43,44,0,0
1471,37,0,79,0,8,-18,42,71,30,0
1472,37,0,77,0,-24,-8,41,103,62,0
1473,37,0,79,0,36,6,41,43,2,0
1474,49,0,88,1,46,-26,39,41,2,0
1475,45,0,86,-5,44,8,40,42,2,0
1476,55,0,86,-7,54,0,31,32,0,0
1477,37,0,77,0,36,-10,39,41,2,0
1478,56,1,95,0,56,10,39,39,0,0
1479,55,2,86,0,54,0,32,32,0,0
1480,45,4,87,0,44,0,43,43,0,0
1481,43,0,88,0,44,23,45,44,0,0
1482,37,0,76,6,34,-20,39,43,4,0
1483,37,0,92,0,26,25,55,66,12,0
1484,38,0,92,0,24,17,54,69,14,0
1485,37,0,81,-1,10,0,44,70,26,0
1486,42,0,79,0,42,3,37,37,0,0
1487,45,0,82,-15,44,0,37,38,0,0
1488,41,0,86,-7,42,26,45,44,0,0
1489,37,0,105,1,20,0,68,84,16,0
1490,37,0,96,0,20,0,59,75,16,0
1491,37,0,79,0,6,-30,42,74,32,0
1492,42,0,81,0,42,42,39,40,0,0
1493,42,0,83,-1,42,0,40,41,2,0
1494,44,5,83,0,44,0,38,39,0,0
1495,44,-1,82,0,44,2,38,38,0,0
1496,46,0,107,-3,46,1,61,60,0,0
1497,39,0,78,6,38,0,39,39,0,0
1498,37,0,105,6,24,29,68,82,14,0
1499,37,0,79,0,28,-9,42,50,8,0
1500,64,0,113,0,64,11,48,48,0,0
1501,46,0,81,0,44,-26,35,37,2,0
1502,41,2,83,1,38,-3,42,44,2,0
1503,37,-2,107,0,36,-19,69,71,2,0
1504,37,0,97,-1,18,-1,60,79,18,0
1505,39,0,81,-1,38,-1,43,43,0,0
1506,43,0,89,0,44,24,46,45,0,0
1507,41,3,84,0,38,0,44,46,2,0
1508,43,-2,77,0,44,18,34,34,0,0
1509,53,-3,78,0,52,-24,25,26,2,0
1510,37,0,79,1,12,-2,43,66,24,0
1511,49,-1,77,-1,46,-13,29,31,2,0
1512,37,0,79,-1,26,9,43,54,10,0
1513,44,0,91,-5,44,0,47,47,0,0
1514,44,1,81,0,44,9,37,37,0,0
1515,41,1,82,0,38,-18,41,43,2,0
1516,38,0,78,0,38,6,40,39,0,0
1517,38,0,76,-6,38,0,37,37,0,0
1518,47,0,79,0,46,0,32,33,0,0
1519,37,-4,90,0,20,0,53,69,16,0
1520,45,0,109,0,46,23,64,63,0,0
1521,37,3,77,0,36,15,40,41,0,0
1522,37,-2,77,0,36,-24,40,41,2,0
1523,49,0,86,0,46,-11,38,40,2,0
1524,37,0,76,0,30,27,39,45,6,0
1525,46,2,81,0,46,3,35,34,0,0
1526,47,0,106,0,46,0,60,60,0,0
1527,37,0,84,0,18,-5,47,66,18,0
1528,51,0,81,-1,52,5,30,30,0,0
1529,44,0,76,0,44,6,32,32,0,0
1530,40,-1,100,0,38,0,61,62,2,0
1531,48,5,83,8,46,0,35,37,2,0
1532,54,2,83,0,54,0,28,28,0,0
1533,37,0,75,-3,24,0,38,52,14,0
1534,54,0,81,-1,54,0,27,27,0,0
1535,53,0,82,0,54,26,29,28,0,0
1536,37,0,75,0,18,-4,38,57,18,0
1537,41,0,79,-3,38,-22,38,40,2,0
1538,53,-2,83,0,52,-24,30,32,2,0
1539,44,0,84,-1,44,0,40,40,0,0
1540,48,5,86,0,46,0,39,40,2,0
1541,37,0,78,0,18,-4,42,60,18,0
1542,56,0,97,0,54,1,41,43,2,0
1543,49,4,78,0,50,21,29,29,0,0
1544,37,0,104,0,18,9,66,86,20,0
1545,39,0,77,2,38,0,37,38,0,0
1546,47,0,79,7,46,0,32,32,0,0
1547,39,2,75,0,38,0,35,36,0,0
1548,46,2,83,0,44,-25,37,39,2,0
1549,52,0,83,0,52,-2,30,31,0,0
1550,43,0,79,0,42,-16,36,38,2,0
1551,37,0,79,-4,34,0,42,45,2,0
1552,42,0,81,0,42,5,39,39,0,0
1553,45,-4,86,0,44,-17,41,42,2,0
1554,53,0,104,1,52,-29,51,52,2,0
1555,37,0,79,0,12,16,42,66,24,0
1556,42,3,83,4,42,0,41,42,0,0
1557,48,-3,77,0,46,-1,29,31,2,0
1558,37,-5,79,0,38,12,41,40,0,0
1559,49,1,80,0,46,-18,31,34,2,0
1560,55,-2,83,0,54,0,29,29,0,0
1561,55,-1,95,0,54,0,40,41,2,0
1562,37,0,78,0,18,3,41,60,18,0
1563,40,1,81,0,38,0,40,42,2,0
1564,41,0,88,0,38,-10,47,49,2,0
1565,37,0,80,0,12,4,43,67,24,0
1566,46,-5,107,0,46,0,61,60,0,0
1567,51,-2,102,0,52,19,51,50,0,0
1568,37,0,75,0,28,-7,38,46,8,0
1569,41,3,82,0,38,-26,41,43,2,0
1570,49,4,85,0,50,5,36,36,0,0
1571,49,0,107,0,46,-3,58,60,2,0
1572,56,0,83,0,56,6,26,26,0,0
1573,39,-5,81,0,38,0,43,43,0,0
1574,49,0,89,0,50,18,40,40,0,0
1575,53,-1,84,0,52,-27,31,32,2,0
1576,37,0,76,-4,28,0,40,48,8,0
1577,37,0,76,0,36,6,38,39,2,0
1578,38,3,76,0,38,0,37,37,0,0
1579,41,0,77,0,38,-15,37,39,2,0
1580,53,0,81,0,54,8,28,27,0,0
1581,41,1,88,0,38,-18,47,50,2,0
1582,37,0,79,0,12,10,42,66,24,0
1583,37,0,77,-2,28,-10,40,48,8,0
1584,37,0,76,0,34,30,39,42,2,0
1585,51,0,84,0,50,-4,34,35,2,0
1586,47,0,86,-4,46,0,39,39,0,0
1587,39,-2,79,5,38,0,40,41,0,0
1588,37,0,76,-1,20,-2,39,55,16,0
1589,58,0,87,5,56,0,30,30,0,0
1590,51,0,87,-4,52,1,36,35,0,0
1591,51,0,87,2,52,16,36,35,0,0
1592,56,1,91,0,56,1,35,34,0,0
1593,37,-4,75,0,34,0,38,41,4,0
1594,37,0,76,-6,36,4,40,40,0,0
1595,49,-3,89,0,50,0,40,40,0,0
1596,41,0,78,0,38,-18,37,39,2,0
1597,37,0,77,0,34,-4,40,44,4,0
1598,37,0,77,-1,20,0,40,56,16,0
1599,49,0,79,0,46,-2,30,32,2,0
1600,53,0,79,0,52,-21,26,27,2,0
1601,41,-3,76,0,38,-19,35,37,2,0
1602,37,0,106,-2,28,-1,69,77,8,0
1603,43,0,84,0,42,-13,41,43,2,0
1604,41,-1,86,0,38,-5,45,47,2,0
1605,37,0,78,0,10,-2,41,68,26,0
1606,55,0,93,1,54,0,38,39,2,0
1607,43,0,76,0,42,-9,32,34,2,0
1608,37,-1,81,0,38,6,43,42,0,0
1609,47,0,86,-6,46,0,39,39,0,0
1610,37,0,76,0,36,-16,39,40,2,0
1611,37,0,94,0,10,24,57,84,26,0
1612,51,-4,78,0,52,0,27,26,0,0
1613,53,3,86,0,54,0,32,32,0,0
1614,53,2,88,0,52,-12,35,36,2,0
1615,43,5,76,0,42,0,32,34,2,0
1616,37,0,83,0,0,-29,46,83,36,0
1617,51,0,87,0,50,-9,36,38,2,0
1618,47,1,84,-7,46,0,37,38,0,0
1619,41,0,86,0,38,-21,46,48,2,0
1620,55,3,83,0,54,0,27,28,2,0
1621,42,0,79,-4,42,0,37,38,0,0
1622,53,1,86,-1,54,2,32,32,0,0
1623,52,0,79,0,54,25,26,24,0,0
1624,55,3,82,0,54,0,27,28,0,0
1625,43,-2,76,0,42,-12,33,35,2,0
1626,37,0,75,0,24,-3,38,52,14,0
1627,37,0,78,0,-6,-26,42,86,44,0
1628,43,-2,86,-5,44,21,42,42,0,0
1629,46,0,87,0,44,-13,41,43,2,0
1630,44,0,91,-1,44,0,47,47,0,0
1631,41,1,76,0,42,6,34,34,0,0
1632,41,0,76,0,38,-26,35,37,2,0
1633,45,2,77,0,44,0,31,33,2,0
1634,44,-3,82,0,44,0,38,38,0,0
1635,37,0,77,2,24,-24,40,54,14,0
1636,42,0,81,0,42,6,39,40,0,0
1637,48,-4,88,0,46,0,40,42,2,0
1638,37,0,79,0,36,24,41,43,2,0
1639,51,4,78,0,50,-18,27,29,2,0
1640,37,-5,81,7,36,0,44,44,0,0
1641,37,0,77,0,26,-4,40,51,12,0
1642,56,0,92,0,54,7,36,38,2,0
1643,41,0,82,-4,38,-8,41,43,2,0
1644,41,-4,78,-3,42,-5,37,37,0,0
1645,50,3,95,-6,50,0,45,46,0,0
1646,38,-3,81,0,38,0,43,43,0,0
1647,52,-2,81,0,52,-3,29,30,0,0
1648,52,0,77,-2,52,0,26,26,0,0
1649,37,0,78,0,34,-1,41,45,4,0
1650,45,0,81,0,44,-1,36,37,0,0
1651,42,0,76,-3,42,-5,34,35,2,0
1652,44,2,85,0,44,3,41,41,0,0
1653,41,0,88,-4,42,19,48,47,0,0
1654,42,1,88,0,42,0,47,47,0,0
1655,50,1,78,-4,50,0,29,29,0,0
1656,37,1,90,-2,6,0,53,85,32,0
1657,41,-1,78,-5,38,-11,37,39,2,0
1658,50,-1,87,0,50,0,37,38,0,0
1659,55,0,87,0,54,-4,32,33,2,0
1660,53,0,79,0,54,11,26,24,0,0
1661,37,0,77,0,16,12,40,61,22,0
1662,37,0,97,0,18,-21,60,79,18,0
1663,53,0,87,0,52,-16,34,35,2,0
1664,37,0,97,0,28,-15,60,69,8,0
1665,37,0,81,-5,38,14,43,42,0,0
1666,42,0,82,0,42,0,40,41,0,0
1667,41,-1,78,0,38,-23,37,39,2,0
1668,44,1,87,0,44,16,43,43,0,0
1669,56,0,79,0,56,5,24,23,0,0
1670,56,-5,86,0,56,0,29,29,0,0
1671,37,0,106,0,26,11,68,80,12,0
1672,46,0,83,0,46,13,37,36,0,0
1673,46,0,83,2,46,0,37,36,0,0
1674,46,3,108,0,46,11,62,61,0,0
1675,37,0,80,0,36,30,43,44,2,0
1676,42,-5,79,0,42,0,36,37,2,0
1677,53,0,81,0,52,-21,28,30,2,0
1678,55,-4,78,0,56,30,23,21,0,0
1679,56,0,86,0,56,6,31,30,0,0
1680,53,4,81,0,54,6,28,27,0,0
1681,46,0,86,-4,46,0,40,40,0,0
1682,41,0,81,-2,42,-4,40,40,0,0
1683,39,0,78,0,38,0,39,39,0,0
1684,59,0,108,0,56,-13,49,51,2,0
1685,37,0,80,3,26,1,43,54,12,0
1686,39,0,81,-5,38,0,41,42,0,0
1687,51,-2,82,0,52,23,31,30,0,0
1688,41,0,84,2,38,-9,43,45,2,0
1689,37,0,78,0,-4,28,41,83,42,0
1690,44,-4,77,0,44,21,33,33,0,0
1691,37,5,108,0,36,0,71,72,0,0
1692,53,1,86,0,54,12,33,32,0,0
1693,39,16,77,0,28,0,37,48,12,0
1694,37,2,76,0,34,0,39,43,4,0
1695,38,4,77,0,38,10,39,38,0,0
1696,56,0,87,0,56,14,31,30,0,0
1697,38,1,92,0,12,16,54,79,24,0
1698,52,-5,87,2,52,-4,35,35,0,0
1699,56,-5,87,0,56,0,31,30,0,0
1700,58,0,86,-6,56,0,28,29,0,0
1701,37,0,105,0,24,18,68,82,14,0
1702,45,0,84,0,44,-6,40,41,2,0
1703,54,0,108,5,54,0,54,54,0,0
1704,41,0,84,0,42,17,44,43,0,0
1705,37,0,95,1,10,5,57,84,28,0
1706,64,3,113,0,64,22,48,48,0,0
1707,81,-5,84,0,-22,-6,4,108,104,1
1708,103,-1,104,-4,72,10,1,31,30,1
1709,86,5,89,0,2,-5,3,86,84,1
1710,106,0,108,-3,70,-4,1,38,36,1
1711,79,0,83,0,-46,-29,4,130,126,1
1712,83,0,87,0,-40,0,4,128,124,1
1713,84,-3,88,0,6,0,5,83,78,1
1714,101,5,102,0,72,14,1,29,28,1
1715,79,-1,83,-10,436,6339,4,-353,-356,1
1716,105,1,106,0,70,-3,1,36,34,1
1717,108,0,108,-6,72,7,1,36,36,1
1718,102,-4,104,0,70,0,1,34,32,1
1719,82,-1,86,0,-12,0,4,99,94,1
1720,103,2,105,9,70,0,2,35,34,1
1721,105,-5,106,-7,70,0,1,36,34,1
1722,102,0,103,0,70,-25,1,33,32,1
1723,81,0,84,0,-20,24,4,105,102,1
1724,80,1,84,0,-36,0,4,121,116,1
1725,82,0,86,0,-12,-9,3,99,96,1
1726,101,0,102,0,72,38,1,30,28,1
1727,85,1,88,0,0,-1,3,88,86,1
1728,80,1,84,3,-42,-26,5,128,124,1
1729,85,0,88,0,0,-9,3,88,86,1
1730,76,-5,80,0,-40,0,4,121,116,1
1731,82,-1,86,0,-2,25,3,88,84,1
1732,106,2,108,8,70,-30,2,38,36,1
1733,106,-2,108,0,70,0,1,38,36,1
1734,81,-5,86,0,-22,0,4,109,104,1
1735,76,3,80,0,-40,0,4,121,118,1
1736,84,0,88,0,-2,-19,3,90,88,1
1737,82,0,87,1,-40,4,5,128,124,1
1738,101,0,102,0,72,15,1,29,28,1
1739,85,0,88,4,6,0,3,83,80,1
1740,78,1,82,4,-42,0,4,126,122,1
1741,78,5,81,0,-42,0,4,125,122,1
1742,83,0,86,0,-4,19,3,92,88,1
1743,102,0,103,3,72,25,1,31,30,1
1744,106,4,108,2,70,0,1,38,36,1
1745,83,0,86,0,-4,-12,3,92,88,1
1746,81,0,86,6,-40,6,5,127,122,1
1747,84,0,87,-6,0,2,3,87,84,1
1748,84,0,88,1,0,0,3,88,84,1
1749,82,2,86,0,-22,10,4,109,106,1
1750,102,5,104,4,70,-2,1,34,32,1
1751,80,-5,84,-6,-40,1,4,126,122,1
1752,107,0,108,1,72,8,1,36,34,1
1753,77,2,81,0,-42,0,4,125,122,1
1754,76,-3,81,0,-40,18,5,122,116,1
1755,107,4,108,-1,70,-1,1,38,36,1
1756,82,0,86,0,-10,0,4,96,92,1
1757,102,2,102,0,70,-5,1,33,32,1
1758,102,0,103,2,70,-6,1,33,32,1
1759,84,1,87,0,-2,0,3,90,86,1
1760,105,0,106,8,70,0,2,36,34,1
1761,82,3,86,5,-40,0,5,128,124,1
1762,79,-1,83,0,-40,0,4,125,120,1
1763,84,0,88,0,2,0,3,85,82,1
1764,81,1,86,0,-40,2,4,127,122,1
1765,102,0,103,0,72,13,1,31,30,1
1766,79,0,83,0,-40,0,4,124,120,1
1767,85,-4,88,0,2,2,3,86,82,1
1768,82,1,86,3,-40,5,5,128,124,1
1769,85,-1,88,0,2,-8,3,86,82,1
1770,102,0,103,3,70,-1,1,33,32,1
1771,85,0,88,0,2,17,3,86,82,1
1772,102,0,103,0,70,-10,1,33,32,1
1773,76,2,81,0,-40,0,4,122,118,1
1774,76,0,80,-5,-40,0,4,121,118,1
1775,85,0,88,-587,0,0,3,88,84,1
1776,85,0,88,0,6,-1,3,83,80,1
1777,106,0,107,-1,72,3,1,35,34,1
1778,76,0,80,-7,-42,-11,4,124,120,1
1779,123,1409,105,1,36,-5,-18,69,86,1
1780,82,0,85,0,-6,17,3,93,90,1
1781,80,4,84,0,-28,0,4,112,108,1
1782,84,-2,88,0,6,0,4,83,78,1
1783,80,1,84,0,-28,-6,4,112,108,1
1784,85,0,88,0,2,21,3,86,82,1
1785,82,0,85,0,-10,-17,3,95,92,1
1786,84,-1,88,-3,-2,-13,3,90,88,1
1787,85,0,88,0,2,-26,3,86,82,1
1788,85,0,88,0,0,-17,3,88,86,1
1789,76,2,81,-4,-42,-1,5,125,120,1
1790,82,0,87,2,-40,7,5,128,124,1
1791,80,0,85,5,-40,8,5,126,122,1
1792,106,4,107,2,70,0,1,37,36,1
1793,107,-1,108,-1,72,16,1,36,34,1
1794,84,0,88,-2,6,-6,5,83,78,1
1795,104,0,105,0,72,11,1,33,32,1
1796,81,0,84,2,-14,0,4,100,96,1
1797,123,275,105,0,36,-2,-18,69,86,1
1798,81,5,84,0,-20,0,4,105,102,1
1799,84,9,89,0,6,-9,5,84,78,1
1800,80,0,84,1,-28,0,4,112,108,1
1801,107,0,108,7,70,0,1,38,36,1
1802,81,1,86,0,-40,5,4,127,122,1
1803,80,3,84,0,-42,0,4,128,124,1
1804,85,0,88,-7,0,0,3,88,84,1
1805,84,0,88,0,0,18,3,88,84,1
1806,102,-1,104,0,72,12,1,31,30,1
1807,79,0,83,0,-28,21,4,112,108,1
1808,102,-1,104,0,70,0,1,34,32,1
1809,80,-1,84,-6,-36,0,4,120,116,1
1810,79,0,83,0,-30,-8,4,114,110,1
1811,103,4,104,8,70,0,1,35,34,1
1812,82,-5,87,0,-40,0,5,128,124,1
1813,79,-1,83,-2,-40,3,4,124,120,1
1814,101,0,102,0,72,4,1,29,28,1
1815,74,3,79,7,-42,0,4,123,118,1
1816,79,0,83,0,-28,27,4,112,108,1
1817,106,-3,107,-5,72,0,1,35,34,1
1818,78,1,82,1,-40,7,4,123,120,1
1819,103,5,104,-1,70,-2,1,35,34,1
1820,74,8,78,10,-42,-2,4,122,118,1
1821,82,-2,86,0,-10,1,4,96,92,1
1822,104,5,105,5,70,0,1,35,34,1
1823,81,-1,85,-2,-40,0,4,126,122,1
1824,83,2,86,0,-2,0,3,88,86,1
1825,75,0,80,4,-42,0,5,124,120,1
1826,85,0,88,0,2,-17,3,86,82,1
1827,81,0,86,0,-40,2,4,127,122,1
1828,84,0,88,0,-2,-12,3,90,88,1
1829,104,0,105,0,70,0,1,35,34,1
