,FixedAcidity, VolatileAcidity, CitricAcid, ResidualSugar, Chlorides, FreeSulfurDioxide, TotalSulfurDioxide, Density, PH, Sulphates, Alcohol,y
1,7.4,0.7,0,1.9,0.076,11,34,0.9978,3.51,0.56,9.4,0
2,7.8,0.88,0,2.6,0.098,25,67,0.9968,3.2,0.68,9.8,0
3,7.8,0.76,0.04,2.3,0.092,15,54,0.997,3.26,0.65,9.8,0
4,7.4,0.7,0,1.9,0.076,11,34,0.9978,3.51,0.56,9.4,0
5,7.4,0.66,0,1.8,0.075,13,40,0.9978,3.51,0.56,9.4,0
6,7.9,0.6,0.06,1.6,0.069,15,59,0.9964,3.3,0.46,9.4,0
7,7.5,0.5,0.36,6.1,0.071,17,102,0.9978,3.35,0.8,10.5,0
8,6.7,0.58,0.08,1.8,0.097,15,65,0.9959,3.28,0.54,9.2,0
9,7.5,0.5,0.36,6.1,0.071,17,102,0.9978,3.35,0.8,10.5,0
10,5.6,0.615,0,1.6,0.089,16,59,0.9943,3.58,0.52,9.9,0
11,7.8,0.61,0.29,1.6,0.114,9,29,0.9974,3.26,1.56,9.1,0
12,8.9,0.62,0.18,3.8,0.176,52,145,0.9986,3.16,0.88,9.2,0
13,8.9,0.62,0.19,3.9,0.17,51,148,0.9986,3.17,0.93,9.2,0
14,8.1,0.56,0.28,1.7,0.368,16,56,0.9968,3.11,1.28,9.3,0
15,7.6,0.39,0.31,2.3,0.082,23,71,0.9982,3.52,0.65,9.7,0
16,7.9,0.43,0.21,1.6,0.106,10,37,0.9966,3.17,0.91,9.5,0
17,8.5,0.49,0.11,2.3,0.084,9,67,0.9968,3.17,0.53,9.4,0
18,6.3,0.39,0.16,1.4,0.08,11,23,0.9955,3.34,0.56,9.3,0
19,7.6,0.41,0.24,1.8,0.08,4,11,0.9962,3.28,0.59,9.5,0
20,7.9,0.43,0.21,1.6,0.106,10,37,0.9966,3.17,0.91,9.5,0
21,7.1,0.71,0,1.9,0.08,14,35,0.9972,3.47,0.55,9.4,0
22,6.7,0.675,0.07,2.4,0.089,17,82,0.9958,3.35,0.54,10.1,0
23,8.3,0.655,0.12,2.3,0.083,15,113,0.9966,3.17,0.66,9.8,0
24,5.2,0.32,0.25,1.8,0.103,13,50,0.9957,3.38,0.55,9.2,0
25,7.3,0.45,0.36,5.9,0.074,12,87,0.9978,3.33,0.83,10.5,0
26,7.3,0.45,0.36,5.9,0.074,12,87,0.9978,3.33,0.83,10.5,0
27,8.1,0.66,0.22,2.2,0.069,9,23,0.9968,3.3,1.2,10.3,0
28,6.8,0.67,0.02,1.8,0.05,5,11,0.9962,3.48,0.52,9.5,0
29,7.7,0.935,0.43,2.2,0.114,22,114,0.997,3.25,0.73,9.2,0
30,8.7,0.29,0.52,1.6,0.113,12,37,0.9969,3.25,0.58,9.5,0
31,6.4,0.4,0.23,1.6,0.066,5,12,0.9958,3.34,0.56,9.2,0
32,5.6,0.31,0.37,1.4,0.074,12,96,0.9954,3.32,0.58,9.2,0
33,8.8,0.66,0.26,1.7,0.074,4,23,0.9971,3.15,0.74,9.2,0
34,8.6,0.38,0.36,3,0.081,30,119,0.997,3.2,0.56,9.4,0
35,7.7,0.62,0.04,3.8,0.084,25,45,0.9978,3.34,0.53,9.5,0
36,10.2,0.42,0.57,3.4,0.07,4,10,0.9971,3.04,0.63,9.6,0
37,7.5,0.63,0.12,5.1,0.111,50,110,0.9983,3.26,0.77,9.4,0
38,7.8,0.59,0.18,2.3,0.076,17,54,0.9975,3.43,0.59,10,0
39,8.8,0.4,0.4,2.2,0.079,19,52,0.998,3.44,0.64,9.2,0
40,7.7,0.69,0.49,1.8,0.115,20,112,0.9968,3.21,0.71,9.3,0
41,7,0.735,0.05,2,0.081,13,54,0.9966,3.39,0.57,9.8,0
42,7.2,0.725,0.05,4.65,0.086,4,11,0.9962,3.41,0.39,10.9,0
43,7.2,0.725,0.05,4.65,0.086,4,11,0.9962,3.41,0.39,10.9,0
44,7.5,0.52,0.11,1.5,0.079,11,39,0.9968,3.42,0.58,9.6,0
45,6.6,0.705,0.07,1.6,0.076,6,15,0.9962,3.44,0.58,10.7,0
46,9.3,0.32,0.57,2,0.074,27,65,0.9969,3.28,0.79,10.7,0
47,7.7,0.67,0.23,2.1,0.088,17,96,0.9962,3.32,0.48,9.5,0
48,7.7,0.69,0.22,1.9,0.084,18,94,0.9961,3.31,0.48,9.5,0
49,9.7,0.32,0.54,2.5,0.094,28,83,0.9984,3.28,0.82,9.6,0
50,8.8,0.41,0.64,2.2,0.093,9,42,0.9986,3.54,0.66,10.5,0
51,8.8,0.41,0.64,2.2,0.093,9,42,0.9986,3.54,0.66,10.5,0
52,6.7,0.75,0.12,2,0.086,12,80,0.9958,3.38,0.52,10.1,0
53,6.2,0.45,0.2,1.6,0.069,3,15,0.9958,3.41,0.56,9.2,0
54,7.8,0.43,0.7,1.9,0.464,22,67,0.9974,3.13,1.28,9.4,0
55,7.4,0.5,0.47,2,0.086,21,73,0.997,3.36,0.57,9.1,0
56,7.3,0.67,0.26,1.8,0.401,16,51,0.9969,3.16,1.14,9.4,0
57,6.9,0.55,0.15,2.2,0.076,19,40,0.9961,3.41,0.59,10.1,0
58,7.7,0.49,0.26,1.9,0.062,9,31,0.9966,3.39,0.64,9.6,0
59,9.3,0.39,0.44,2.1,0.107,34,125,0.9978,3.14,1.22,9.5,0
60,7,0.62,0.08,1.8,0.076,8,24,0.9978,3.48,0.53,9,0
61,7.9,0.52,0.26,1.9,0.079,42,140,0.9964,3.23,0.54,9.5,0
62,8.6,0.49,0.29,2,0.11,19,133,0.9972,2.93,1.98,9.8,0
63,7.7,0.49,0.26,1.9,0.062,9,31,0.9966,3.39,0.64,9.6,0
64,6.8,0.775,0,3,0.102,8,23,0.9965,3.45,0.56,10.7,0
65,7,0.5,0.25,2,0.07,3,22,0.9963,3.25,0.63,9.2,0
66,7.6,0.9,0.06,2.5,0.079,5,10,0.9967,3.39,0.56,9.8,0
67,8.1,0.575,0.22,2.1,0.077,12,65,0.9967,3.29,0.51,9.2,0
68,7.2,0.49,0.24,2.2,0.07,5,36,0.996,3.33,0.48,9.4,0
69,8.1,0.575,0.22,2.1,0.077,12,65,0.9967,3.29,0.51,9.2,0
70,7.8,0.41,0.68,1.7,0.467,18,69,0.9973,3.08,1.31,9.3,0
71,6.2,0.63,0.31,1.7,0.088,15,64,0.9969,3.46,0.79,9.3,0
72,8.1,0.785,0.52,2,0.122,37,153,0.9969,3.21,0.69,9.3,0
73,7.8,0.56,0.19,1.8,0.104,12,47,0.9964,3.19,0.93,9.5,0
74,8.4,0.62,0.09,2.2,0.084,11,108,0.9964,3.15,0.66,9.8,0
75,8.4,0.6,0.1,2.2,0.085,14,111,0.9964,3.15,0.66,9.8,0
76,7.8,0.56,0.19,1.8,0.104,12,47,0.9964,3.19,0.93,9.5,0
77,7.3,1.07,0.09,1.7,0.178,10,89,0.9962,3.3,0.57,9,0
78,7.3,0.695,0,2.5,0.075,3,13,0.998,3.49,0.52,9.2,0
79,8,0.71,0,2.6,0.08,11,34,0.9976,3.44,0.53,9.5,0
80,7.8,0.5,0.17,1.6,0.082,21,102,0.996,3.39,0.48,9.5,0
81,9,0.62,0.04,1.9,0.146,27,90,0.9984,3.16,0.7,9.4,0
82,8.2,1.33,0,1.7,0.081,3,12,0.9964,3.53,0.49,10.9,0
83,8.1,1.33,0,1.8,0.082,3,12,0.9964,3.54,0.48,10.9,0
84,6.1,0.38,0.15,1.8,0.072,6,19,0.9955,3.42,0.57,9.4,0
85,8,0.745,0.56,2,0.118,30,134,0.9968,3.24,0.66,9.4,0
86,5.6,0.5,0.09,2.3,0.049,17,99,0.9937,3.63,0.63,13,0
87,5.6,0.5,0.09,2.3,0.049,17,99,0.9937,3.63,0.63,13,0
88,8.4,0.745,0.11,1.9,0.09,16,63,0.9965,3.19,0.82,9.6,0
89,8.3,0.715,0.15,1.8,0.089,10,52,0.9968,3.23,0.77,9.5,0
90,7.2,0.415,0.36,2,0.081,13,45,0.9972,3.48,0.64,9.2,0
91,7.8,0.56,0.19,2.1,0.081,15,105,0.9962,3.33,0.54,9.5,0
92,7.8,0.56,0.19,2,0.081,17,108,0.9962,3.32,0.54,9.5,0
93,8.4,0.745,0.11,1.9,0.09,16,63,0.9965,3.19,0.82,9.6,0
94,8.3,0.715,0.15,1.8,0.089,10,52,0.9968,3.23,0.77,9.5,0
95,6.3,0.39,0.08,1.7,0.066,3,20,0.9954,3.34,0.58,9.4,0
96,8.1,0.67,0.55,1.8,0.117,32,141,0.9968,3.17,0.62,9.4,0
97,5.8,0.68,0.02,1.8,0.087,21,94,0.9944,3.54,0.52,10,0
98,7.6,0.49,0.26,1.6,0.236,10,88,0.9968,3.11,0.8,9.3,0
99,7.5,0.6,0.03,1.8,0.095,25,99,0.995,3.35,0.54,10.1,0
100,7.5,0.6,0.03,1.8,0.095,25,99,0.995,3.35,0.54,10.1,0
101,7.1,0.43,0.42,5.5,0.07,29,129,0.9973,3.42,0.72,10.5,0
102,7.1,0.43,0.42,5.5,0.071,28,128,0.9973,3.42,0.71,10.5,0
103,7.1,0.43,0.42,5.5,0.07,29,129,0.9973,3.42,0.72,10.5,0
104,7.1,0.43,0.42,5.5,0.071,28,128,0.9973,3.42,0.71,10.5,0
105,7.1,0.68,0,2.2,0.073,12,22,0.9969,3.48,0.5,9.3,0
106,7.6,0.95,0.03,2,0.09,7,20,0.9959,3.2,0.56,9.6,0
107,7.4,0.6,0.26,7.3,0.07,36,121,0.9982,3.37,0.49,9.4,0
108,7.3,0.59,0.26,7.2,0.07,35,121,0.9981,3.37,0.49,9.4,0
109,7.8,0.63,0.48,1.7,0.1,14,96,0.9961,3.19,0.62,9.5,0
110,6.8,0.64,0.1,2.1,0.085,18,101,0.9956,3.34,0.52,10.2,0
111,7.5,0.705,0.24,1.8,0.36,15,63,0.9964,3,1.59,9.5,0
112,7.3,0.38,0.21,2,0.08,7,35,0.9961,3.33,0.47,9.5,0
113,6.9,0.5,0.04,1.5,0.085,19,49,0.9958,3.35,0.78,9.5,0
114,7.3,0.38,0.21,2,0.08,7,35,0.9961,3.33,0.47,9.5,0
115,7,0.805,0,2.5,0.068,7,20,0.9969,3.48,0.56,9.6,0
116,8.8,0.61,0.14,2.4,0.067,10,42,0.9969,3.19,0.59,9.5,0
117,8.8,0.61,0.14,2.4,0.067,10,42,0.9969,3.19,0.59,9.5,0
118,8.9,0.61,0.49,2,0.27,23,110,0.9972,3.12,1.02,9.3,0
119,7.2,0.73,0.02,2.5,0.076,16,42,0.9972,3.44,0.52,9.3,0
120,6.8,0.61,0.2,1.8,0.077,11,65,0.9971,3.54,0.58,9.3,0
121,8.9,0.31,0.57,2,0.111,26,85,0.9971,3.26,0.53,9.7,0
122,7.4,0.39,0.48,2,0.082,14,67,0.9972,3.34,0.55,9.2,0
123,7.7,0.705,0.1,2.6,0.084,9,26,0.9976,3.39,0.49,9.7,0
124,7.9,0.5,0.33,2,0.084,15,143,0.9968,3.2,0.55,9.5,0
125,7.9,0.49,0.32,1.9,0.082,17,144,0.9968,3.2,0.55,9.5,0
126,8.2,0.5,0.35,2.9,0.077,21,127,0.9976,3.23,0.62,9.4,0
127,6.8,0.63,0.12,3.8,0.099,16,126,0.9969,3.28,0.61,9.5,0
128,7.6,0.55,0.21,2.2,0.071,7,28,0.9964,3.28,0.55,9.7,0
129,7.6,0.55,0.21,2.2,0.071,7,28,0.9964,3.28,0.55,9.7,0
130,7.8,0.59,0.33,2,0.074,24,120,0.9968,3.25,0.54,9.4,0
131,7.3,0.58,0.3,2.4,0.074,15,55,0.9968,3.46,0.59,10.2,0
132,8.8,0.37,0.48,2.1,0.097,39,145,0.9975,3.04,1.03,9.3,0
133,6.8,0.5,0.11,1.5,0.075,16,49,0.99545,3.36,0.79,9.5,0
134,7,0.42,0.35,1.6,0.088,16,39,0.9961,3.34,0.55,9.2,0
135,7.8,0.57,0.31,1.8,0.069,26,120,0.99625,3.29,0.53,9.3,0
136,7.8,0.44,0.28,2.7,0.1,18,95,0.9966,3.22,0.67,9.4,0
137,8.2,0.57,0.26,2.2,0.06,28,65,0.9959,3.3,0.43,10.1,0
138,7,0.49,0.49,5.6,0.06,26,121,0.9974,3.34,0.76,10.5,0
139,8.7,0.625,0.16,2,0.101,13,49,0.9962,3.14,0.57,11,0
140,8.1,0.725,0.22,2.2,0.072,11,41,0.9967,3.36,0.55,9.1,0
141,7.5,0.49,0.19,1.9,0.076,10,44,0.9957,3.39,0.54,9.7,0
142,7.8,0.53,0.33,2.4,0.08,24,144,0.99655,3.3,0.6,9.5,0
143,7.4,0.53,0.26,2,0.101,16,72,0.9957,3.15,0.57,9.4,0
144,6.8,0.61,0.04,1.5,0.057,5,10,0.99525,3.42,0.6,9.5,0
145,9,0.82,0.14,2.6,0.089,9,23,0.9984,3.39,0.63,9.8,0
146,6.9,0.52,0.25,2.6,0.081,10,37,0.99685,3.46,0.5,11,0
147,6.9,0.52,0.25,2.6,0.081,10,37,0.99685,3.46,0.5,11,0
148,8.9,0.635,0.37,1.7,0.263,5,62,0.9971,3,1.09,9.3,0
149,7.1,0.68,0.07,1.9,0.075,16,51,0.99685,3.38,0.52,9.5,0
150,8.2,0.6,0.17,2.3,0.072,11,73,0.9963,3.2,0.45,9.3,0
151,11.1,0.35,0.48,3.1,0.09,5,21,0.9986,3.17,0.53,10.5,0
152,7.7,0.775,0.42,1.9,0.092,8,86,0.9959,3.23,0.59,9.5,0
153,8,0.57,0.23,3.2,0.073,17,119,0.99675,3.26,0.57,9.3,0
154,9.4,0.34,0.37,2.2,0.075,5,13,0.998,3.22,0.62,9.2,0
155,6.6,0.695,0,2.1,0.075,12,56,0.9968,3.49,0.67,9.2,0
156,7.7,0.41,0.76,1.8,0.611,8,45,0.9968,3.06,1.26,9.4,0
157,7.9,0.33,0.23,1.7,0.077,18,45,0.99625,3.29,0.65,9.3,0
158,8,0.52,0.03,1.7,0.07,10,35,0.99575,3.34,0.57,10,0
159,7.9,0.37,0.23,1.8,0.077,23,49,0.9963,3.28,0.67,9.3,0
160,12.5,0.56,0.49,2.4,0.064,5,27,0.9999,3.08,0.87,10.9,0
161,10.9,0.37,0.58,4,0.071,17,65,0.99935,3.22,0.78,10.1,0
162,8.4,0.715,0.2,2.4,0.076,10,38,0.99735,3.31,0.64,9.4,0
163,7.5,0.65,0.18,7,0.088,27,94,0.99915,3.38,0.77,9.4,0
164,7.6,0.52,0.12,3,0.067,12,53,0.9971,3.36,0.57,9.1,0
165,9.9,0.59,0.07,3.4,0.102,32,71,1.00015,3.31,0.71,9.8,0
166,9.9,0.59,0.07,3.4,0.102,32,71,1.00015,3.31,0.71,9.8,0
167,11.6,0.42,0.53,3.3,0.105,33,98,1.001,3.2,0.95,9.2,0
168,11,0.2,0.48,2,0.343,6,18,0.9979,3.3,0.71,10.5,0
169,10.8,0.5,0.46,2.5,0.073,5,27,1.0001,3.05,0.64,9.5,0
170,10.6,0.83,0.37,2.6,0.086,26,70,0.9981,3.16,0.52,9.9,0
171,7.1,0.63,0.06,2,0.083,8,29,0.99855,3.67,0.73,9.6,0
172,7.2,0.65,0.02,2.3,0.094,5,31,0.9993,3.67,0.8,9.7,0
173,6.9,0.67,0.06,2.1,0.08,8,33,0.99845,3.68,0.71,9.6,0
174,8.3,0.705,0.12,2.6,0.092,12,28,0.9994,3.51,0.72,10,0
175,7.4,0.67,0.12,1.6,0.186,5,21,0.996,3.39,0.54,9.5,0
176,8.4,0.65,0.6,2.1,0.112,12,90,0.9973,3.2,0.52,9.2,0
177,7.6,0.62,0.32,2.2,0.082,7,54,0.9966,3.36,0.52,9.4,0
178,8.6,0.47,0.3,3,0.076,30,135,0.9976,3.3,0.53,9.4,0
179,7.4,0.36,0.29,2.6,0.087,26,72,0.99645,3.39,0.68,11,0
180,9.6,0.56,0.23,3.4,0.102,37,92,0.9996,3.3,0.65,10.1,0
181,9.3,0.61,0.26,3.4,0.09,25,87,0.99975,3.24,0.62,9.7,0
182,7.8,0.62,0.05,2.3,0.079,6,18,0.99735,3.29,0.63,9.3,0
183,10.3,0.44,0.5,4.5,0.107,5,13,0.998,3.28,0.83,11.5,0
184,10.7,0.46,0.39,2,0.061,7,15,0.9981,3.18,0.62,9.5,0
185,8.4,0.56,0.08,2.1,0.105,16,44,0.9958,3.13,0.52,11,0
186,7.8,0.43,0.32,2.8,0.08,29,58,0.9974,3.31,0.64,10.3,0
187,7,0.685,0,1.9,0.067,40,63,0.9979,3.6,0.81,9.9,0
188,7.7,0.665,0,2.4,0.09,8,19,0.9974,3.27,0.73,9.3,0
189,13.5,0.53,0.79,4.8,0.12,23,77,1.0018,3.18,0.77,13,0
190,11.5,0.41,0.52,3,0.08,29,55,1.0001,3.26,0.88,11,0
191,8.2,0.7,0.23,2,0.099,14,81,0.9973,3.19,0.7,9.4,0
192,11.9,0.58,0.66,2.5,0.072,6,37,0.9992,3.05,0.56,10,0
193,12.5,0.46,0.63,2,0.071,6,15,0.9988,2.99,0.87,10.2,0
194,10.4,0.575,0.61,2.6,0.076,11,24,1,3.16,0.69,9,0
195,10.3,0.34,0.52,2.8,0.159,15,75,0.9998,3.18,0.64,9.4,0
196,6.9,0.765,0.02,2.3,0.063,35,63,0.9975,3.57,0.78,9.9,0
197,7.4,0.55,0.22,2.2,0.106,12,72,0.9959,3.05,0.63,9.2,0
198,7.7,0.51,0.28,2.1,0.087,23,54,0.998,3.42,0.74,9.2,0
199,9.5,0.37,0.52,2,0.082,6,26,0.998,3.18,0.51,9.5,0
200,8.4,0.665,0.61,2,0.112,13,95,0.997,3.16,0.54,9.1,0
201,12.7,0.6,0.65,2.3,0.063,6,25,0.9997,3.03,0.57,9.9,0
202,6.6,0.735,0.02,7.9,0.122,68,124,0.9994,3.47,0.53,9.9,0
203,8.7,0.765,0.22,2.3,0.064,9,42,0.9963,3.1,0.55,9.4,0
204,6.6,0.735,0.02,7.9,0.122,68,124,0.9994,3.47,0.53,9.9,0
205,7.7,0.69,0.05,2.7,0.075,15,27,0.9974,3.26,0.61,9.1,0
206,9.1,0.45,0.35,2.4,0.08,23,78,0.9987,3.38,0.62,9.5,0
207,7.1,0.735,0.16,1.9,0.1,15,77,0.9966,3.27,0.64,9.3,0
208,8.8,0.52,0.34,2.7,0.087,24,122,0.9982,3.26,0.61,9.5,0
209,8.6,0.725,0.24,6.6,0.117,31,134,1.0014,3.32,1.07,9.3,0
210,7,0.58,0.12,1.9,0.091,34,124,0.9956,3.44,0.48,10.5,0
211,6.8,0.77,0,1.8,0.066,34,52,0.9976,3.62,0.68,9.9,0
212,7.7,0.96,0.2,2,0.047,15,60,0.9955,3.36,0.44,10.9,0
213,7.7,0.96,0.2,2,0.047,15,60,0.9955,3.36,0.44,10.9,0
214,9.1,0.52,0.33,1.3,0.07,9,30,0.9978,3.24,0.6,9.3,0
215,7.8,0.55,0.35,2.2,0.074,21,66,0.9974,3.25,0.56,9.2,0
216,12.3,0.39,0.63,2.3,0.091,6,18,1.0004,3.16,0.49,9.5,0
217,12.3,0.39,0.63,2.3,0.091,6,18,1.0004,3.16,0.49,9.5,0
218,7,0.62,0.18,1.5,0.062,7,50,0.9951,3.08,0.6,9.3,0
219,12.5,0.38,0.6,2.6,0.081,31,72,0.9996,3.1,0.73,10.5,0
220,9.3,0.48,0.29,2.1,0.127,6,16,0.9968,3.22,0.72,11.2,0
221,7,0.23,0.4,1.6,0.063,21,67,0.9952,3.5,0.63,11.1,0
222,8.9,0.59,0.39,2.3,0.095,5,22,0.9986,3.37,0.58,10.3,0
223,9.2,0.63,0.21,2.7,0.097,29,65,0.9988,3.28,0.58,9.6,0
224,11.6,0.58,0.66,2.2,0.074,10,47,1.0008,3.25,0.57,9,1
225,8.3,0.615,0.22,2.6,0.087,6,19,0.9982,3.26,0.61,9.3,0
226,11,0.26,0.68,2.55,0.085,10,25,0.997,3.18,0.61,11.8,0
227,8.1,0.66,0.7,2.2,0.098,25,129,0.9972,3.08,0.53,9,0
228,10,0.29,0.4,2.9,0.098,10,26,1.0006,3.48,0.91,9.7,0
229,8.7,0.82,0.02,1.2,0.07,36,48,0.9952,3.2,0.58,9.8,0
230,13,0.32,0.65,2.6,0.093,15,47,0.9996,3.05,0.61,10.6,0
231,9.9,0.35,0.55,2.1,0.062,5,14,0.9971,3.26,0.79,10.6,0
232,9.6,0.68,0.24,2.2,0.087,5,28,0.9988,3.14,0.6,10.2,0
233,9.3,0.27,0.41,2,0.091,6,16,0.998,3.28,0.7,9.7,0
234,9.6,0.68,0.24,2.2,0.087,5,28,0.9988,3.14,0.6,10.2,0
235,10.6,0.28,0.39,15.5,0.069,6,23,1.0026,3.12,0.66,9.2,0
236,10.6,0.36,0.59,2.2,0.152,6,18,0.9986,3.04,1.05,9.4,0
237,10.6,0.36,0.6,2.2,0.152,7,18,0.9986,3.04,1.06,9.4,0
238,10.2,0.67,0.39,1.9,0.054,6,17,0.9976,3.17,0.47,10,0
239,10.2,0.67,0.39,1.9,0.054,6,17,0.9976,3.17,0.47,10,0
240,7.2,0.34,0.32,2.5,0.09,43,113,0.9966,3.32,0.79,11.1,0
241,12.4,0.42,0.49,4.6,0.073,19,43,0.9978,3.02,0.61,9.5,0
242,8.5,0.655,0.49,6.1,0.122,34,151,1.001,3.31,1.14,9.3,0
243,10.4,0.61,0.49,2.1,0.2,5,16,0.9994,3.16,0.63,8.4,1
244,7.3,0.365,0.49,2.5,0.088,39,106,0.9966,3.36,0.78,11,0
245,7.6,0.41,0.49,2,0.088,16,43,0.998,3.48,0.64,9.1,0
246,8.2,0.39,0.49,2.3,0.099,47,133,0.9979,3.38,0.99,9.8,0
247,9.3,0.4,0.49,2.5,0.085,38,142,0.9978,3.22,0.55,9.4,0
248,9.2,0.43,0.49,2.4,0.086,23,116,0.9976,3.23,0.64,9.5,0
249,10.4,0.64,0.24,2.8,0.105,29,53,0.9998,3.24,0.67,9.9,0
250,7.3,0.365,0.49,2.5,0.088,39,106,0.9966,3.36,0.78,11,0
251,9.9,0.63,0.24,2.4,0.077,6,33,0.9974,3.09,0.57,9.4,0
252,11.9,0.38,0.49,2.7,0.098,12,42,1.0004,3.16,0.61,10.3,0
253,11.9,0.38,0.49,2.7,0.098,12,42,1.0004,3.16,0.61,10.3,0
254,9.9,0.63,0.24,2.4,0.077,6,33,0.9974,3.09,0.57,9.4,0
255,11.2,0.5,0.74,5.15,0.1,5,17,0.9996,3.22,0.62,11.2,0
256,9.2,0.59,0.24,3.3,0.101,20,47,0.9988,3.26,0.67,9.6,0
257,9.3,0.715,0.24,2.1,0.07,5,20,0.9966,3.12,0.59,9.9,0
258,9.1,0.47,0.49,2.6,0.094,38,106,0.9982,3.08,0.59,9.1,0
259,5,1.04,0.24,1.6,0.05,32,96,0.9934,3.74,0.62,11.5,0
260,15.5,0.645,0.49,4.2,0.095,10,23,1.00315,2.92,0.74,11.1,0
261,15.5,0.645,0.49,4.2,0.095,10,23,1.00315,2.92,0.74,11.1,0
262,15.6,0.645,0.49,4.2,0.095,10,23,1.00315,2.92,0.74,11.1,0
263,12.7,0.6,0.49,2.8,0.075,5,19,0.9994,3.14,0.57,11.4,0
264,9,0.44,0.49,2.4,0.078,26,121,0.9978,3.23,0.58,9.2,0
265,9,0.54,0.49,2.9,0.094,41,110,0.9982,3.08,0.61,9.2,0
266,12.7,0.6,0.49,2.8,0.075,5,19,0.9994,3.14,0.57,11.4,0
267,10.2,0.24,0.49,2.4,0.075,10,28,0.9978,3.14,0.61,10.4,0
268,8.8,0.44,0.49,2.8,0.083,18,111,0.9982,3.3,0.6,9.5,0
269,8.8,0.47,0.49,2.9,0.085,17,110,0.9982,3.29,0.6,9.8,0
270,12.3,0.5,0.49,2.2,0.089,5,14,1.0002,3.19,0.44,9.6,0
271,12.3,0.5,0.49,2.2,0.089,5,14,1.0002,3.19,0.44,9.6,0
272,11.7,0.49,0.49,2.2,0.083,5,15,1,3.19,0.43,9.2,0
273,7.3,0.73,0.24,1.9,0.108,18,102,0.9967,3.26,0.59,9.3,0
274,9,0.45,0.49,2.6,0.084,21,75,0.9987,3.35,0.57,9.7,0
275,9,0.45,0.49,2.6,0.084,21,75,0.9987,3.35,0.57,9.7,0
276,9.9,0.49,0.58,3.5,0.094,9,43,1.0004,3.29,0.58,9,0
277,7.9,0.72,0.17,2.6,0.096,20,38,0.9978,3.4,0.53,9.5,0
278,8.9,0.595,0.41,7.9,0.086,30,109,0.9998,3.27,0.57,9.3,0
279,7.7,0.835,0,2.6,0.081,6,14,0.9975,3.3,0.52,9.3,0
280,8.8,0.24,0.54,2.5,0.083,25,57,0.9983,3.39,0.54,9.2,0
281,13.2,0.38,0.55,2.7,0.081,5,16,1.0006,2.98,0.54,9.4,0
282,8.2,0.39,0.38,1.5,0.058,10,29,0.9962,3.26,0.74,9.8,0
283,9.6,0.6,0.5,2.3,0.079,28,71,0.9997,3.5,0.57,9.7,0
284,9.6,0.6,0.5,2.3,0.079,28,71,0.9997,3.5,0.57,9.7,0
285,11.4,0.46,0.5,2.7,0.122,4,17,1.0006,3.13,0.7,10.2,0
286,11.3,0.37,0.41,2.3,0.088,6,16,0.9988,3.09,0.8,9.3,0
287,8.3,0.54,0.24,3.4,0.076,16,112,0.9976,3.27,0.61,9.4,0
288,8.2,0.56,0.23,3.4,0.078,14,104,0.9976,3.28,0.62,9.4,0
289,10,0.58,0.22,1.9,0.08,9,32,0.9974,3.13,0.55,9.5,0
290,6.8,0.69,0,5.6,0.124,21,58,0.9997,3.46,0.72,10.2,0
291,6.8,0.69,0,5.6,0.124,21,58,0.9997,3.46,0.72,10.2,0
292,8.8,0.6,0.29,2.2,0.098,5,15,0.9988,3.36,0.49,9.1,0
293,8.8,0.6,0.29,2.2,0.098,5,15,0.9988,3.36,0.49,9.1,0
294,7.6,0.685,0.23,2.3,0.111,20,84,0.9964,3.21,0.61,9.3,0
295,10.4,0.28,0.54,2.7,0.105,5,19,0.9988,3.25,0.63,9.5,0
296,7.9,0.35,0.21,1.9,0.073,46,102,0.9964,3.27,0.58,9.5,0
297,8.7,0.84,0,1.4,0.065,24,33,0.9954,3.27,0.55,9.7,0
298,9.6,0.88,0.28,2.4,0.086,30,147,0.9979,3.24,0.53,9.4,0
299,9.5,0.885,0.27,2.3,0.084,31,145,0.9978,3.24,0.53,9.4,0
300,9.9,0.54,0.45,2.3,0.071,16,40,0.9991,3.39,0.62,9.4,0
301,9.5,0.59,0.44,2.3,0.071,21,68,0.9992,3.46,0.63,9.5,0
302,9.9,0.54,0.45,2.3,0.071,16,40,0.9991,3.39,0.62,9.4,0
303,9.5,0.59,0.44,2.3,0.071,21,68,0.9992,3.46,0.63,9.5,0
304,9.9,0.54,0.45,2.3,0.071,16,40,0.9991,3.39,0.62,9.4,0
305,7.3,0.67,0.05,3.6,0.107,6,20,0.9972,3.4,0.63,10.1,0
306,10.7,0.43,0.39,2.2,0.106,8,32,0.9986,2.89,0.5,9.6,0
307,9.8,0.88,0.25,2.5,0.104,35,155,1.001,3.41,0.67,11.2,0
308,15.9,0.36,0.65,7.5,0.096,22,71,0.9976,2.98,0.84,14.9,0
309,8.6,0.47,0.47,2.4,0.074,7,29,0.9979,3.08,0.46,9.5,0
310,9.7,0.55,0.17,2.9,0.087,20,53,1.0004,3.14,0.61,9.4,0
311,10.7,0.43,0.39,2.2,0.106,8,32,0.9986,2.89,0.5,9.6,0
312,7.5,0.42,0.31,1.6,0.08,15,42,0.9978,3.31,0.64,9,0
313,12.1,0.4,0.52,2,0.092,15,54,1,3.03,0.66,10.2,0
314,9.4,0.59,0.14,2,0.084,25,48,0.9981,3.14,0.56,9.7,0
315,10,0.73,0.43,2.3,0.059,15,31,0.9966,3.15,0.57,11,0
316,6.9,0.4,0.24,2.5,0.083,30,45,0.9959,3.26,0.58,10,0
317,8.2,0.73,0.21,1.7,0.074,5,13,0.9968,3.2,0.52,9.5,0
318,9.8,1.24,0.34,2,0.079,32,151,0.998,3.15,0.53,9.5,0
319,8.2,0.73,0.21,1.7,0.074,5,13,0.9968,3.2,0.52,9.5,0
320,9.3,0.41,0.39,2.2,0.064,12,31,0.9984,3.26,0.65,10.2,0
321,8.6,0.8,0.11,2.3,0.084,12,31,0.9979,3.4,0.48,9.9,0
322,8.3,0.78,0.1,2.6,0.081,45,87,0.9983,3.48,0.53,10,0
323,10.8,0.26,0.45,3.3,0.06,20,49,0.9972,3.13,0.54,9.6,0
324,13.3,0.43,0.58,1.9,0.07,15,40,1.0004,3.06,0.49,9,0
325,8.5,0.46,0.31,2.25,0.078,32,58,0.998,3.33,0.54,9.8,0
326,8.1,0.78,0.23,2.6,0.059,5,15,0.997,3.37,0.56,11.3,0
327,9.8,0.98,0.32,2.3,0.078,35,152,0.998,3.25,0.48,9.4,0
328,8.1,0.78,0.23,2.6,0.059,5,15,0.997,3.37,0.56,11.3,0
329,7.1,0.65,0.18,1.8,0.07,13,40,0.997,3.44,0.6,9.1,0
330,9.1,0.64,0.23,3.1,0.095,13,38,0.9998,3.28,0.59,9.7,0
331,7.7,0.66,0.04,1.6,0.039,4,9,0.9962,3.4,0.47,9.4,0
332,8.1,0.38,0.48,1.8,0.157,5,17,0.9976,3.3,1.05,9.4,0
333,7.4,1.185,0,4.25,0.097,5,14,0.9966,3.63,0.54,10.7,1
334,9.2,0.92,0.24,2.6,0.087,12,93,0.9998,3.48,0.54,9.8,0
335,8.6,0.49,0.51,2,0.422,16,62,0.9979,3.03,1.17,9,0
336,9,0.48,0.32,2.8,0.084,21,122,0.9984,3.32,0.62,9.4,0
337,9,0.47,0.31,2.7,0.084,24,125,0.9984,3.31,0.61,9.4,0
338,9.4,0.615,0.28,3.2,0.087,18,72,1.0001,3.31,0.53,9.7,0
339,8.4,1.035,0.15,6,0.073,11,54,0.999,3.37,0.49,9.9,0
340,7,0.78,0.08,2,0.093,10,19,0.9956,3.4,0.47,10,0
341,7.4,0.49,0.19,3,0.077,16,37,0.9966,3.37,0.51,10.5,0
342,10.6,1.025,0.43,2.8,0.08,21,84,0.9985,3.06,0.57,10.1,0
343,8.9,0.565,0.34,3,0.093,16,112,0.9998,3.38,0.61,9.5,0
344,8.7,0.69,0,3.2,0.084,13,33,0.9992,3.36,0.45,9.4,0
345,8,0.43,0.36,2.3,0.075,10,48,0.9976,3.34,0.46,9.4,0
346,9.9,0.74,0.28,2.6,0.078,21,77,0.998,3.28,0.51,9.8,0
347,8,0.43,0.36,2.3,0.075,10,48,0.9976,3.34,0.46,9.4,0
348,7.6,0.46,0.11,2.6,0.079,12,49,0.9968,3.21,0.57,10,0
349,8.4,0.56,0.04,2,0.082,10,22,0.9976,3.22,0.44,9.6,0
350,7.1,0.66,0,3.9,0.086,17,45,0.9976,3.46,0.54,9.5,0
351,8.4,0.56,0.04,2,0.082,10,22,0.9976,3.22,0.44,9.6,0
352,8.9,0.48,0.24,2.85,0.094,35,106,0.9982,3.1,0.53,9.2,0
353,7.6,0.42,0.08,2.7,0.084,15,48,0.9968,3.21,0.59,10,0
354,7.1,0.31,0.3,2.2,0.053,36,127,0.9965,2.94,1.62,9.5,0
355,9,0.66,0.17,3,0.077,5,13,0.9976,3.29,0.55,10.4,0
356,6.4,0.57,0.02,1.8,0.067,4,11,0.997,3.46,0.68,9.5,0
357,6.4,0.57,0.02,1.8,0.067,4,11,0.997,3.46,0.68,9.5,0
358,9.5,0.55,0.66,2.3,0.387,12,37,0.9982,3.17,0.67,9.6,0
359,8.9,0.875,0.13,3.45,0.088,4,14,0.9994,3.44,0.52,11.5,0
360,7.3,0.835,0.03,2.1,0.092,10,19,0.9966,3.39,0.47,9.6,0
361,7,0.45,0.34,2.7,0.082,16,72,0.998,3.55,0.6,9.5,0
362,7.7,0.56,0.2,2,0.075,9,39,0.9987,3.48,0.62,9.3,0
363,7.7,0.965,0.1,2.1,0.112,11,22,0.9963,3.26,0.5,9.5,0
364,7.7,0.965,0.1,2.1,0.112,11,22,0.9963,3.26,0.5,9.5,0
365,9,0.46,0.23,2.8,0.092,28,104,0.9983,3.1,0.56,9.2,0
366,9,0.69,0,2.4,0.088,19,38,0.999,3.35,0.6,9.3,0
367,9.2,0.53,0.24,2.6,0.078,28,139,0.99788,3.21,0.57,9.5,0
368,6.5,0.615,0,1.9,0.065,9,18,0.9972,3.46,0.65,9.2,0
369,11.6,0.41,0.58,2.8,0.096,25,101,1.00024,3.13,0.53,10,0
370,11.1,0.39,0.54,2.7,0.095,21,101,1.0001,3.13,0.51,9.5,0
371,8.6,0.33,0.4,2.6,0.083,16,68,0.99782,3.3,0.48,9.4,0
372,8.3,0.65,0.1,2.9,0.089,17,40,0.99803,3.29,0.55,9.5,0
373,8.3,0.65,0.1,2.9,0.089,17,40,0.99803,3.29,0.55,9.5,0
374,7.6,0.54,0.13,2.5,0.097,24,66,0.99785,3.39,0.61,9.4,0
375,8.3,0.65,0.1,2.9,0.089,17,40,0.99803,3.29,0.55,9.5,0
376,8.1,0.87,0,2.2,0.084,10,31,0.99656,3.25,0.5,9.8,0
377,8.1,0.87,0,2.2,0.084,10,31,0.99656,3.25,0.5,9.8,0
378,8.8,0.42,0.21,2.5,0.092,33,88,0.99823,3.19,0.52,9.2,0
379,9,0.58,0.25,2.8,0.075,9,104,0.99779,3.23,0.57,9.7,0
380,9.3,0.655,0.26,2,0.096,5,35,0.99738,3.25,0.42,9.6,0
381,9.3,0.655,0.26,2,0.096,5,35,0.99738,3.25,0.42,9.6,0
382,8.8,0.59,0.18,2.9,0.089,12,74,0.99738,3.14,0.54,9.4,0
383,7.5,0.6,0.32,2.7,0.103,13,98,0.99938,3.45,0.62,9.5,0
384,7.9,0.72,0.01,1.9,0.076,7,32,0.99668,3.39,0.54,9.6,0
385,9.4,0.685,0.26,2.4,0.082,23,143,0.9978,3.28,0.55,9.4,0
386,9.5,0.57,0.27,2.3,0.082,23,144,0.99782,3.27,0.55,9.4,0
387,7.2,1,0,3,0.102,7,16,0.99586,3.43,0.46,10,0
388,8.3,0.43,0.3,3.4,0.079,7,34,0.99788,3.36,0.61,10.5,0
389,7.1,0.52,0.03,2.6,0.076,21,92,0.99745,3.5,0.6,9.8,0
390,6.5,0.46,0.14,2.4,0.114,9,37,0.99732,3.66,0.65,9.8,0
391,9,0.82,0.05,2.4,0.081,26,96,0.99814,3.36,0.53,10,0
392,6.5,0.46,0.14,2.4,0.114,9,37,0.99732,3.66,0.65,9.8,0
393,7.1,0.59,0.01,2.5,0.077,20,85,0.99746,3.55,0.59,9.8,0
394,9.9,0.35,0.41,2.3,0.083,11,61,0.9982,3.21,0.5,9.5,0
395,9.9,0.35,0.41,2.3,0.083,11,61,0.9982,3.21,0.5,9.5,0
396,8.6,0.63,0.17,2.9,0.099,21,119,0.998,3.09,0.52,9.3,0
397,8.8,0.64,0.17,2.9,0.084,25,130,0.99818,3.23,0.54,9.6,0
398,7.7,0.6,0,2.6,0.055,7,13,0.99639,3.38,0.56,10.8,0
399,10.8,0.89,0.3,2.6,0.132,7,60,0.99786,2.99,1.18,10.2,0
400,8.7,0.46,0.31,2.5,0.126,24,64,0.99746,3.1,0.74,9.6,0
401,7.2,0.61,0.08,4,0.082,26,108,0.99641,3.25,0.51,9.4,0
402,8.6,0.55,0.09,3.3,0.068,8,17,0.99735,3.23,0.44,10,0
403,7.4,0.53,0.12,1.9,0.165,4,12,0.99702,3.26,0.86,9.2,0
404,7.3,0.49,0.1,2.6,0.068,4,14,0.99562,3.3,0.47,10.5,0
405,10.8,0.45,0.33,2.5,0.099,20,38,0.99818,3.24,0.71,10.8,0
406,10.8,0.45,0.33,2.5,0.099,20,38,0.99818,3.24,0.71,10.8,0
407,7.1,0.715,0,2.35,0.071,21,47,0.99632,3.29,0.45,9.4,0
408,9.1,0.66,0.15,3.2,0.097,9,59,0.99976,3.28,0.54,9.6,0
409,7,0.685,0,1.9,0.099,9,22,0.99606,3.34,0.6,9.7,0
410,6.7,0.54,0.13,2,0.076,15,36,0.9973,3.61,0.64,9.8,0
411,6.7,0.54,0.13,2,0.076,15,36,0.9973,3.61,0.64,9.8,0
412,7.1,0.48,0.28,2.8,0.068,6,16,0.99682,3.24,0.53,10.3,0
413,7.1,0.46,0.14,2.8,0.076,15,37,0.99624,3.36,0.49,10.7,0
414,7.1,0.46,0.14,2.8,0.076,15,37,0.99624,3.36,0.49,10.7,0
415,10.4,0.44,0.42,1.5,0.145,34,48,0.99832,3.38,0.86,9.9,1
416,8.8,0.685,0.26,1.6,0.088,16,23,0.99694,3.32,0.47,9.4,0
417,7.6,0.665,0.1,1.5,0.066,27,55,0.99655,3.39,0.51,9.3,0
418,6,0.5,0.04,2.2,0.092,13,26,0.99647,3.46,0.47,10,0
419,6.6,0.66,0,3,0.115,21,31,0.99629,3.45,0.63,10.3,0
420,7.1,0.685,0.35,2,0.088,9,92,0.9963,3.28,0.62,9.4,0
421,6.4,0.64,0.21,1.8,0.081,14,31,0.99689,3.59,0.66,9.8,0
422,6.4,0.64,0.21,1.8,0.081,14,31,0.99689,3.59,0.66,9.8,0
423,6.4,0.64,0.21,1.8,0.081,14,31,0.99689,3.59,0.66,9.8,0
424,6.4,0.63,0.21,1.6,0.08,12,32,0.99689,3.58,0.66,9.8,0
425,9.3,0.43,0.44,1.9,0.085,9,22,0.99708,3.28,0.55,9.5,0
426,9.3,0.43,0.44,1.9,0.085,9,22,0.99708,3.28,0.55,9.5,0
427,8,0.42,0.32,2.5,0.08,26,122,0.99801,3.22,1.07,9.7,0
428,7.2,0.62,0.06,2.7,0.077,15,85,0.99746,3.51,0.54,9.5,0
429,7.5,0.42,0.32,2.7,0.067,7,25,0.99628,3.24,0.44,10.4,0
430,7.2,0.62,0.06,2.5,0.078,17,84,0.99746,3.51,0.53,9.7,0
431,7.2,0.62,0.06,2.7,0.077,15,85,0.99746,3.51,0.54,9.5,0
432,7.2,0.635,0.07,2.6,0.077,16,86,0.99748,3.51,0.54,9.7,0
433,6.9,0.56,0.03,1.5,0.086,36,46,0.99522,3.53,0.57,10.6,0
434,7.2,0.6,0.04,2.5,0.076,18,88,0.99745,3.53,0.55,9.5,0
435,9.2,0.56,0.18,1.6,0.078,10,21,0.99576,3.15,0.49,9.9,0
436,7.2,0.6,0.04,2.5,0.076,18,88,0.99745,3.53,0.55,9.5,0
437,8.9,0.75,0.14,2.5,0.086,9,30,0.99824,3.34,0.64,10.5,0
438,10.7,0.9,0.34,6.6,0.112,23,99,1.00289,3.22,0.68,9.3,0
439,7.2,0.34,0.24,2,0.071,30,52,0.99576,3.44,0.58,10.1,0
440,7.2,0.66,0.03,2.3,0.078,16,86,0.99743,3.53,0.57,9.7,0
441,7.2,0.66,0.03,2.3,0.078,16,86,0.99743,3.53,0.57,9.7,0
442,8.3,1.02,0.02,3.4,0.084,6,11,0.99892,3.48,0.49,11,1
443,8.9,0.31,0.36,2.6,0.056,10,39,0.99562,3.4,0.69,11.8,0
444,9.2,0.58,0.2,3,0.081,15,115,0.998,3.23,0.59,9.5,0
445,7.2,0.54,0.27,2.6,0.084,12,78,0.9964,3.39,0.71,11,0
446,5.3,0.715,0.19,1.5,0.161,7,62,0.99395,3.62,0.61,11,0
447,9.6,0.41,0.37,2.3,0.091,10,23,0.99786,3.24,0.56,10.5,0
448,8.6,0.47,0.27,2.3,0.055,14,28,0.99516,3.18,0.8,11.2,0
449,8.6,0.47,0.27,2.3,0.055,14,28,0.99516,3.18,0.8,11.2,0
450,6.6,0.61,0.01,1.9,0.08,8,25,0.99746,3.69,0.73,10.5,0
451,7.4,0.61,0.01,2,0.074,13,38,0.99748,3.48,0.65,9.8,0
452,7.4,0.61,0.01,2,0.074,13,38,0.99748,3.48,0.65,9.8,0
453,6.6,0.61,0.01,1.9,0.08,8,25,0.99746,3.69,0.73,10.5,0
454,6.2,0.46,0.17,1.6,0.073,7,11,0.99425,3.61,0.54,11.4,0
455,8.5,0.21,0.52,1.9,0.09,9,23,0.99648,3.36,0.67,10.4,0
456,8,0.59,0.05,2,0.089,12,32,0.99735,3.36,0.61,10,0
457,7.1,0.56,0.14,1.6,0.078,7,18,0.99592,3.27,0.62,9.3,0
458,6.6,0.57,0.02,2.1,0.115,6,16,0.99654,3.38,0.69,9.5,0
459,8.5,0.66,0.2,2.1,0.097,23,113,0.99733,3.13,0.48,9.2,0
460,6.7,0.56,0.09,2.9,0.079,7,22,0.99669,3.46,0.61,10.2,0
461,8.5,0.34,0.44,1.7,0.079,6,12,0.99605,3.52,0.63,10.7,0
462,7.2,0.41,0.3,2.1,0.083,35,72,0.997,3.44,0.52,9.4,0
463,7.2,0.41,0.3,2.1,0.083,35,72,0.997,3.44,0.52,9.4,0
464,8.4,0.59,0.29,2.6,0.109,31,119,0.99801,3.15,0.5,9.1,0
465,12.2,0.45,0.49,1.4,0.075,3,6,0.9969,3.13,0.63,10.4,0
466,9.5,0.86,0.26,1.9,0.079,13,28,0.99712,3.25,0.62,10,0
467,12.2,0.45,0.49,1.4,0.075,3,6,0.9969,3.13,0.63,10.4,0
468,7.1,0.36,0.3,1.6,0.08,35,70,0.99693,3.44,0.5,9.4,0
469,7.7,0.39,0.12,1.7,0.097,19,27,0.99596,3.16,0.49,9.4,0
470,7.7,0.39,0.12,1.7,0.097,19,27,0.99596,3.16,0.49,9.4,0
471,7.1,0.34,0.28,2,0.082,31,68,0.99694,3.45,0.48,9.4,0
472,7.1,0.34,0.28,2,0.082,31,68,0.99694,3.45,0.48,9.4,0
473,10,0.35,0.45,2.5,0.092,20,88,0.99918,3.15,0.43,9.4,0
474,8.2,0.43,0.29,1.6,0.081,27,45,0.99603,3.25,0.54,10.3,0
475,9.6,0.5,0.36,2.8,0.116,26,55,0.99722,3.18,0.68,10.9,0
476,7.7,1.005,0.15,2.1,0.102,11,32,0.99604,3.23,0.48,10,0
477,7,0.5,0.14,1.8,0.078,10,23,0.99636,3.53,0.61,10.4,0
478,7,0.51,0.09,2.1,0.062,4,9,0.99584,3.35,0.54,10.5,0
479,6.4,0.795,0,2.2,0.065,28,52,0.99378,3.49,0.52,11.6,0
480,8.1,0.82,0,4.1,0.095,5,14,0.99854,3.36,0.53,9.6,0
481,7.3,0.91,0.1,1.8,0.074,20,56,0.99672,3.35,0.56,9.2,0
482,7.4,0.965,0,2.2,0.088,16,32,0.99756,3.58,0.67,10.2,0
483,7.1,0.43,0.17,1.8,0.082,27,51,0.99634,3.49,0.64,10.4,0
484,7.1,0.43,0.17,1.8,0.082,27,51,0.99634,3.49,0.64,10.4,0
485,8.5,0.46,0.59,1.4,0.414,16,45,0.99702,3.03,1.34,9.2,0
486,5.6,0.605,0.05,2.4,0.073,19,25,0.99258,3.56,0.55,12.9,0
487,7.6,0.42,0.25,3.9,0.104,28,90,0.99784,3.15,0.57,9.1,0
488,8,0.62,0.35,2.8,0.086,28,52,0.997,3.31,0.62,10.8,0
489,7.5,0.77,0.2,8.1,0.098,30,92,0.99892,3.2,0.58,9.2,0
490,7.5,0.77,0.2,8.1,0.098,30,92,0.99892,3.2,0.58,9.2,0
491,8.6,0.37,0.65,6.4,0.08,3,8,0.99817,3.27,0.58,11,0
492,8.6,0.37,0.65,6.4,0.08,3,8,0.99817,3.27,0.58,11,0
493,6.8,0.48,0.08,1.8,0.074,40,64,0.99529,3.12,0.49,9.6,0
494,9.4,0.4,0.47,2.5,0.087,6,20,0.99772,3.15,0.5,10.5,0
495,8.6,0.52,0.38,1.5,0.096,5,18,0.99666,3.2,0.52,9.4,0
496,8.6,0.52,0.38,1.5,0.096,5,18,0.99666,3.2,0.52,9.4,0
497,6.3,0.57,0.28,2.1,0.048,13,49,0.99374,3.41,0.6,12.8,0
498,8.1,0.78,0.1,3.3,0.09,4,13,0.99855,3.36,0.49,9.5,0
499,5.6,0.66,0,2.5,0.066,7,15,0.99256,3.52,0.58,12.9,0
500,10,0.43,0.33,2.7,0.095,28,89,0.9984,3.22,0.68,10,0
501,5.9,0.19,0.21,1.7,0.045,57,135,0.99341,3.32,0.44,9.5,0
502,7.5,0.41,0.15,3.7,0.104,29,94,0.99786,3.14,0.58,9.1,0
503,7.3,0.32,0.23,2.3,0.066,35,70,0.99588,3.43,0.62,10.1,0
504,8.3,0.6,0.25,2.2,0.118,9,38,0.99616,3.15,0.53,9.8,0
505,8.3,0.6,0.25,2.2,0.118,9,38,0.99616,3.15,0.53,9.8,0
506,10.2,0.41,0.43,2.2,0.11,11,37,0.99728,3.16,0.67,10.8,0
507,9,0.785,0.24,1.7,0.078,10,21,0.99692,3.29,0.67,10,0
508,9,0.785,0.24,1.7,0.078,10,21,0.99692,3.29,0.67,10,0
509,8.5,0.44,0.5,1.9,0.369,15,38,0.99634,3.01,1.1,9.4,0
510,9.9,0.54,0.26,2,0.111,7,60,0.99709,2.94,0.98,10.2,0
511,5.6,0.915,0,2.1,0.041,17,78,0.99346,3.68,0.73,11.4,0
512,9.8,0.39,0.43,1.65,0.068,5,11,0.99478,3.19,0.46,11.4,0
513,6.8,0.66,0.07,1.6,0.07,16,61,0.99572,3.29,0.6,9.3,0
514,6.7,0.64,0.23,2.1,0.08,11,119,0.99538,3.36,0.7,10.9,0
515,6.6,0.8,0.03,7.8,0.079,6,12,0.9963,3.52,0.5,12.2,0
516,6.7,0.64,0.23,2.1,0.08,11,119,0.99538,3.36,0.7,10.9,0
517,6.5,0.885,0,2.3,0.166,6,12,0.99551,3.56,0.51,10.8,0
518,6.4,0.885,0,2.3,0.166,6,12,0.99551,3.56,0.51,10.8,0
519,9.9,0.74,0.19,5.8,0.111,33,76,0.99878,3.14,0.55,9.4,0
520,9.9,0.72,0.55,1.7,0.136,24,52,0.99752,3.35,0.94,10,0
521,6.6,0.44,0.15,2.1,0.076,22,53,0.9957,3.32,0.62,9.3,0
522,9.2,0.46,0.23,2.6,0.091,18,77,0.99922,3.15,0.51,9.4,0
523,7.5,0.58,0.03,4.1,0.08,27,46,0.99592,3.02,0.47,9.2,0
524,9,0.58,0.25,2,0.104,8,21,0.99769,3.27,0.72,9.6,0
525,7.6,0.43,0.29,2.1,0.075,19,66,0.99718,3.4,0.64,9.5,0
526,7.8,0.815,0.01,2.6,0.074,48,90,0.99621,3.38,0.62,10.8,0
527,7.6,0.43,0.29,2.1,0.075,19,66,0.99718,3.4,0.64,9.5,0
528,7.5,0.61,0.2,1.7,0.076,36,60,0.99494,3.1,0.4,9.3,0
529,9.8,0.37,0.39,2.5,0.079,28,65,0.99729,3.16,0.59,9.8,0
530,8.3,0.56,0.22,2.4,0.082,10,86,0.9983,3.37,0.62,9.5,0
531,7.4,0.55,0.19,1.8,0.082,15,34,0.99655,3.49,0.68,10.5,0
532,7.4,0.74,0.07,1.7,0.086,15,48,0.99502,3.12,0.48,10,0
533,7.4,0.55,0.19,1.8,0.082,15,34,0.99655,3.49,0.68,10.5,0
534,7.5,0.58,0.14,2.2,0.077,27,60,0.9963,3.28,0.59,9.8,0
535,7.1,0.72,0,1.8,0.123,6,14,0.99627,3.45,0.58,9.8,0
536,7.9,0.66,0,1.4,0.096,6,13,0.99569,3.43,0.58,9.5,0
537,7.8,0.7,0.06,1.9,0.079,20,35,0.99628,3.4,0.69,10.9,0
538,6.1,0.64,0.02,2.4,0.069,26,46,0.99358,3.47,0.45,11,0
539,7.5,0.59,0.22,1.8,0.082,43,60,0.99499,3.1,0.42,9.2,0
540,8.6,0.635,0.68,1.8,0.403,19,56,0.99632,3.02,1.15,9.3,0
541,9.8,0.45,0.38,2.5,0.081,34,66,0.99726,3.15,0.58,9.8,0
542,5.9,0.46,0,1.9,0.077,25,44,0.99385,3.5,0.53,11.2,0
543,7.5,0.58,0.2,2,0.073,34,44,0.99494,3.1,0.43,9.3,0
544,7,0.42,0.19,2.3,0.071,18,36,0.99476,3.39,0.56,10.9,0
545,11.3,0.37,0.5,1.8,0.09,20,47,0.99734,3.15,0.57,10.5,0
546,8,0.6,0.08,2.6,0.056,3,7,0.99286,3.22,0.37,13,0
547,7,0.6,0.3,4.5,0.068,20,110,0.99914,3.3,1.17,10.2,0
548,7,0.6,0.3,4.5,0.068,20,110,0.99914,3.3,1.17,10.2,0
549,7.6,0.74,0,1.9,0.1,6,12,0.99521,3.36,0.59,11,0
550,6.6,0.63,0,4.3,0.093,51,77.5,0.99558,3.2,0.45,9.5,0
551,6.6,0.63,0,4.3,0.093,51,77.5,0.99558,3.2,0.45,9.5,0
552,7.6,1.58,0,2.1,0.137,5,9,0.99476,3.5,0.4,10.9,1
553,8,0.28,0.44,1.8,0.081,28,68,0.99501,3.36,0.66,11.2,0
554,7.6,0.79,0.21,2.3,0.087,21,68,0.9955,3.12,0.44,9.2,0
555,7.5,0.61,0.26,1.9,0.073,24,88,0.99612,3.3,0.53,9.8,0
556,9.7,0.69,0.32,2.5,0.088,22,91,0.9979,3.29,0.62,10.1,0
557,9.7,0.69,0.32,2.5,0.088,22,91,0.9979,3.29,0.62,10.1,0
558,7,0.62,0.1,1.4,0.071,27,63,0.996,3.28,0.61,9.2,0
559,7.5,0.61,0.26,1.9,0.073,24,88,0.99612,3.3,0.53,9.8,0
560,8,1.18,0.21,1.9,0.083,14,41,0.99532,3.34,0.47,10.5,0
561,9.7,0.66,0.34,2.6,0.094,12,88,0.99796,3.26,0.66,10.1,0
562,9.1,0.34,0.42,1.8,0.058,9,18,0.99392,3.18,0.55,11.4,0
563,6.5,0.52,0.11,1.8,0.073,13,38,0.9955,3.34,0.52,9.3,0
564,7.8,0.87,0.26,3.8,0.107,31,67,0.99668,3.26,0.46,9.2,0
565,9.1,0.775,0.22,2.2,0.079,12,48,0.9976,3.18,0.51,9.6,0
566,7.2,0.835,0,2,0.166,4,11,0.99608,3.39,0.52,10,0
567,6,0.5,0,1.4,0.057,15,26,0.99448,3.36,0.45,9.5,0
568,6,0.5,0,1.4,0.057,15,26,0.99448,3.36,0.45,9.5,0
569,6,0.5,0,1.4,0.057,15,26,0.99448,3.36,0.45,9.5,0
570,11.5,0.42,0.48,2.6,0.077,8,20,0.99852,3.09,0.53,11,0
571,6.1,0.59,0.01,2.1,0.056,5,13,0.99472,3.52,0.56,11.4,0
572,7.2,0.655,0.03,1.8,0.078,7,12,0.99587,3.34,0.39,9.5,0
573,7.2,0.655,0.03,1.8,0.078,7,12,0.99587,3.34,0.39,9.5,0
574,6.9,0.57,0,2.8,0.081,21,41,0.99518,3.41,0.52,10.8,0
575,9,0.6,0.29,2,0.069,32,73,0.99654,3.34,0.57,10,0
576,7.6,0.645,0.03,1.9,0.086,14,57,0.9969,3.37,0.46,10.3,0
577,7.6,0.645,0.03,1.9,0.086,14,57,0.9969,3.37,0.46,10.3,0
578,7.2,0.58,0.03,2.3,0.077,7,28,0.99568,3.35,0.52,10,0
579,6.1,0.32,0.25,1.8,0.086,5,32,0.99464,3.36,0.44,10.1,0
580,6.1,0.34,0.25,1.8,0.084,4,28,0.99464,3.36,0.44,10.1,0
581,7.4,0.64,0.17,5.4,0.168,52,98,0.99736,3.28,0.5,9.5,0
582,9.2,0.54,0.31,2.3,0.112,11,38,0.99699,3.24,0.56,10.9,0
583,8.3,0.85,0.14,2.5,0.093,13,54,0.99724,3.36,0.54,10.1,0
584,7.8,0.5,0.09,2.2,0.115,10,42,0.9971,3.18,0.62,9.5,0
585,7.3,0.74,0.08,1.7,0.094,10,45,0.99576,3.24,0.5,9.8,0
586,8.7,0.78,0.51,1.7,0.415,12,66,0.99623,3,1.17,9.2,0
587,8.7,0.78,0.51,1.7,0.415,12,66,0.99623,3,1.17,9.2,0
588,7.7,0.75,0.27,3.8,0.11,34,89,0.99664,3.24,0.45,9.3,0
589,6.8,0.815,0,1.2,0.267,16,29,0.99471,3.32,0.51,9.8,1
590,7.2,0.56,0.26,2,0.083,13,100,0.99586,3.26,0.52,9.9,0
591,8.2,0.885,0.2,1.4,0.086,7,31,0.9946,3.11,0.46,10,0
592,6.8,0.83,0.09,1.8,0.074,4,25,0.99534,3.38,0.45,9.6,0
593,8,0.6,0.22,2.1,0.08,25,105,0.99613,3.3,0.49,9.9,0
594,8,0.6,0.22,2.1,0.08,25,105,0.99613,3.3,0.49,9.9,0
595,7.1,0.755,0.15,1.8,0.107,20,84,0.99593,3.19,0.5,9.5,0
596,8,0.81,0.25,3.4,0.076,34,85,0.99668,3.19,0.42,9.2,0
597,7.4,0.64,0.07,1.8,0.1,8,23,0.9961,3.3,0.58,9.6,0
598,7.4,0.64,0.07,1.8,0.1,8,23,0.9961,3.3,0.58,9.6,0
599,6.6,0.64,0.31,6.1,0.083,7,49,0.99718,3.35,0.68,10.3,0
600,6.7,0.48,0.02,2.2,0.08,36,111,0.99524,3.1,0.53,9.7,0
601,8,0.64,0.22,2.4,0.094,5,33,0.99612,3.37,0.58,11,0
602,7.1,0.62,0.06,1.3,0.07,5,12,0.9942,3.17,0.48,9.8,0
603,8,0.52,0.25,2,0.078,19,59,0.99612,3.3,0.48,10.2,0
604,6.4,0.57,0.14,3.9,0.07,27,73,0.99669,3.32,0.48,9.2,0
605,8.7,0.675,0.1,1.6,0.09,4,11,0.99745,3.31,0.65,9.55,0
606,7.3,0.59,0.26,2,0.08,17,104,0.99584,3.28,0.52,9.9,0
607,7.9,0.69,0.21,2.1,0.08,33,141,0.9962,3.25,0.51,9.9,0
608,7.9,0.69,0.21,2.1,0.08,33,141,0.9962,3.25,0.51,9.9,0
609,9.9,0.57,0.25,2,0.104,12,89,0.9963,3.04,0.9,10.1,0
610,10,0.32,0.59,2.2,0.077,3,15,0.9994,3.2,0.78,9.6,0
611,6.2,0.58,0,1.6,0.065,8,18,0.9966,3.56,0.84,9.4,0
612,10,0.32,0.59,2.2,0.077,3,15,0.9994,3.2,0.78,9.6,0
613,7.8,0.53,0.01,1.6,0.077,3,19,0.995,3.16,0.46,9.8,0
614,7.7,0.64,0.21,2.2,0.077,32,133,0.9956,3.27,0.45,9.9,0
615,7.8,0.53,0.01,1.6,0.077,3,19,0.995,3.16,0.46,9.8,0
616,7.5,0.4,0.18,1.6,0.079,24,58,0.9965,3.34,0.58,9.4,0
617,7.6,0.41,0.33,2.5,0.078,6,23,0.9957,3.3,0.58,11.2,0
618,7.8,0.64,0,1.9,0.072,27,55,0.9962,3.31,0.63,11,0
619,7.9,0.18,0.4,2.2,0.049,38,67,0.996,3.33,0.93,11.3,0
620,7.4,0.41,0.24,1.8,0.066,18,47,0.9956,3.37,0.62,10.4,0
621,10,0.38,0.38,1.6,0.169,27,90,0.99914,3.15,0.65,8.5,0
622,6.8,0.915,0.29,4.8,0.07,15,39,0.99577,3.53,0.54,11.1,0
623,7,0.59,0,1.7,0.052,3,8,0.996,3.41,0.47,10.3,0
624,6.9,0.63,0.02,1.9,0.078,18,30,0.99712,3.4,0.75,9.8,0
625,6.9,0.58,0.2,1.75,0.058,8,22,0.99322,3.38,0.49,11.7,0
626,6.9,0.63,0.02,1.9,0.078,18,30,0.99712,3.4,0.75,9.8,0
627,6.8,0.67,0,1.9,0.08,22,39,0.99701,3.4,0.74,9.7,0
628,6.9,0.58,0.01,1.9,0.08,40,54,0.99683,3.4,0.73,9.7,0
629,7.6,0.49,0.33,1.9,0.074,27,85,0.99706,3.41,0.58,9,0
630,7.6,0.49,0.33,1.9,0.074,27,85,0.99706,3.41,0.58,9,0
631,8.4,0.29,0.4,1.7,0.067,8,20,0.99603,3.39,0.6,10.5,0
632,6.8,0.59,0.1,1.7,0.063,34,53,0.9958,3.41,0.67,9.7,0
633,6.8,0.59,0.1,1.7,0.063,34,53,0.9958,3.41,0.67,9.7,0
634,7.3,0.98,0.05,2.1,0.061,20,49,0.99705,3.31,0.55,9.7,1
635,10,0.69,0.11,1.4,0.084,8,24,0.99578,2.88,0.47,9.7,0
636,6.7,0.7,0.08,3.75,0.067,8,16,0.99334,3.43,0.52,12.6,0
637,6.1,0.6,0.08,1.8,0.071,14,45,0.99336,3.38,0.54,11,0
638,9.9,0.5,0.5,13.8,0.205,48,82,1.00242,3.16,0.75,8.8,0
639,9.9,0.5,0.5,13.8,0.205,48,82,1.00242,3.16,0.75,8.8,0
640,7.1,0.875,0.05,5.7,0.082,3,14,0.99808,3.4,0.52,10.2,1
641,8.2,0.28,0.6,3,0.104,10,22,0.99828,3.39,0.68,10.6,0
642,8.2,0.28,0.6,3,0.104,10,22,0.99828,3.39,0.68,10.6,0
643,8.1,0.33,0.44,1.5,0.042,6,12,0.99542,3.35,0.61,10.7,0
644,7,0.655,0.16,2.1,0.074,8,25,0.99606,3.37,0.55,9.7,0
645,6.8,0.68,0.21,2.1,0.07,9,23,0.99546,3.38,0.6,10.3,0
646,6,0.64,0.05,1.9,0.066,9,17,0.99496,3.52,0.78,10.6,0
647,5.6,0.54,0.04,1.7,0.049,5,13,0.9942,3.72,0.58,11.4,0
648,5.6,0.54,0.04,1.7,0.049,5,13,0.9942,3.72,0.58,11.4,0
649,6.2,0.65,0.06,1.6,0.05,6,18,0.99348,3.57,0.54,11.95,0
650,7.7,0.54,0.26,1.9,0.089,23,147,0.99636,3.26,0.59,9.7,0
651,7.7,0.54,0.26,1.9,0.089,23,147,0.99636,3.26,0.59,9.7,0
652,7.5,0.725,0.04,1.5,0.076,8,15,0.99508,3.26,0.53,9.6,0
653,7.8,0.82,0.29,4.3,0.083,21,64,0.99642,3.16,0.53,9.4,0
654,7.3,0.585,0.18,2.4,0.078,15,60,0.99638,3.31,0.54,9.8,0
655,6.7,0.76,0.02,1.8,0.078,6,12,0.996,3.55,0.63,9.95,1
656,7.9,0.18,0.4,1.8,0.062,7,20,0.9941,3.28,0.7,11.1,0
657,7.1,0.69,0.04,2.1,0.068,19,27,0.99712,3.44,0.67,9.8,0
658,6.1,0.32,0.25,2.3,0.071,23,58,0.99633,3.42,0.97,10.6,0
659,7.4,0.47,0.46,2.2,0.114,7,20,0.99647,3.32,0.63,10.5,0
660,6.6,0.7,0.08,2.6,0.106,14,27,0.99665,3.44,0.58,10.2,0
661,6.1,0.32,0.25,2.3,0.071,23,58,0.99633,3.42,0.97,10.6,0
662,6.8,0.48,0.25,2,0.076,29,61,0.9953,3.34,0.6,10.4,0
663,6.7,0.48,0.08,2.1,0.064,18,34,0.99552,3.33,0.64,9.7,0
664,6.1,0.705,0.1,2.8,0.081,13,28,0.99631,3.6,0.66,10.2,0
665,8,0.39,0.3,1.9,0.074,32,84,0.99717,3.39,0.61,9,0
666,6.2,0.64,0.09,2.5,0.081,15,26,0.99538,3.57,0.63,12,0
667,7.2,0.39,0.32,1.8,0.065,34,60,0.99714,3.46,0.78,9.9,0
668,7,0.57,0.02,2,0.072,17,26,0.99575,3.36,0.61,10.2,0
669,6.3,0.6,0.1,1.6,0.048,12,26,0.99306,3.55,0.51,12.1,0
670,11.2,0.4,0.5,2,0.099,19,50,0.99783,3.1,0.58,10.4,0
671,7.1,0.68,0,2.3,0.087,17,26,0.99783,3.45,0.53,9.5,0
672,7.1,0.67,0,2.3,0.083,18,27,0.99768,3.44,0.54,9.4,0
673,7.3,0.735,0,2.2,0.08,18,28,0.99765,3.41,0.6,9.4,0
674,6.6,0.88,0.04,2.2,0.066,12,20,0.99636,3.53,0.56,9.9,0
675,6.9,0.63,0.33,6.7,0.235,66,115,0.99787,3.22,0.56,9.5,0
676,7.8,0.6,0.26,2,0.08,31,131,0.99622,3.21,0.52,9.9,0
677,7.8,0.6,0.26,2,0.08,31,131,0.99622,3.21,0.52,9.9,0
678,7.8,0.6,0.26,2,0.08,31,131,0.99622,3.21,0.52,9.9,0
679,7.2,0.695,0.13,2,0.076,12,20,0.99546,3.29,0.54,10.1,0
680,7.2,0.695,0.13,2,0.076,12,20,0.99546,3.29,0.54,10.1,0
681,7.2,0.695,0.13,2,0.076,12,20,0.99546,3.29,0.54,10.1,0
682,7.2,0.695,0.13,2,0.076,12,20,0.99546,3.29,0.54,10.1,0
683,7,0.56,0.13,1.6,0.077,25,42,0.99629,3.34,0.59,9.2,0
684,7.3,0.69,0.32,2.2,0.069,35,104,0.99632,3.33,0.51,9.5,0
685,6.2,0.56,0.09,1.7,0.053,24,32,0.99402,3.54,0.6,11.3,0
686,6.2,0.56,0.09,1.7,0.053,24,32,0.99402,3.54,0.6,11.3,0
687,6.1,0.715,0.1,2.6,0.053,13,27,0.99362,3.57,0.5,11.9,0
688,6.2,0.46,0.29,2.1,0.074,32,98,0.99578,3.33,0.62,9.8,0
689,6.6,0.725,0.2,7.8,0.073,29,79,0.9977,3.29,0.54,9.2,0
690,6.2,0.6,0.08,2,0.09,32,44,0.9949,3.45,0.58,10.5,0
691,5.9,0.645,0.12,2,0.075,32,44,0.99547,3.57,0.71,10.2,0
