,mcg,gvh,alm,mit,erl,pox,vac,nuc,y
1,0.58,0.61,0.47,0.13,0.5,0,0.48,0.22,0
2,0.43,0.67,0.48,0.27,0.5,0,0.53,0.22,0
3,0.64,0.62,0.49,0.15,0.5,0,0.53,0.22,0
4,0.42,0.44,0.48,0.54,0.5,0,0.48,0.22,0
5,0.5,0.54,0.48,0.65,0.5,0,0.53,0.22,0
6,0.55,0.5,0.66,0.36,0.5,0,0.49,0.22,0
7,0.6,0.4,0.52,0.46,0.5,0,0.53,0.22,0
8,0.66,0.55,0.45,0.19,0.5,0,0.46,0.22,0
9,0.51,0.51,0.52,0.51,0.5,0,0.54,0.22,0
10,0.63,0.67,0.57,0.24,0.5,0,0.49,0.22,0
11,0.51,0.51,0.43,0.87,0.5,0,0.52,0.22,0
12,0.59,0.53,0.43,0.44,0.5,0,0.5,0.22,0
13,0.57,0.53,0.53,0.34,0.5,0,0.53,0.22,0
14,0.45,0.58,0.48,0.67,0.5,0,0.52,0.22,0
15,0.43,0.35,0.52,0.52,0.5,0,0.54,0.22,0
16,0.6,0.5,0.44,0.61,0.5,0,0.47,0.22,0
17,0.45,0.55,0.54,0.66,0.5,0,0.47,0.22,0
18,0.46,0.49,0.58,0.23,0.5,0,0.44,0.22,0
19,0.49,0.42,0.56,0.55,0.5,0,0.42,0.25,0
20,0.63,0.53,0.54,0.4,0.5,0,0.5,0.22,0
21,0.5,0.54,0.53,0.54,0.5,0,0.51,0.27,0
22,0.48,0.45,0.55,0.5,0.5,0,0.53,0.22,0
23,0.5,0.58,0.46,0.46,0.5,0,0.46,0.22,0
24,0.51,0.54,0.6,0.57,0.5,0,0.58,0.22,0
25,0.54,0.52,0.63,0.37,0.5,0,0.46,0.22,0
26,0.67,0.62,0.4,0.43,0.5,0.83,0.5,0.22,0
27,0.46,0.38,0.47,0.22,0.5,0,0.52,0.27,0
28,0.61,0.72,0.39,0.33,0.5,0,0.58,0.22,0
29,0.78,0.75,0.4,0.28,0.5,0,0.53,0.22,0
30,0.45,0.45,0.5,0.6,0.5,0,0.49,0.22,0
31,0.59,0.67,0.56,0.41,0.5,0,0.47,0.22,0
32,0.47,0.47,0.57,0.48,0.5,0,0.48,0.22,0
33,0.35,0.52,0.48,0.22,0.5,0,0.26,0.22,0
34,0.47,0.41,0.66,0.26,0.5,0,0.53,0.22,0
35,0.64,0.62,0.29,0.28,0.5,0,0.51,0.22,0
36,0.55,0.53,0.55,0.46,0.5,0,0.52,0.22,0
37,0.67,0.62,0.54,0.43,0.5,0,0.53,0.22,0
38,0.58,0.62,0.54,0.17,0.5,0,0.48,0.22,0
39,0.46,0.71,0.48,0.53,0.5,0,0.53,0.22,0
40,0.71,0.59,0.48,0.43,0.5,0,0.59,0.22,0
41,0.38,0.68,0.44,0.45,0.5,0,0.53,0.22,0
42,0.61,0.72,0.31,0.33,0.5,0,0.56,0.22,0
43,0.52,0.51,0.51,0.54,0.5,0,0.55,0.27,0
44,0.63,0.56,0.45,0.58,0.5,0,0.51,0.22,0
45,0.58,0.58,0.58,0.49,0.5,0,0.49,0.26,0
46,0.72,0.62,0.34,0.29,0.5,0,0.56,0.28,0
47,0.72,0.61,0.37,0.3,0.5,0,0.57,0.22,0
48,0.46,0.43,0.38,0.33,0.5,0,0.48,0.28,0
49,0.57,0.57,0.44,0.37,0.5,0,0.52,0.25,0
50,0.49,0.46,0.45,0.45,0.5,0,0.52,0.22,0
51,0.42,0.58,0.41,0.65,0.5,0,0.46,0.26,0
52,0.59,0.61,0.34,0.22,0.5,0,0.51,0.22,0
53,0.52,0.77,0.38,0.34,0.5,0,0.51,0.22,0
54,0.5,0.52,0.6,0.51,0.5,0,0.48,0.22,0
55,0.49,0.6,0.43,0.56,0.5,0,0.36,0.22,0
56,0.5,0.41,0.44,0.5,0.5,0,0.42,0.22,0
57,0.5,0.4,0.56,0.7,0.5,0,0.5,0.22,0
58,0.37,0.58,0.44,0.51,0.5,0,0.44,0.22,0
59,0.55,0.45,0.45,0.54,0.5,0,0.5,0.22,0
60,0.67,0.68,0.46,0.29,0.5,0,0.46,0.22,0
61,0.47,0.46,0.59,0.49,0.5,0,0.56,0.22,0
62,0.53,0.44,0.51,0.33,0.5,0,0.52,0.22,0
63,0.46,0.54,0.71,0.15,0.5,0,0.59,0.22,0
64,0.4,0.56,0.48,0.14,0.5,0,0.47,0.22,0
65,0.53,0.53,0.6,0.13,0.5,0,0.49,0.22,0
66,0.42,0.57,0.72,0.22,0.5,0,0.57,0.22,0
67,0.44,0.68,0.45,0.51,0.5,0,0.52,0.41,0
68,0.27,0.39,0.66,0.11,0.5,0,0.44,0.22,0
69,0.47,0.65,0.54,0.62,0.5,0,0.53,0.36,0
70,0.69,0.5,0.49,0.42,0.5,0,0.49,0.22,0
71,0.57,0.59,0.5,0.58,0.5,0,0.53,0.22,0
72,0.47,0.45,0.53,0.62,0.5,0,0.46,0.22,0
73,0.55,0.53,0.56,0.29,0.5,0,0.48,0.22,0
74,0.45,0.56,0.51,0.64,0.5,0,0.54,0.22,0
75,0.38,0.46,0.52,0.75,0.5,0,0.5,0.26,0
76,0.51,0.68,0.49,0.59,0.5,0,0.54,0.27,0
77,0.53,0.56,0.49,0.46,0.5,0,0.52,0.22,0
78,0.45,0.54,0.54,0.62,0.5,0,0.53,0.22,0
79,0.51,0.52,0.48,0.5,0.5,0,0.51,0.22,0
80,0.55,0.49,0.5,0.46,0.5,0,0.52,0.25,0
81,0.5,0.53,0.45,0.44,0.5,0,0.49,0.22,0
82,0.45,0.59,0.53,0.74,0.5,0,0.47,0.25,0
83,0.67,0.51,0.53,0.28,0.5,0,0.51,0.22,0
84,0.35,0.49,0.47,0.22,0.5,0,0.5,0.28,0
85,0.47,0.63,0.66,0.45,0.5,0,0.37,0.11,0
86,0.58,0.55,0.52,0.22,0.5,0,0.44,0.22,0
87,0.59,0.57,0.46,0.14,0.5,0,0.52,0.22,0
88,0.46,0.41,0.5,0.44,0.5,0,0.53,0.22,0
89,0.54,0.51,0.54,0.52,0.5,0,0.47,0.25,0
90,0.53,0.5,0.54,0.56,0.5,0,0.49,0.41,0
91,0.36,0.44,0.57,0.18,0.5,0,0.42,0.22,0
92,0.48,0.57,0.52,0.61,0.5,0,0.51,0.22,0
93,0.52,0.62,0.54,0.19,0.5,0,0.5,0.22,0
94,0.68,0.5,0.55,0.65,0.5,0,0.46,0.31,0
95,0.5,0.62,0.54,0.66,0.5,0,0.49,0.22,0
96,0.47,0.54,0.54,0.48,0.5,0,0.53,0.26,0
97,0.72,0.58,0.42,0.28,0.5,0,0.48,0.22,0
98,0.41,0.41,0.51,0.19,0.5,0,0.57,0.22,0
99,0.81,0.65,0.52,0.41,0.5,0,0.57,0.26,0
100,0.58,0.49,0.5,0.41,0.5,0,0.57,0.22,0
101,0.32,0.47,0.55,0.25,0.5,0,0.49,0.22,0
102,0.53,0.48,0.45,0.44,0.5,0,0.49,0.27,0
103,0.49,0.48,0.46,0.63,0.5,0,0.52,0.22,0
104,0.45,0.48,0.63,0.67,0.5,0,0.48,0.22,0
105,0.66,0.52,0.52,0.44,0.5,0,0.56,0.27,0
106,0.5,0.49,0.59,0.47,0.5,0,0.49,0.36,0
107,0.48,0.47,0.54,0.55,0.5,0,0.51,0.65,0
108,0.6,0.59,0.45,0.23,0.5,0,0.55,0.22,0
109,0.45,0.73,0.47,0.65,0.5,0,0.54,0.43,0
110,0.67,0.51,0.54,0.21,0.5,0,0.43,0.3,0
111,0.4,0.68,0.5,0.82,0.5,0,0.44,0.36,0
112,0.59,0.57,0.43,0.26,0.5,0,0.51,0.22,0
113,0.6,0.62,0.54,0.4,0.5,0,0.5,0.22,0
114,0.36,0.4,0.53,0.48,0.5,0,0.48,0.22,0
115,0.51,0.42,0.56,0.38,0.5,0,0.46,0.22,0
116,0.41,0.54,0.58,0.2,0.5,0,0.52,0.22,0
117,0.57,0.4,0.62,0.3,0.5,0,0.48,0.11,0
118,0.52,0.5,0.59,0.31,0.5,0,0.5,0.22,0
119,0.42,0.53,0.53,0.64,0.5,0,0.47,0.22,0
120,0.5,0.46,0.64,0.36,0.5,0,0.49,0.22,0
121,0.6,0.51,0.6,0.38,0.5,0.83,0.52,0.24,0
122,0.45,0.38,0.64,0.14,0.5,0,0.54,0.22,0
123,0.6,0.57,0.64,0.52,0.5,0,0.47,0.28,0
124,0.41,0.52,0.53,0.41,0.5,0,0.39,0.33,0
125,0.45,0.43,0.63,0.4,0.5,0,0.59,0.11,0
126,0.44,0.44,0.67,0.35,0.5,0,0.48,0.26,0
127,0.58,0.52,0.61,0.33,0.5,0,0.38,0.11,0
128,0.57,0.61,0.55,0.27,0.5,0,0.44,0.21,0
129,0.64,0.64,0.56,0.21,0.5,0,0.5,0.22,0
130,0.56,0.5,0.61,0.49,0.5,0,0.46,0.28,0
131,0.6,0.46,0.59,0.16,0.5,0,0.49,0.22,0
132,0.36,0.38,0.56,0.44,0.5,0,0.48,0.22,0
133,0.53,0.52,0.61,0.35,0.5,0,0.5,0.22,0
134,0.62,0.59,0.54,0.47,0.5,0,0.46,0.22,0
135,0.55,0.5,0.6,0.31,0.5,0,0.46,0.27,0
136,0.58,0.53,0.57,0.46,0.5,0,0.51,0.27,0
137,0.65,0.53,0.55,0.52,0.5,0,0.47,0.27,0
138,0.38,0.54,0.54,0.41,0.5,0,0.51,0.22,0
139,0.58,0.53,0.5,0.53,0.5,0,0.47,0.31,0
140,0.61,0.46,0.51,0.37,0.5,0,0.51,0.22,0
141,0.55,0.59,0.47,0.64,0.5,0,0.54,0.33,0
142,0.54,0.64,0.5,0.13,0.5,0,0.49,0.22,0
143,0.4,0.74,0.49,0.16,0.5,0,0.51,0.22,0
144,0.51,0.56,0.51,0.42,0.5,0,0.53,0.36,0
145,0.43,0.32,0.5,0.29,0.5,0,0.5,0.22,0
146,0.49,0.44,0.45,0.55,0.5,0,0.48,0.22,0
147,0.51,0.48,0.51,0.43,0.5,0,0.49,0.22,0
148,0.63,0.6,0.5,0.27,0.5,0,0.55,0.22,0
149,0.46,0.44,0.53,0.31,0.5,0,0.48,0.22,0
150,0.58,0.57,0.54,0.69,0.5,0,0.54,0.22,0
151,0.61,0.59,0.47,0.49,0.5,0,0.54,0.22,0
152,0.63,0.47,0.56,0.12,0.5,0,0.5,0.22,0
153,0.55,0.53,0.54,0.4,0.5,0,0.48,0.22,0
154,0.41,0.47,0.58,0.62,0.5,0,0.5,0.22,0
155,0.44,0.53,0.53,0.37,0.5,0,0.51,0.22,0
156,0.46,0.46,0.56,0.12,0.5,0,0.55,0.22,0
157,0.51,0.46,0.54,0.41,0.5,0,0.53,0.22,0
158,0.53,0.61,0.51,0.49,0.5,0,0.54,0.27,0
159,0.78,0.65,0.4,0.16,0.5,0,0.63,0.22,0
160,0.52,0.64,0.34,0.16,0.5,0,0.57,0.22,0
161,0.41,0.49,0.58,0.22,0.5,0,0.52,0.22,0
162,0.39,0.28,0.54,0.14,0.5,0,0.59,0.22,0
163,0.6,0.54,0.54,0.53,0.5,0,0.52,0.27,0
164,0.45,0.58,0.59,0.44,0.5,0,0.56,0.22,0
165,0.5,0.32,0.49,0.49,0.5,0,0.48,0.32,0
166,0.75,0.6,0.43,0.35,0.5,0,0.45,0.27,0
167,0.56,0.68,0.52,0.39,0.5,0,0.36,0.22,0
168,0.48,0.45,0.59,0.35,0.5,0,0.55,0.3,0
169,0.26,0.28,0.6,0.2,0.5,0,0.54,0.31,0
170,0.59,0.45,0.58,0.21,0.5,0,0.49,0.22,0
171,0.48,0.52,0.49,0.35,0.5,0.5,0.51,0.22,0
172,0.59,0.58,0.47,0.61,0.5,0,0.44,0.3,0
173,0.5,0.57,0.62,0.25,0.5,0,0.51,0.22,0
174,0.59,0.61,0.51,0.62,0.5,0,0.51,0.38,0
175,0.47,0.54,0.53,0.77,0.5,0,0.52,0.36,0
176,0.51,0.46,0.4,0.65,0.5,0,0.49,0.22,0
177,0.6,0.59,0.47,0.47,0.5,0,0.53,0.22,0
178,0.5,0.62,0.52,0.3,0.5,0,0.56,0.22,0
179,0.49,0.45,0.54,0.4,0.5,0,0.55,0.22,0
180,0.64,0.53,0.59,0.14,0.5,0,0.53,0.22,0
181,0.57,0.6,0.54,0.17,0.5,0,0.52,0.22,0
182,0.38,0.31,0.59,0.19,0.5,0,0.46,0.22,0
183,0.68,0.53,0.44,0.31,0.5,0,0.51,0.22,0
184,0.55,0.38,0.64,0.42,0.5,0,0.47,0.22,0
185,0.45,0.43,0.5,0.25,0.5,0,0.47,0.22,0
186,0.42,0.49,0.49,0.36,0.5,0,0.57,0.26,0
187,0.47,0.56,0.46,0.5,0.5,0,0.51,0.22,0
188,0.39,1,0.38,0.41,0.5,0,0.5,0.27,0
189,0.52,0.54,0.47,0.49,0.5,0,0.54,0.22,0
190,0.56,0.65,0.49,0.56,0.5,0,0.49,0.22,0
191,0.53,0.51,0.55,0.57,0.5,0,0.46,0.22,0
192,0.54,0.64,0.4,0.56,0.5,0,0.51,0.22,0
193,0.47,0.58,0.47,0.52,0.5,0,0.54,0.22,0
194,0.47,0.52,0.54,0.25,0.5,0,0.54,0.29,0
195,0.56,0.59,0.45,0.15,0.5,0,0.54,0.22,0
196,0.47,0.56,0.53,0.44,0.5,0,0.53,0.22,0
197,0.57,0.51,0.34,0.13,0.5,0,0.53,0.27,0
198,0.54,0.47,0.58,0.4,0.5,0,0.46,0.27,0
199,0.51,0.5,0.49,0.45,0.5,0,0.48,0.22,0
200,0.55,0.41,0.67,0.61,0.5,0,0.49,0.14,0
201,0.28,0.18,0.72,0.26,0.5,0,0.49,0.25,0
202,0.61,0.54,0.54,0.38,0.5,0,0.54,0.29,0
203,0.53,0.45,0.52,0.29,0.5,0,0.55,0.38,0
204,0.61,0.73,0.5,0.58,0.5,0,0.5,0.22,0
205,0.66,0.37,0.6,0.25,0.5,0,0.69,0.22,0
206,0.51,0.39,0.56,0.55,0.5,0,0.46,0.64,0
207,0.45,0.39,0.46,0.29,0.5,0,0.42,0.22,0
208,0.59,0.56,0.5,0.48,0.5,0,0.46,0.22,0
209,0.56,0.71,0.47,0.21,0.5,0,0.52,0.22,0
210,0.58,0.63,0.52,0.7,0.5,0,0.46,0.22,0
211,0.47,0.41,0.53,0.27,0.5,0,0.47,0.25,0
212,0.51,0.59,0.46,0.13,0.5,0,0.48,0.22,0
213,0.58,0.67,0.49,0.16,0.5,0,0.47,0.28,0
214,0.5,0.61,0.44,0.2,0.5,0,0.49,0.22,0
215,0.46,0.62,0.46,0.54,0.5,0,0.51,0.27,0
216,0.52,0.53,0.58,0.69,0.5,0,0.5,0.22,0
217,0.39,0.58,0.47,0.18,0.5,0,0.48,0.22,0
218,0.38,0.47,0.47,0.18,0.5,0,0.44,0.26,0
219,0.63,0.57,0.5,0.48,0.5,0,0.51,0.22,0
220,0.72,0.61,0.45,0.3,0.5,0,0.54,0.25,0
221,0.63,0.57,0.59,0.4,0.5,0,0.38,0.22,0
222,0.43,0.57,0.51,0.49,0.5,0,0.48,0.22,0
223,0.59,0.6,0.49,0.43,0.5,0,0.53,0.31,0
224,0.52,0.56,0.54,0.53,0.5,0,0.45,0.22,0
225,0.42,0.31,0.62,0.12,0.5,0,0.4,0.22,0
226,0.57,0.61,0.55,0.67,0.5,0,0.48,0.22,0
227,0.48,0.48,0.5,0.47,0.5,0,0.55,0.22,0
228,0.4,0.52,0.53,0.52,0.5,0,0.51,0.22,0
229,0.53,0.42,0.58,0.29,0.5,0,0.5,0.22,0
230,0.57,0.58,0.58,0.35,0.5,0,0.49,0.22,0
231,0.5,0.56,0.49,0.61,0.5,0,0.5,0.22,0
232,0.6,0.51,0.52,0.45,0.5,0,0.5,0.27,0
233,0.37,0.51,0.57,0.4,0.5,0,0.48,0.27,0
234,0.75,0.67,0.51,0.29,0.5,0,0.52,0.36,0
235,0.75,0.66,0.64,0.39,0.5,0,0.46,0.32,0
236,0.49,0.52,0.53,0.7,0.5,0,0.51,0.22,0
237,0.45,0.53,0.47,0.43,0.5,0,0.5,0.27,0
238,0.42,0.65,0.58,0.34,0.5,0,0.5,0.22,0
239,0.45,0.53,0.51,0.42,0.5,0,0.52,0.22,0
240,0.41,0.41,0.43,0.61,0.5,0,0.53,0.22,0
241,0.47,0.53,0.48,0.51,0.5,0,0.54,0.22,0
242,0.23,0.37,0.32,0.13,0.5,0,0.53,0.22,0
243,0.46,0.61,0.55,0.29,0.5,0,0.49,0.22,0
244,0.51,0.45,0.62,0.25,0.5,0,0.59,0.22,0
245,0.51,0.4,0.56,0.17,0.5,0.5,0.49,0.22,0
246,0.4,0.39,0.6,0.15,0.5,0,0.58,0.3,0
247,0.4,0.42,0.57,0.35,0.5,0,0.53,0.25,0
248,0.46,0.44,0.52,0.11,0.5,0,0.5,0.22,0
249,0.47,0.39,0.5,0.11,0.5,0,0.49,0.4,0
250,0.45,0.4,0.5,0.16,0.5,0,0.5,0.22,0
251,0.43,0.44,0.48,0.22,0.5,0,0.51,0.22,0
252,0.73,0.63,0.42,0.3,0.5,0,0.49,0.22,0
253,0.43,0.53,0.52,0.13,0.5,0,0.55,0.22,0
254,0.46,0.53,0.52,0.15,0.5,0,0.58,0.22,0
255,0.57,0.47,0.6,0.18,0.5,0,0.51,0.22,0
256,0.38,0.61,0.61,0.12,0.5,0,0.53,0.47,0
257,0.4,0.45,0.57,0.18,0.5,0,0.56,0.26,0
258,0.48,0.39,0.51,0.21,0.5,0,0.52,0.28,0
259,0.64,0.59,0.56,0.23,0.5,0,0.46,0.22,0
260,0.64,0.56,0.56,0.22,0.5,0,0.45,0.22,0
261,0.66,0.62,0.49,0.1,0.5,0,0.49,0.22,0
262,0.53,0.44,0.51,0.33,0.5,0,0.55,0.22,0
263,0.38,0.49,0.53,0.19,0.5,0,0.5,0.22,0
264,0.54,0.48,0.44,0.08,0.5,0,0.52,0.27,0
265,0.6,0.47,0.45,0.22,0.5,0,0.51,0.29,0
266,0.34,0.46,0.57,0.09,0.5,0,0.55,0.22,0
267,0.48,0.54,0.55,0.12,0.5,0,0.51,0.22,0
268,0.47,0.39,0.59,0.15,0.5,0,0.57,0.22,0
269,0.42,0.47,0.52,0.41,0.5,0,0.53,0.32,0
270,0.4,0.45,0.56,0.2,0.5,0,0.45,0.22,0
271,0.49,0.61,0.49,0.25,0.5,0,0.5,0.28,0
272,0.64,0.57,0.57,0.27,0.5,0,0.37,0.22,0
273,0.47,0.52,0.5,0.4,0.5,0,0.41,0.22,0
274,0.47,0.39,0.55,0.24,0.5,0,0.47,0.22,0
275,0.3,0.56,0.55,0.18,0.5,0,0.5,0.22,0
276,0.65,0.65,0.52,0.16,0.5,0,0.6,0.22,0
277,0.5,0.64,0.57,0.15,0.5,0,0.47,0.22,0
278,0.4,0.62,0.52,0.31,0.5,0,0.49,0.31,0
279,0.6,0.5,0.57,0.25,0.5,0,0.41,0.26,0
280,0.34,0.54,0.5,0.21,0.5,0,0.54,0.31,0
281,0.29,0.32,0.58,0.15,0.5,0,0.5,0.3,0
282,0.39,0.47,0.56,0.16,0.5,0,0.47,0.22,0
283,0.43,0.57,0.53,0.16,0.5,0,0.54,0.22,0
284,0.59,0.48,0.5,0.14,0.5,0,0.45,0.25,0
285,0.39,0.55,0.48,0.31,0.5,0,0.54,0.29,0
286,0.44,0.39,0.53,0.14,0.5,0,0.54,0.44,0
287,0.45,0.43,0.51,0.24,0.5,0,0.54,0.33,0
288,0.42,0.43,0.56,0.1,0.5,0,0.49,0.22,0
289,0.4,0.42,0.71,0.21,0.5,0,0.54,0.32,0
290,0.4,0.42,0.71,0.21,0.5,0,0.54,0.32,0
291,0.54,0.49,0.49,0.2,0.5,0,0.52,0.22,0
292,0.66,0.45,0.5,0.23,0.5,0,0.49,0.22,0
293,0.21,0.41,0.55,0.11,0.5,0,0.5,0.27,0
294,0.39,0.4,0.53,0.67,0.5,0,0.47,0.22,0
295,0.24,0.34,0.69,0.18,0.5,0,0.52,0.22,0
296,0.49,0.43,0.51,0.13,0.5,0,0.47,0.22,0
297,0.54,0.38,0.52,0.18,0.5,0,0.48,0.22,0
298,0.43,0.57,0.53,0.53,0.5,0,0.53,0.25,0
299,0.48,0.64,0.61,0.23,0.5,0,0.6,0.22,0
300,0.31,0.55,0.52,0.17,0.5,0,0.52,0.22,0
301,0.32,0.57,0.5,0.15,0.5,0,0.53,0.22,0
302,0.32,0.42,0.52,0.24,0.5,0,0.6,0.22,0
303,0.59,0.5,0.52,0.28,0.5,0,0.55,0.25,0
304,0.37,0.42,0.51,0.11,0.5,0,0.57,0.22,0
305,0.44,0.42,0.6,0.21,0.5,0,0.57,0.22,0
306,0.53,0.51,0.46,0.28,0.5,0,0.48,0.22,0
307,0.35,0.66,0.49,0.21,0.5,0,0.54,0.25,0
308,0.52,0.4,0.6,0.12,0.5,0,0.55,0.22,0
309,0.57,0.41,0.59,0.24,0.5,0,0.4,0.22,0
310,0.56,0.41,0.58,0.21,0.5,0,0.42,0.22,0
311,0.41,0.51,0.58,0.15,0.5,0,0.45,0.27,0
312,0.38,0.51,0.75,0.17,0.5,0,0.55,0.22,0
313,0.38,0.51,0.75,0.17,0.5,0,0.55,0.22,0
314,0.45,0.27,0.57,0.36,0.5,0,0.52,0.18,0
315,0.2,0.26,0.52,0.14,0.5,0,0.53,0.44,0
316,0.51,0.53,0.55,0.14,0.5,0,0.51,0.22,0
317,0.38,0.48,0.59,0.22,0.5,0,0.46,0.22,0
318,0.46,0.35,0.53,0.16,0.5,0,0.51,0.29,0
319,0.56,0.52,0.55,0.19,0.5,0,0.54,0.22,0
320,0.52,0.54,0.5,0.21,0.5,0,0.48,0.3,0
321,0.55,0.46,0.53,0.11,0.5,0,0.52,0.48,0
322,0.45,0.56,0.54,0.32,0.5,0,0.57,0.22,0
323,0.45,0.56,0.53,0.32,0.5,0,0.57,0.22,0
324,0.54,0.65,0.49,0.34,0.5,0,0.52,0.22,0
325,0.59,0.58,0.46,0.19,0.5,0,0.56,0.27,0
326,0.55,0.56,0.45,0.14,0.5,0,0.54,0.22,0
327,0.32,0.47,0.55,0.12,0.5,0,0.52,0.22,0
328,0.35,0.46,0.49,0.15,1,0,0.55,0.35,0
329,0.43,0.51,0.48,0.14,0.5,0,0.5,0.22,0
330,0.57,0.61,0.45,0.26,0.5,0,0.5,0.22,0
331,0.63,0.62,0.42,0.12,0.5,0,0.52,0.25,0
332,0.25,0.4,0.51,0.18,0.5,0,0.5,0.27,0
333,0.56,0.62,0.53,0.24,0.5,0,0.57,0.22,0
334,0.58,0.6,0.51,0.24,0.5,0,0.53,0.22,0
335,0.71,0.59,0.53,0.15,0.5,0,0.49,0.33,0
336,0.35,0.36,0.57,0.17,0.5,0,0.52,0.22,0
337,0.45,0.4,0.56,0.14,0.5,0,0.54,0.22,0
338,0.47,0.47,0.58,0.16,0.5,0,0.49,0.28,0
339,0.41,0.39,0.51,0.52,0.5,0,0.49,0.22,0
340,0.69,0.6,0.5,0.31,0.5,0,0.55,0.22,0
341,0.51,0.58,0.54,0.29,0.5,0,0.53,0.22,0
342,0.55,0.66,0.57,0.32,0.5,0,0.57,0.34,0
343,0.62,0.58,0.52,0.15,0.5,0,0.52,0.29,0
344,0.5,0.5,0.48,0.17,0.5,0,0.47,0.26,0
345,0.45,0.42,0.52,0.2,0.5,0,0.5,0.25,0
346,0.51,0.35,0.46,0.15,0.5,0,0.51,0.42,0
347,0.42,0.39,0.47,0.13,0.5,0,0.5,0.27,0
348,0.32,0.38,0.52,0.2,0.5,0,0.52,0.28,0
349,0.59,0.65,0.52,0.3,0.5,0,0.46,0.31,0
350,0.37,0.33,0.5,0.12,0.5,0,0.51,0.54,0
351,0.45,0.56,0.49,0.17,0.5,0,0.52,0.22,0
352,0.6,0.4,0.59,0.18,0.5,0,0.48,0.22,0
353,0.38,0.47,0.53,0.12,0.5,0,0.48,0.22,0
354,0.59,0.43,0.52,0.19,0.5,0,0.55,0.27,0
355,0.64,0.53,0.45,0.13,0.5,0,0.53,0.22,0
356,0.52,0.51,0.51,0.12,0.5,0,0.51,0.4,0
357,0.49,0.43,0.48,0.15,0.5,0,0.55,0.25,0
358,0.49,0.47,0.52,0.16,0.5,0,0.53,0.28,0
359,0.48,0.39,0.49,0.18,0.5,0,0.51,0.22,0
360,0.49,0.42,0.54,0.17,0.5,0,0.5,0.36,0
361,0.74,0.53,0.5,0.08,0.5,0,0.55,0.31,0
362,0.3,0.5,0.47,0.11,0.5,0,0.46,0.22,0
363,0.44,0.51,0.48,0.38,0.5,0,0.52,0.22,0
364,0.55,0.41,0.56,0.21,0.5,0,0.52,0.22,0
365,0.4,0.48,0.5,0.17,0.5,0,0.54,0.5,0
366,0.58,0.45,0.48,0.24,0.5,0,0.52,0.37,0
367,0.58,0.41,0.51,0.26,0.5,0,0.51,0.37,0
368,0.21,0.38,0.49,0.16,0.5,0,0.51,0.45,0
369,0.48,0.34,0.47,0.14,0.5,0,0.47,0.26,0
370,0.35,0.4,0.53,0.18,0.5,0,0.42,0.38,0
371,0.53,0.43,0.47,0.15,0.5,0,0.58,0.22,0
372,0.46,0.45,0.56,0.16,0.5,0,0.56,0.22,0
373,0.61,0.54,0.49,0.16,0.5,0,0.54,0.42,0
374,0.44,0.41,0.58,0.2,0.5,0,0.57,0.25,0
375,0.61,0.54,0.49,0.19,0.5,0,0.54,0.47,0
376,0.41,0.3,0.49,0.28,0.5,0,0.54,0.22,0
377,0.41,0.43,0.5,0.28,0.5,0,0.5,0.22,0
378,0.51,0.43,0.63,0.18,0.5,0,0.52,0.22,0
379,0.5,0.46,0.52,0.16,0.5,0,0.52,0.26,0
380,0.51,0.34,0.43,0.18,0.5,0,0.48,0.25,0
381,0.43,0.51,0.6,0.25,0.5,0,0.55,0.22,0
382,0.42,0.25,0.6,0.14,0.5,0,0.45,0.22,0
383,0.38,0.49,0.54,1,0.5,0,0.5,0.27,0
384,0.27,0.56,0.56,0.18,0.5,0,0.52,0.22,0
385,0.43,0.45,0.54,0.14,0.5,0,0.5,0.31,0
386,0.51,0.43,0.47,0.19,0.5,0,0.52,0.37,0
387,0.54,0.54,0.49,0.14,0.5,0,0.56,0.22,0
388,0.5,0.45,0.48,0.17,0.5,0,0.5,0.26,0
389,0.46,0.47,0.46,0.16,0.5,0,0.51,0.22,0
390,0.39,0.37,0.56,0.15,0.5,0,0.5,0.27,0
391,0.48,0.51,0.57,0.24,0.5,0,0.5,0.22,0
392,0.62,0.6,0.47,0.16,0.5,0,0.53,0.22,0
393,0.49,0.44,0.45,0.22,0.5,0,0.51,0.22,0
394,0.57,0.44,0.42,0.2,0.5,0,0.54,0.22,0
395,0.4,0.47,0.48,0.18,0.5,0,0.46,0.22,0
396,0.34,0.54,0.54,0.13,0.5,0,0.52,0.22,0
397,0.29,0.46,0.54,0.27,0.5,0,0.49,0.22,0
398,0.46,0.55,0.61,0.13,0.5,0,0.47,0.22,0
399,0.57,0.4,0.48,0.24,0.5,0,0.55,0.22,0
400,0.58,0.38,0.4,0.21,0.5,0,0.5,0.22,0
401,0.53,0.41,0.5,0.24,1,0,0.47,0.22,0
402,0.43,0.4,0.5,0.18,0.5,0,0.5,0.28,0
403,0.49,0.6,0.55,0.17,0.5,0,0.44,0.22,0
404,0.37,0.41,0.45,0.14,0.5,0,0.47,0.22,0
405,0.5,0.36,0.53,0.41,0.5,0,0.55,0.36,0
406,0.59,0.58,0.39,0.52,0.5,0,0.5,0.31,0
407,0.47,0.5,0.55,0.19,0.5,0,0.62,0.22,0
408,0.35,0.5,0.44,0.27,0.5,0,0.51,0.22,0
409,0.49,0.44,0.51,0.18,0.5,0,0.52,0.27,0
410,0.29,0.34,0.55,0.24,0.5,0,0.51,0.22,0
411,0.28,0.48,0.56,0.16,0.5,0,0.48,0.26,0
412,0.69,0.39,0.52,0.12,0.5,0,0.38,0.35,0
413,0.56,0.48,0.5,0.3,0.5,0,0.51,0.22,0
414,0.45,0.46,0.61,0.2,0.5,0,0.62,0.22,0
415,0.49,0.45,0.53,0.16,0.5,0,0.49,0.31,0
416,0.51,0.46,0.57,0.25,0.5,0,0.53,0.22,0
417,0.49,0.45,0.46,0.18,0.5,0,0.49,0.31,0
418,0.52,0.46,0.51,0.18,0.5,0,0.5,0.22,0
419,0.55,0.59,0.52,0.1,0.5,0,0.53,0.22,0
420,0.39,0.58,0.5,0.1,0.5,0,0.51,0.25,0
421,0.57,0.49,0.5,0.2,0.5,0,0.51,0.28,0
422,0.62,0.43,0.49,0.29,0.5,0,0.5,0.27,0
423,0.45,0.41,0.49,0.14,1,0,0.53,0.3,0
424,0.47,0.49,0.6,0.15,0.5,0,0.38,0.22,0
425,0.46,0.46,0.53,0.23,0.5,0,0.51,0.22,0
426,0.48,0.42,0.48,0.19,0.5,0,0.58,0.22,0
427,0.43,0.45,0.53,0.19,0.5,0,0.56,0.22,0
428,0.28,0.36,0.55,0.15,0.5,0,0.57,0.22,0
429,0.45,0.47,0.53,0.15,0.5,0,0.52,0.27,0
430,0.55,0.63,0.54,0.16,0.5,0,0.45,0.27,0
431,0.46,0.62,0.54,0.25,0.5,0,0.46,0.22,0
432,0.53,0.59,0.48,0.14,0.5,0,0.51,0.22,0
433,0.42,0.53,0.57,0.17,0.5,0,0.49,0.22,0
434,0.52,0.46,0.56,0.2,0.5,0,0.5,0.22,0
435,0.56,0.48,0.5,0.17,0.5,0,0.51,0.26,0
436,0.77,0.57,0.45,0.17,0.5,0,0.53,0.22,0
437,0.45,0.45,0.52,0.17,0.5,0,0.54,0.22,0
438,0.28,0.51,0.55,0.19,0.5,0,0.57,0.22,0
439,0.51,0.51,0.56,0.28,0.5,0,0.54,0.27,0
440,0.48,0.56,0.49,0.32,0.5,0,0.5,0.22,0
441,0.59,0.46,0.48,0.46,0.5,0,0.49,0.22,0
442,0.53,0.45,0.53,0.18,0.5,0,0.42,0.22,0
443,0.45,0.27,0.5,0.33,0.5,0,0.53,0.26,0
444,0.48,0.5,0.56,0.11,0.5,0,0.33,0.22,0
445,0.35,0.47,0.53,0.19,0.5,0,0.48,0.22,0
446,0.46,0.43,0.5,0.24,0.5,0,0.48,0.31,0
447,0.43,0.46,0.5,0.21,0.5,0,0.49,0.34,0
448,0.61,0.55,0.51,0.26,0.5,0,0.52,0.22,0
449,0.59,0.47,0.51,0.53,0.5,0,0.53,0.26,0
450,0.4,0.6,0.5,0.16,0.5,0,0.51,0.22,0
451,0.64,0.44,0.51,0.35,0.5,0,0.53,0.22,0
452,0.45,0.52,0.5,0.12,0.5,0,0.6,0.22,0
453,0.38,0.4,0.59,0.25,0.5,0,0.44,0.22,0
454,0.39,0.39,0.59,0.25,0.5,0,0.45,0.22,0
455,0.54,0.55,0.56,0.14,0.5,0,0.5,0.25,0
456,0.45,0.5,0.57,0.29,0.5,0,0.44,0.11,0
457,0.61,0.38,0.57,0.36,0.5,0,0.44,0.21,0
458,0.61,0.38,0.57,0.36,0.5,0,0.44,0.21,0
459,0.43,0.33,0.54,0.37,0.5,0,0.38,0.16,0
460,0.43,0.33,0.54,0.37,0.5,0,0.38,0.16,0
461,0.51,0.39,0.58,0.19,0.5,0,0.47,0.22,0
462,0.35,0.33,0.48,0.42,0.5,0,0.47,0.43,0
463,0.46,0.35,0.69,0.18,0.5,0,0.3,0.25,0
464,0.46,0.35,0.69,0.18,0.5,0,0.3,0.25,0
465,0.57,0.43,0.52,0.3,0.5,0,0.37,0.11,0
466,0.57,0.43,0.52,0.3,0.5,0,0.37,0.11,0
467,0.59,0.51,0.48,0.12,0.5,0,0.54,0.31,0
468,0.59,0.51,0.48,0.12,0.5,0,0.54,0.31,0
469,0.61,0.48,0.56,0.19,0.5,0,0.53,0.31,0
470,0.61,0.48,0.56,0.19,0.5,0,0.53,0.31,0
471,0.44,0.56,0.52,0.18,0.5,0,0.5,0.11,0
472,0.36,0.56,0.52,0.18,0.5,0,0.45,0.16,0
473,0.37,0.44,0.64,0.48,0.5,0,0.36,0.27,0
474,0.72,0.37,0.63,0.38,0.5,0,0.4,0.14,0
475,0.72,0.37,0.63,0.38,0.5,0,0.4,0.14,0
476,0.44,0.36,0.64,0.45,0.5,0,0.53,0.11,0
477,0.58,0.45,0.55,0.27,0.5,0,0.48,0.11,0
478,0.63,0.64,0.45,0.26,0.5,0,0.43,0.22,0
479,0.63,0.64,0.45,0.26,0.5,0,0.43,0.22,0
480,0.43,0.33,0.67,0.12,0.5,0,0.45,0.23,0
481,0.43,0.33,0.67,0.12,0.5,0,0.43,0.23,0
482,0.58,0.44,0.5,0.26,0.5,0,0.52,0.22,0
483,0.38,0.43,0.53,0.22,0.5,0,0.48,0.11,0
484,0.4,0.45,0.61,0.29,0.5,0,0.44,0.22,0
485,0.4,0.45,0.61,0.29,0.5,0,0.44,0.22,0
486,0.34,0.34,0.65,0.4,0.5,0,0.32,0.16,0
487,0.43,0.22,0.79,0.79,0.5,0,0.22,0,0
488,0.35,0.21,1,0.8,0.5,0,0.13,0.01,0
489,0.35,0.21,1,0.8,0.5,0,0.13,0.01,0
490,0.56,0.35,0.47,0.41,0.5,0,0.5,0.22,0
491,0.56,0.35,0.47,0.35,0.5,0,0.52,0.22,0
492,0.54,0.44,0.55,0.48,0.5,0,0.47,0.22,0
493,0.35,0.39,0.56,0.2,0.5,0,0.49,0.41,0
494,0.48,0.46,0.58,0.16,0.5,0,0.45,0.22,0
495,0.48,0.55,0.48,0.1,0.5,0,0.55,0.22,0
496,0.69,0.54,0.55,0.23,0.5,0,0.73,0.22,0
497,0.73,0.6,0.47,0.2,0.5,0,0.72,0.22,0
498,0.78,0.82,0.56,0.21,0.5,0,0.69,0.22,0
499,0.46,0.33,0.45,0.22,0.5,0,0.41,0.37,0
500,0.52,0.43,0.61,0.22,0.5,0,0.45,0.22,0
501,0.52,0.43,0.61,0.22,0.5,0,0.45,0.22,0
502,0.32,0.44,0.54,0.21,0.5,0,0.4,0.19,0
503,0.32,0.44,0.54,0.21,0.5,0,0.4,0.19,0
504,0.48,0.41,0.52,0.33,0.5,0,0.51,0.26,0
505,0.46,0.39,0.54,0.22,0.5,0,0.48,0.25,0
506,0.46,0.39,0.54,0.22,0.5,0,0.48,0.25,0
507,0.42,0.5,0.64,0.13,0.5,0,0.49,0.22,0
508,0.46,0.54,0.59,0.41,0.5,0,0.53,0.21,0
509,0.46,0.54,0.59,0.41,0.5,0,0.53,0.21,0
510,0.38,0.5,0.52,0.44,0.5,0,0.54,0.11,0
511,0.38,0.5,0.52,0.44,0.5,0,0.54,0.11,0
512,0.51,0.52,0.58,0.17,0.5,0,0.47,0.28,0
513,0.5,0.5,0.62,0.23,0.5,0,0.35,0.11,0
514,0.53,0.57,0.6,0.36,0.5,0,0.5,0.22,0
515,0.53,0.57,0.6,0.36,0.5,0,0.5,0.22,0
516,0.37,0.3,0.62,0.43,0.5,0,0.44,0.39,0
517,0.37,0.3,0.62,0.43,0.5,0,0.44,0.39,0
518,0.49,0.4,0.58,0.23,0.5,0,0.47,0.27,0
519,0.37,0.37,0.51,0.38,0.5,0,0.44,0.22,0
520,0.51,0.4,0.5,0.28,0.5,0,0.48,0.27,0
521,0.34,0.25,0.55,0.28,0.5,0,0.51,0.49,0
522,0.59,0.54,0.53,0.14,0.5,0,0.48,0.22,0
523,0.5,0.48,0.48,0.23,0.5,0,0.53,0.68,0
524,0.56,0.42,0.52,0.14,0.5,0,0.51,0.22,0
525,0.46,0.42,0.51,0.16,0.5,0,0.56,0.22,0
526,0.6,0.51,0.49,0.18,0.5,0,0.53,0.38,0
527,0.49,0.38,0.56,0.09,0.5,0,0.46,0.22,0
528,0.38,0.4,0.53,0.12,0.5,0,0.55,0.22,0
529,0.55,0.55,0.52,0.13,0.5,0,0.53,0.25,0
530,0.46,0.44,0.58,0.17,0.5,0,0.55,0.22,0
531,0.34,0.46,0.52,0.19,0.5,0,0.53,0.26,0
532,0.58,0.56,0.46,0.14,0.5,0,0.51,0.22,0
533,0.44,0.71,0.5,0.21,0.5,0,0.54,0.27,0
534,0.41,0.49,0.47,0.09,0.5,0,0.49,0.22,0
535,0.44,0.51,0.53,0.3,0.5,0,0.53,0.22,0
536,0.54,0.51,0.56,0.15,0.5,0,0.54,0.31,0
537,0.46,0.38,0.51,0.2,0.5,0,0.51,0.22,0
538,0.41,0.4,0.56,0.17,0.5,0,0.56,0.22,0
539,0.59,0.55,0.57,0.18,0.5,0,0.51,0.22,0
540,0.48,0.51,0.5,0.24,0.5,0,0.54,0.38,0
541,0.39,0.3,0.63,0.2,0.5,0,0.43,0.47,0
542,0.53,0.49,0.47,0.21,0.5,0,0.53,0.22,0
543,0.42,0.43,0.67,0.7,0.5,0,0.42,0.25,0
544,0.56,0.55,0.57,0.15,0.5,0,0.54,0.25,0
545,0.37,0.55,0.52,0.13,0.5,0,0.42,0.8,0
546,0.54,0.5,0.51,0.26,0.5,0,0.52,0.22,0
547,0.6,0.64,0.56,0.36,0.5,0,0.46,0.27,0
548,0.39,0.45,0.51,0.29,0.5,0,0.54,0.22,0
549,0.43,0.47,0.47,0.18,0.5,0,0.47,0.22,0
550,0.52,0.47,0.58,0.18,0.5,0,0.34,0.11,0
551,0.52,0.47,0.58,0.18,0.5,0,0.34,0.11,0
552,0.5,0.45,0.51,0.19,0.5,0,0.53,0.25,0
553,0.61,0.5,0.61,0.21,0.5,0,0.55,0.54,0
554,0.5,0.52,0.51,0.22,0.5,0,0.46,0.37,0
555,0.62,0.33,0.49,0.24,0.5,0,0.51,0.42,0
556,0.56,0.52,0.46,0.17,0.5,0,0.49,0.73,0
557,0.52,0.56,0.55,0.16,0.5,0,0.53,0.39,0
558,0.53,0.48,0.51,0.18,0.5,0,0.52,0.27,0
559,0.51,0.48,0.51,0.19,0.5,0,0.51,0.27,0
560,0.51,0.48,0.51,0.26,0.5,0,0.51,0.27,0
561,0.53,0.48,0.51,0.18,0.5,0,0.51,0.27,0
562,0.6,0.46,0.51,0.1,0.5,0,0.48,0.31,0
563,0.6,0.46,0.51,0.1,0.5,0,0.48,0.31,0
564,0.36,0.37,0.63,0.25,0.5,0,0.3,0.22,0
565,0.3,0.45,0.55,0.19,0.5,0,0.53,0.4,0
566,0.44,0.4,0.53,0.19,0.5,0,0.48,0.27,0
567,0.33,0.37,0.49,0.22,0.5,0,0.55,0.22,0
568,0.39,0.39,0.65,0.16,0.5,0,0.45,0.22,0
569,0.51,0.59,0.55,0.21,0.5,0,0.52,0.22,0
570,0.41,0.35,0.6,0.22,0.5,0,0.56,0.79,0
571,0.41,0.49,0.55,0.13,0.5,0,0.55,0.22,0
572,0.23,0.29,0.46,0,0.5,0,0.43,0.31,0
573,0.38,0.34,0.55,0.44,0.5,0,0.48,0.26,0
574,0.63,0.64,0.49,0.2,0.5,0,0.52,0.25,0
575,0.48,0.44,0.46,0.37,0.5,0,0.46,0.36,0
576,0.5,0.49,0.46,0.22,0.5,0,0.53,0.25,0
577,0.62,0.42,0.47,0.16,0.5,0,0.52,0.22,0
578,0.5,0.45,0.52,0.18,0.5,0,0.52,0.22,0
579,0.59,0.51,0.47,0.21,0.5,0,0.47,0.22,0
580,0.39,0.47,0.49,0.2,0.5,0,0.53,0.26,0
581,0.49,0.48,0.52,0.24,0.5,0,0.5,0.22,0
582,0.59,0.48,0.49,0.42,0.5,0,0.52,0.22,0
583,0.57,0.35,0.5,0.43,0.5,0,0.53,0.22,0
584,0.61,0.52,0.5,0.44,0.5,0,0.53,0.22,0
585,0.63,0.43,0.48,0.11,0.5,0,0.51,0.22,0
586,0.63,0.43,0.48,0.11,0.5,0,0.51,0.22,0
587,0.52,0.45,0.53,0.34,0.5,0,0.52,0.44,0
588,0.54,0.48,0.55,0.33,0.5,0,0.55,0.4,0
589,0.42,0.5,0.59,0.17,0.5,0,0.51,0.22,0
590,0.54,0.55,0.55,0.4,0.5,0,0.53,0.22,0
591,0.31,0.31,0.57,0.15,0.5,0,0.5,0.22,0
592,0.38,0.42,0.5,0.19,0.5,0,0.44,0.22,0
593,0.33,0.36,0.62,0.26,0.5,0,0.55,0.22,0
594,0.38,0.42,0.5,0.19,0.5,0,0.44,0.22,0
595,0.47,0.56,0.58,0.19,0.5,0,0.44,0.64,0
596,0.32,0.32,0.52,0.18,0.5,0,0.48,0.34,0
597,0.28,0.27,0.5,0.14,0.5,0,0.5,0.28,0
598,0.41,0.46,0.57,0.25,0.5,0,0.57,0.38,0
599,0.44,0.54,0.51,0.16,0.5,0,0.58,0.22,0
600,0.44,0.55,0.51,0.16,0.5,0,0.6,0.22,0
601,0.4,0.56,0.53,0.15,0.5,0,0.49,0.22,0
602,0.58,0.55,0.51,0.13,0.5,0,0.52,0.22,0
603,0.55,0.69,0.51,0.12,0.5,0,0.51,0.22,0
604,0.44,0.49,0.49,0.27,0.5,0,0.52,0.22,0
605,0.25,0.26,0.53,0.17,0.5,0,0.45,0.22,0
606,0.49,0.46,0.54,0.18,0.5,0,0.35,0.22,0
607,0.42,0.37,0.54,0.17,0.5,0,0.51,0.22,0
608,0.42,0.45,0.75,0.21,0.5,0,0.48,0.22,0
609,0.39,0.45,0.75,0.17,0.5,0,0.51,0.22,0
610,0.63,0.54,0.53,0.27,0.5,0,0.49,0.22,0
611,0.4,0.44,0.5,0.13,0.5,0,0.52,0.39,0
612,0.62,0.6,0.54,0.22,0.5,0,0.54,0.27,0
613,0.33,0.46,0.53,0.12,0.5,0,0.5,0.27,0
614,0.57,0.36,0.51,0.25,0.5,0,0.54,0.25,0
615,0.45,0.76,0.51,0.25,0.5,0,0.59,0.22,0
616,0.48,0.44,0.51,0.24,0.5,0,0.49,0.22,0
617,0.59,0.64,0.44,0.26,0.5,0,0.5,0.22,0
618,0.79,0.56,0.53,0.19,0.5,0,0.47,0.35,0
619,0.52,0.5,0.6,0.2,0.5,0,0.52,0.22,0
620,0.59,0.46,0.57,0.17,0.5,0,0.52,0.22,0
621,0.53,0.42,0.53,0.19,0.5,0,0.47,0.22,0
622,0.59,0.46,0.55,0.17,0.5,0,0.52,0.25,0
623,0.52,0.51,0.48,0.12,0.5,0,0.54,0.31,0
624,0.47,0.46,0.49,0.27,0.5,0,0.59,0.22,0
625,0.5,0.46,0.49,0.27,0.5,0,0.6,0.22,0
626,0.5,0.44,0.57,0.28,0.5,0,0.57,0.22,0
627,0.46,0.47,0.62,0.3,0.5,0,0.38,0.22,0
628,0.59,0.7,0.46,0.19,0.5,0,0.54,0.44,0
629,0.19,0.41,0.55,0.13,0.5,0,0.52,0.25,0
630,0.27,0.43,0.5,0.13,0.5,0,0.54,0.31,0
631,0.42,0.46,0.44,0.17,0.5,0,0.51,0.42,0
632,0.48,0.39,0.56,0.23,0.5,0,0.6,0.22,0
633,0.47,0.59,0.56,0.09,0.5,0,0.5,0.22,0
634,0.4,0.28,0.58,0.44,0.5,0,0.41,0.22,0
635,0.54,0.35,0.55,0.19,0.5,0,0.3,0.22,0
636,0.51,0.49,0.48,0.55,0.5,0,0.52,0.58,0
637,0.5,0.55,0.52,0.16,0.5,0,0.51,0.31,0
638,0.65,0.63,0.47,0.22,0.5,0,0.52,0.27,0
639,0.41,0.48,0.51,0.2,0.5,0,0.51,0.22,0
640,0.25,0.4,0.54,0.16,0.5,0,0.43,0.22,0
641,0.63,0.56,0.52,0.21,0.5,0,0.5,0.22,0
642,0.56,0.68,0.42,0.36,0.5,0,0.49,0.22,0
643,0.46,0.52,0.51,0.13,0.5,0,0.47,0.22,0
644,0.5,0.4,0.57,0.17,0.5,0,0.59,0.22,0
645,0.53,0.52,0.49,0.27,0.5,0,0.51,0.22,0
646,0.5,0.47,0.56,0.31,0.5,0,0.56,0.26,0
647,0.24,0.25,0.57,0.28,0.5,0,0.51,0.11,0
648,0.59,0.48,0.49,0.49,0.5,0,0.36,0.32,0
649,0.64,0.44,0.56,0.15,0.5,0,0.56,0.22,0
650,0.48,0.58,0.47,0.17,0.5,0,0.53,0.74,0
651,0.47,0.5,0.6,0.63,0.5,0,0.38,0.16,0
652,0.47,0.38,0.58,0.19,0.5,0,0.57,0.22,0
653,0.41,0.45,0.46,0.23,0.5,0,0.5,0.7,0
654,0.38,0.48,0.57,0.3,0.5,0,0.41,0.11,0
655,0.6,0.61,0.54,0.11,0.5,0,0.46,0.22,0
656,0.48,0.61,0.57,0.17,0.5,0,0.45,0.22,0
657,0.71,0.5,0.5,0.18,0.5,0,0.46,0.22,0
658,0.61,0.48,0.54,0.25,0.5,0,0.5,0.22,0
659,0.38,0.32,0.64,0.41,0.5,0,0.44,0.11,0
660,0.38,0.4,0.66,0.35,0.5,0,0.43,0.11,0
661,0.65,0.54,0.54,0.13,0.5,0,0.53,0.22,0
662,0.59,0.45,0.53,0.19,0.5,0,0.59,0.27,0
663,0.56,0.48,0.58,0.27,0.5,0,0.51,0.22,0
664,0.48,0.42,0.52,0.24,0.5,0,0.56,0.22,0
665,0.58,0.51,0.49,0.27,0.5,0,0.57,0.29,0
666,0.36,0.46,0.62,0.46,0.5,0,0.51,0.33,0
667,0.42,0.35,0.54,0.18,0.5,0,0.56,0.22,0
668,0.27,0.6,0.48,0.23,0.5,0,0.55,0.22,0
669,0.41,0.4,0.59,0.47,0.5,0,0.48,0.43,0
670,0.48,0.61,0.44,0.2,0.5,0,0.47,0.22,0
671,0.8,0.46,0.5,0.15,0.5,0,0.53,0.22,0
672,0.39,0.45,0.53,0.18,0.5,0,0.54,0.22,0
673,0.62,0.58,0.46,0.13,0.5,0,0.53,0.22,0
674,0.48,0.35,0.42,0.21,0.5,0,0.57,0.22,0
675,0.41,0.52,0.41,0.11,0.5,0,0.54,0.35,0
676,0.44,0.34,0.55,0.18,0.5,0,0.52,0.22,0
677,0.31,0.45,0.5,0.17,0.5,0,0.49,0.22,0
678,0.38,0.49,0.61,0.13,0.5,0,0.54,0.22,0
679,0.56,0.44,0.56,0.19,0.5,0,0.54,0.22,0
680,0.66,0.62,0.52,0.17,0.5,0,0.49,0.22,0
681,0.43,0.52,0.53,0.52,1,0,0.49,0.22,0
682,0.52,0.48,0.58,0.55,0.5,0,0.48,0.22,0
683,0.5,0.34,0.62,0.19,0.5,0,0.57,0.22,0
684,0.38,0.62,0.52,0.14,0.5,0,0.53,0.22,0
685,0.55,0.51,0.54,0.2,0.5,0,0.56,0.22,0
686,0.51,0.48,0.46,0.29,0.5,0,0.54,0.22,0
687,0.53,0.43,0.57,0.24,0.5,0,0.39,0.28,0
688,0.48,0.48,0.56,0.18,0.5,0,0.58,0.22,0
689,0.61,0.46,0.54,0.11,0.5,0,0.47,0.22,0
690,0.66,0.55,0.54,0.18,0.5,0,0.43,0.22,0
691,0.6,0.48,0.46,0.32,0.5,0,0.4,0.33,0
692,0.45,0.5,0.57,0.29,0.5,0,0.44,0.11,0
693,0.61,0.53,0.59,0.17,0.5,0,0.44,0.28,0
694,0.34,0.34,0.65,0.4,0.5,0,0.32,0.16,0
695,0.66,0.6,0.52,0.19,0.5,0,0.69,0.22,0
696,0.39,0.65,0.57,0.19,0.5,0,0.44,0.25,0
697,0.39,0.65,0.57,0.19,0.5,0,0.43,0.25,0
698,0.57,0.48,0.54,0.22,0.5,0,0.5,0.11,0
699,0.41,0.49,0.65,0.28,0.5,0,0.59,0.57,0
700,0.3,0.33,0.55,0.12,0.5,0,0.53,0.38,0
701,0.64,0.31,0.53,0.15,0.5,0,0.53,0.31,0
702,0.55,0.57,0.51,0.07,0.5,0,0.55,0.22,0
703,0.45,0.45,0.51,0.3,0.5,0,0.48,0.44,0
704,0.25,0.48,0.45,0.32,0.5,0,0.4,0.22,0
705,0.54,0.43,0.48,0.27,0.5,0,0.44,0.41,0
706,0.66,0.54,0.53,0.17,0.5,0,0.54,0.22,0
707,0.56,0.46,0.51,0.25,0.5,0,0.54,0.22,0
708,0.41,0.54,0.39,0.2,0.5,0,0.51,0.22,0
709,0.42,0.24,0.34,0.16,0.5,0,0.5,0.22,0
710,0.41,0.53,0.45,0.14,0.5,0,0.52,0.66,0
711,0.28,0.58,0.21,0.13,0.5,0,0.51,0.22,0
712,0.39,0.44,0.35,0.16,0.5,0,0.55,0.22,0
713,0.38,0.5,0.37,0.26,0.5,0,0.43,0.22,0
714,0.36,0.58,0.35,0.24,0.5,0,0.44,0.22,0
715,0.36,0.43,0.39,0.12,0.5,0,0.49,0.22,0
716,0.44,0.59,0.36,0.16,0.5,0,0.52,0.22,0
717,0.54,0.55,0.34,0.31,0.5,0,0.54,0.22,0
718,0.39,0.58,0.5,0.26,0.5,0,0.54,0.59,0
719,0.35,0.45,0.43,0.11,0.5,0,0.56,0.22,0
720,0.42,0.42,0.42,0.2,0.5,0,0.49,0.22,0
721,0.26,0.5,0.33,0.28,0.5,0,0.51,0.22,0
722,0.39,0.42,0.38,0.4,0.5,0,0.49,0.47,0
723,0.26,0.44,0.3,0.11,0.5,0,0.51,0.47,0
724,0.47,0.54,0.37,0.14,0.5,0,0.5,0.22,0
725,0.36,0.37,0.33,0.14,0.5,0,0.57,0.31,0
726,0.55,0.42,0.34,0.3,0.5,0,0.52,0.22,0
727,0.34,0.42,0.3,0.23,0.5,0,0.53,0.22,0
728,0.51,0.55,0.35,0.16,0.5,0,0.51,0.47,0
729,0.52,0.75,0.37,0.14,0.5,0,0.46,0.22,0
730,0.58,0.6,0.43,0.12,0.5,0,0.55,0.22,0
731,0.63,0.61,0.41,0.22,0.5,0,0.51,0.22,0
732,0.58,0.53,0.38,0.18,0.5,0,0.52,0.22,0
733,0.36,0.46,0.43,0.19,0.5,0,0.48,0.22,0
734,0.53,0.68,0.42,0.19,0.5,0,0.53,0.22,0
735,0.46,0.35,0.33,0.17,0.5,0,0.55,0.22,0
736,0.54,0.55,0.42,0.22,0.5,0,0.48,0.22,0
737,0.42,0.52,0.4,0.17,0.5,0,0.5,0.26,0
738,0.37,0.34,0.32,0.22,0.5,0,0.56,0.22,0
739,0.35,0.56,0.36,0.3,0.5,0,0.53,0.25,0
740,0.44,0.51,0.37,0.15,0.5,0,0.51,0.22,0
741,0.49,0.46,0.34,0.21,0.5,0,0.55,0.22,0
742,0.49,0.31,0.34,0.13,0.5,0,0.52,0.22,0
743,0.2,0.34,0.33,0.1,0.5,0,0.48,0.31,0
744,0.48,0.46,0.38,0.29,0.5,0,0.53,0.22,0
745,0.53,0.68,0.34,0.42,0.5,0,0.54,0.27,0
746,0.33,0.28,0.31,0.24,0.5,0,0.53,0.22,0
747,0.37,0.62,0.34,0.25,0.5,0,0.51,0.22,0
748,0.49,0.4,0.34,0.26,0.5,0,0.5,0.22,0
749,0.34,0.4,0.3,0.23,0.5,0,0.51,0.22,0
750,0.43,0.44,0.3,0.18,0.5,0,0.51,0.22,0
751,0.43,0.45,0.37,0.12,0.5,0,0.48,0.22,0
752,0.45,0.57,0.3,0.17,0.5,0,0.51,0.22,0
753,0.45,0.57,0.3,0.17,0.5,0,0.51,0.22,0
754,0.42,0.44,0.33,0.17,0.5,0,0.54,0.27,0
755,0.47,0.59,0.43,0.13,0.5,0,0.56,0.3,0
756,0.4,0.45,0.42,0.17,0.5,0,0.54,0.26,0
757,0.49,0.41,0.32,0.21,0.5,0,0.5,0.32,0
758,0.35,0.53,0.35,0.33,0.5,0,0.5,0.32,0
759,0.5,0.46,0.42,0.32,0.5,0,0.56,0.55,0
760,0.4,0.51,0.42,0.13,0.5,0,0.45,0.25,0
761,0.65,0.61,0.39,0.3,0.5,0,0.57,0.28,0
762,0.47,0.43,0.35,0.32,0.5,0,0.54,0.22,0
763,0.36,0.35,0.47,0.22,0.5,0,0.44,0.31,0
764,0.37,0.55,0.29,0.32,0.5,0,0.51,0.22,0
765,0.42,0.51,0.39,0.22,0.5,0,0.49,0.26,0
766,0.46,0.4,0.38,0.18,0.5,0,0.49,0.22,0
767,0.46,0.14,0.36,0.21,0.5,0,0.5,0.25,0
768,0.39,0.37,0.33,0.23,0.5,0,0.53,0.26,0
769,0.39,0.37,0.33,0.23,0.5,0,0.52,0.26,0
770,0.51,0.47,0.41,0.44,0.5,0,0.5,0.22,0
771,0.47,0.6,0.35,0.21,0.5,0,0.52,0.22,0
772,0.44,0.41,0.29,0.21,0.5,0,0.49,0.22,0
773,0.48,0.49,0.45,0.23,0.5,0,0.51,0.22,0
774,0.53,0.51,0.36,0.13,0.5,0,0.52,0.22,0
775,0.41,0.48,0.38,0.13,0.5,0,0.51,0.35,0
776,0.38,0.45,0.37,0.19,0.5,0,0.52,0.3,0
777,0.31,0.3,0.34,0.19,0.5,0,0.55,0.3,0
778,0.47,0.61,0.5,0.23,0.5,0,0.49,0.22,0
779,0.49,0.6,0.3,0.34,0.5,0,0.5,0.43,0
780,0.27,0.56,0.3,0.14,0.5,0,0.52,0.39,0
781,0.44,0.43,0.34,0.21,0.5,0,0.55,0.4,0
782,0.39,0.49,0.3,0.19,0.5,0,0.52,0.31,0
783,0.37,0.51,0.39,0.18,0.5,0,0.51,0.27,0
784,0.27,0.49,0.36,0.26,0.5,0,0.49,0.26,0
785,0.66,0.55,0.34,0.2,0.5,0,0.62,0.22,0
786,0.36,0.33,0.38,0.15,0.5,0,0.55,0.36,0
787,0.58,0.53,0.33,0.26,0.5,0,0.51,0.22,0
788,0.45,0.66,0.39,0.11,0.5,0,0.54,0.22,0
789,0.57,0.5,0.4,0.08,0.5,0,0.47,0.22,0
790,0.39,0.46,0.33,0.18,0.5,0,0.53,0.22,0
791,0.51,0.51,0.32,0.27,0.5,0,0.54,0.22,0
792,0.55,0.72,0.35,0.26,0.5,0,0.49,0.22,0
793,0.65,0.66,0.37,0.12,0.5,0,0.52,0.27,0
794,0.52,0.55,0.39,0.09,1,0,0.55,0.25,0
795,0.42,0.28,0.33,0.23,0.5,0,0.39,0.26,0
796,0.38,0.42,0.31,0.35,0.5,0,0.52,0.22,0
797,0.46,0.48,0.38,0.22,0.5,0,0.39,0.45,0
798,0.52,0.65,0.36,0.37,0.5,0,0.52,0.34,0
799,0.27,0.41,0.24,0.2,0.5,0,0.49,0.22,0
800,0.25,0.35,0.22,0.18,0.5,0,0.46,0.22,0
801,0.45,0.57,0.38,0.28,0.5,0,0.53,0.31,0
802,0.55,0.46,0.47,0.15,0.5,0,0.47,0.22,0
803,0.41,0.42,0.23,0.16,0.5,0,0.4,0.22,0
804,0.25,0.42,0.21,0.14,0.5,0,0.41,0.22,0
805,0.49,0.31,0.43,0.24,0.5,0,0.54,0.22,0
806,0.46,0.41,0.43,0.18,0.5,0,0.54,0.22,0
807,0.32,0.36,0.28,0.38,0.5,0,0.5,0.4,0
808,0.4,0.65,0.38,0.17,0.5,0,0.57,0.22,0
809,0.49,0.55,0.41,0.19,0.5,0,0.48,0.31,0
810,0.43,0.28,0.41,0.32,0.5,0,0.52,0.22,0
811,0.31,0.51,0.38,0.18,0.5,0,0.46,0.31,0
812,0.31,0.4,0.31,0.17,0.5,0,0.52,0.22,0
813,0.55,0.39,0.39,0.47,0.5,0,0.5,0.83,0
814,0.59,0.48,0.41,0.53,0.5,0,0.48,0.56,0
815,0.42,0.51,0.33,0.16,0.5,0,0.54,0.22,0
816,0.5,0.47,0.45,0.14,0.5,0,0.53,0.32,0
817,0.49,0.53,0.36,0.15,0.5,0,0.52,0.27,0
818,0.39,0.63,0.41,0.27,0.5,0,0.49,0.22,0
819,0.49,0.49,0.4,0.2,0.5,0,0.48,0.26,0
820,0.33,0.49,0.46,0.22,0.5,0,0.53,0.33,0
821,0.47,0.41,0.46,0.18,0.5,0,0.53,0.22,0
822,0.26,0.3,0.37,0.15,0.5,0,0.53,0.25,0
823,0.45,0.5,0.43,0.16,0.5,0,0.52,0.28,0
824,0.54,0.44,0.38,0.22,0.5,0,0.54,0.3,0
825,0.22,0.53,0.36,0.22,0.5,0,0.54,0.31,0
826,0.43,0.41,0.37,0.18,0.5,0,0.54,0.31,0
827,0.46,0.59,0.38,0.12,0.5,0,0.5,0.22,0
828,0.43,0.6,0.4,0.12,0.5,0,0.49,0.29,0
829,0.65,0.62,0.26,0.33,0.5,0,0.55,0.22,0
830,0.47,0.61,0.32,0.27,0.5,0,0.5,0.3,0
831,0.3,0.68,0.41,0.17,0.5,0,0.51,0.22,0
832,0.55,0.35,0.36,0.29,0.5,0,0.51,0.22,0
833,0.35,0.32,0.31,0.16,0.5,0,0.56,0.22,0
834,0.67,0.61,0.39,0.24,0.5,0,0.51,0.22,0
835,0.39,0.56,0.34,0.18,0.5,0,0.49,0.22,0
836,0.51,0.38,0.42,0.21,0.5,0,0.46,0.34,0
837,0.32,0.45,0.39,0.14,0.5,0,0.45,0.22,0
838,0.28,0.48,0.36,0.16,0.5,0,0.53,0.22,0
839,0.52,0.65,0.36,0.26,0.5,0,0.44,0.22,0
840,0.42,0.71,0.45,0.15,0.5,0,0.48,0.22,0
841,0.38,0.37,0.36,0.14,0.5,0,0.54,0.22,0
842,0.38,0.56,0.38,0.16,0.5,0,0.53,0.22,0
843,0.63,0.65,0.42,0.18,0.5,0,0.54,0.27,0
844,0.61,0.76,0.3,0.16,0.5,0,0.45,0.41,0
845,0.39,0.33,0.33,0.23,0.5,0,0.47,0.22,0
846,0.5,0.63,0.45,0.13,0.5,0,0.45,0.32,0
847,0.2,0.6,0.5,0.29,0.5,0,0.51,0.22,0
848,0.51,0.46,0.41,0.36,0.5,0,0.49,0.22,0
849,0.49,0.56,0.37,0.2,0.5,0,0.53,0.22,0
850,0.49,0.55,0.35,0.23,0.5,0,0.57,0.22,0
851,0.6,0.68,0.3,0.27,0.5,0,0.55,0.22,0
852,0.52,0.46,0.34,0.2,0.5,0,0.51,0.25,0
853,0.3,0.37,0.4,0.45,0.5,0,0.48,0.41,0
854,0.32,0.29,0.29,0.08,0.5,0,0.52,0.22,0
855,0.36,0.49,0.3,0.22,0.5,0,0.52,0.31,0
856,0.29,0.43,0.4,0.15,0.5,0,0.53,0.22,0
857,0.39,0.44,0.28,0.12,0.5,0,0.46,0.27,0
858,0.51,0.63,0.3,0.35,0.5,0,0.53,0.27,0
859,0.3,0.5,0.34,0.26,0.5,0,0.51,0.22,0
860,0.32,0.36,0.34,0.19,0.5,0,0.55,0.26,0
861,0.48,0.43,0.45,0.17,0.5,0,0.48,0.37,0
862,0.39,0.81,0.35,0.28,0.5,0,0.51,0.45,0
863,0.54,0.44,0.35,0.19,0.5,0,0.51,0.27,0
864,0.4,0.43,0.36,0.33,0.5,0,0.51,0.22,0
865,0.37,0.4,0.38,0.18,0.5,0,0.51,0.22,0
866,0.46,0.61,0.38,0.35,0.5,0,0.49,0.22,0
867,0.36,0.5,0.39,0.23,0.5,0,0.5,0.22,0
868,0.43,0.48,0.36,0.26,0.5,0,0.52,0.22,0
869,0.38,0.67,0.33,0.17,0.5,0,0.51,0.22,0
870,0.29,0.26,0.43,0.17,0.5,0,0.55,0.3,0
871,0.37,0.36,0.56,0.18,0.5,0,0.48,0.26,0
872,0.74,0.57,0.51,0.28,0.5,0,0.58,0.22,0
873,0.7,0.65,0.54,0.28,0.5,0,0.6,0.4,0
874,0.36,0.68,0.38,0.08,0.5,0,0.53,0.25,0
875,0.42,0.32,0.48,0.16,0.5,0,0.55,0.22,0
876,0.51,0.46,0.49,0.21,0.5,0,0.55,0.22,0
877,0.8,0.82,0.57,0.26,0.5,0,0.57,0.27,0
878,0.46,0.49,0.45,0.28,0.5,0,0.55,0.22,0
879,0.4,0.36,0.55,0.15,0.5,0,0.53,0.22,0
880,0.4,0.39,0.33,0.17,0.5,0,0.51,0.31,0
881,0.75,0.69,0.48,0.13,0.5,0,0.57,0.4,0
882,0.63,0.55,0.53,0.51,0.5,0,0.55,0.22,0
883,0.7,0.78,0.53,0.24,0.5,0,0.48,0.22,0
884,0.58,0.43,0.32,0.11,0.5,0,0.49,0.22,0
885,0.49,0.5,0.42,0.43,0.5,0,0.5,0.36,0
886,0.55,0.44,0.5,0.09,0.5,0,0.55,0.22,0
887,0.36,0.51,0.51,0.17,0.5,0,0.52,0.22,0
888,0.68,0.68,0.35,0.16,0.5,0,0.62,0.22,0
889,0.44,0.35,0.55,0.14,0.5,0,0.52,0.22,0
890,0.73,0.59,0.35,0.15,0.5,0,0.54,0.22,0
891,0.6,0.37,0.52,0.15,0.5,0,0.55,0.26,0
892,0.64,0.61,0.56,0.15,0.5,0,0.54,0.22,0
893,0.48,0.58,0.58,0.12,0.5,0,0.49,0.22,0
894,0.65,0.58,0.53,0.21,0.5,0,0.51,0.22,0
895,0.48,0.49,0.49,0.26,0.5,0,0.39,0.27,0
896,0.57,0.54,0.32,0.15,0.5,0,0.52,0.25,0
897,0.57,0.47,0.48,0.17,0.5,0,0.52,0.26,0
898,0.28,0.46,0.26,0.18,0.5,0,0.39,0.22,0
899,0.69,0.7,0.5,0.3,0.5,0,0.54,0.22,0
900,0.4,0.36,0.32,0.16,0.5,0,0.51,0.27,0
901,0.78,0.74,0.58,0.25,1,0,0.53,0.22,0
902,0.77,0.8,0.51,0.4,1,0,0.54,0.22,0
903,0.85,0.56,0.33,0.38,1,0,0.55,0.25,0
904,0.86,0.92,0.5,0.37,1,0,0.53,0.32,0
905,0.7,0.84,0.49,0.28,1,0,0.58,0.22,0
906,0.78,0.74,0.42,0.26,0.5,0,0.43,0.22,1
907,0.75,0.7,0.38,0.27,0.5,0,0.49,0.22,1
908,0.78,0.7,0.32,0.23,0.5,0,0.53,0.22,1
909,0.74,0.72,0.47,0.25,0.5,0,0.57,0.22,1
910,0.91,0.77,0.34,0.47,0.5,0,0.52,0.31,1
911,0.84,0.66,0.36,0.78,0.5,0,0.49,0.5,1
912,0.7,0.69,0.43,0.33,0.5,0,0.58,0.22,1
913,0.85,0.85,0.3,0.31,0.5,0,0.55,0.42,1
914,0.89,0.81,0.36,0.71,0.5,0,0.55,0.63,1
915,0.7,0.73,0.37,0.37,0.5,0,0.48,0.31,1
916,0.67,0.63,0.34,0.41,0.5,0,0.6,0.33,1
917,0.7,0.73,0.38,0.36,0.5,0,0.54,0.22,1
918,0.84,0.87,0.45,0.54,0.5,0,0.28,0.22,1
919,0.76,0.76,0.35,0.27,0.5,0,0.44,0.22,1
920,0.81,0.79,0.32,0.37,0.5,0,0.41,0.22,1
921,0.74,0.89,0.32,0.24,0.5,0,0.54,0.32,1
922,0.78,0.69,0.44,0.26,0.5,0,0.54,0.22,1
923,0.77,0.86,0.44,0.27,0.5,0,0.48,0.22,1
924,0.77,0.82,0.4,0.36,0.5,0,0.38,0.22,1
925,0.85,0.69,0.34,0.31,0.5,0,0.57,0.3,1
926,0.88,0.72,0.32,0.3,0.5,0,0.52,0.33,1
927,0.78,0.73,0.27,0.28,0.5,0,0.56,0.22,1
928,0.77,0.7,0.44,0.29,0.5,0,0.56,0.22,1
929,0.79,0.79,0.42,0.26,0.5,0,0.6,0.22,1
930,0.8,0.83,0.43,0.24,0.5,0,0.54,0.22,1
931,0.78,0.71,0.35,0.25,0.5,0,0.49,0.22,1
932,1,0.8,0.29,0.36,0.5,0,0.52,0.22,1
933,0.69,0.66,0.36,0.09,0.5,0,0.56,0.22,1
934,0.77,0.78,0.27,0.37,0.5,0,0.49,0.22,1
935,0.71,0.79,0.41,0.38,0.5,0,0.54,0.22,1
936,0.8,0.82,0.4,0.31,0.5,0,0.57,0.25,1
937,0.77,0.7,0.37,0.12,0.5,0,0.49,0.26,1
938,0.74,0.73,0.32,0.2,0.5,0,0.55,0.22,1
939,0.75,0.73,0.35,0.33,0.5,0,0.49,0.28,1
940,0.92,0.66,0.52,0.23,0.5,0,0.53,0.22,1
941,0.72,0.73,0.41,0.28,0.5,0,0.44,0.22,1
942,0.8,0.73,0.47,0.19,0.5,0,0.49,0.22,1
943,0.77,0.68,0.35,0.19,0.5,0,0.53,0.43,1
944,0.85,0.85,0.3,0.31,0.5,0,0.55,0.42,1
945,0.77,0.74,0.37,0.29,0.5,0,0.45,0.22,1
946,0.8,0.88,0.36,0.39,0.5,0,0.56,0.33,1
947,0.73,0.83,0.43,0.3,0.5,0,0.55,0.22,1
948,0.85,0.66,0.49,0.18,0.5,0,0.51,0.22,1
949,0.83,0.94,0.32,0.21,0.5,0,0.51,0.22,1
950,0.74,0.67,0.47,0.34,0.5,0,0.42,0.22,1
951,0.81,0.85,0.47,0.37,0.5,0,0.56,0.22,1
952,0.8,0.63,0.45,0.29,0.5,0,0.51,0.22,1
953,0.69,0.7,0.52,0.36,0.5,0,0.46,0.22,1
954,0.77,0.79,0.58,0.23,0.5,0,0.48,0.22,1
955,0.82,0.78,0.49,0.23,0.5,0,0.46,0.22,1
956,0.82,0.75,0.54,0.23,0.5,0,0.46,0.22,1
957,0.77,0.87,0.47,0.37,0.5,0,0.48,0.22,1
958,0.81,0.82,0.41,0.36,0.5,0,0.39,0.22,1
959,0.84,0.63,0.38,0.23,0.5,0,0.53,0.22,1
960,0.87,0.83,0.57,0.36,0.5,0,0.36,0.22,1
961,0.68,0.68,0.49,0.15,0.5,0,0.53,0.22,1
962,0.46,0.42,0.6,0.21,0.5,0,0.4,0.22,1
963,0.8,0.81,0.55,0.35,0.5,0,0.42,0.22,1
964,0.79,0.74,0.49,0.33,0.5,0,0.48,0.22,1
965,0.41,0.59,0.46,0.19,0.5,0,0.36,0.22,1
966,0.51,0.65,0.53,0.19,0.5,0,0.49,0.22,1
967,0.74,0.72,0.5,0.28,0.5,0,0.5,0.27,1
968,0.74,0.72,0.5,0.28,0.5,0,0.49,0.27,1
969,0.77,0.72,0.48,0.26,0.5,0,0.51,0.22,1
970,0.74,0.74,0.51,0.27,0.5,0,0.5,0.22,1
971,0.77,0.78,0.51,0.28,0.5,0,0.33,0.22,1
972,0.74,0.71,0.52,0.3,0.5,0,0.27,0.22,1
973,0.77,0.73,0.51,0.27,0.5,0,0.34,0.22,1
974,0.77,0.73,0.49,0.46,0.5,0,0.38,0.22,1
975,0.7,0.58,0.53,0.39,0.5,0,0.59,0.22,1
976,0.83,0.81,0.45,0.38,0.5,0,0.4,0.26,1
977,0.74,0.82,0.46,0.24,0.5,0,0.5,0.31,1
978,0.74,0.82,0.46,0.24,0.5,0,0.48,0.22,1
979,0.75,0.76,0.58,0.22,0.5,0,0.49,0.22,1
980,0.71,0.64,0.42,0.28,0.5,0,0.43,0.22,1
981,0.8,0.79,0.43,0.25,0.5,0,0.52,0.22,1
982,0.49,0.39,0.52,0.29,0.5,0,0.48,0.22,1
983,0.89,0.77,0.36,0.34,0.5,0,0.44,0.22,1
984,0.66,0.65,0.54,0.4,0.5,0,0.51,0.22,1
985,0.45,0.41,0.5,0.46,0.5,0.5,0.5,0.27,1
986,0.44,0.38,0.48,0.32,0.5,0.83,0.53,0.22,1
987,0.37,0.53,0.6,0.19,0.5,0.5,0.42,0.22,1
988,0.44,0.53,0.52,0.23,0.5,0.83,0.51,0.22,1
989,0.46,0.48,0.44,0.21,0.5,0,0.55,0.22,1
990,0.52,0.5,0.53,0.1,0.5,0,0.48,0.22,1
991,0.68,0.58,0.51,0.19,0.5,0.83,0.54,0.22,1
992,0.42,0.5,0.53,0.22,0.5,0.83,0.5,0.22,1
993,0.49,0.27,0.57,0.18,0.5,0.83,0.54,0.22,1
994,0.5,0.5,0.54,0.16,0.5,0,0.49,0.22,1
995,0.47,0.43,0.59,0.27,0.5,0,0.55,0.22,1
996,0.68,0.59,0.44,0.49,0.5,0,0.4,0.26,1
997,0.5,0.51,0.57,0.27,0.5,0,0.48,0.22,1
998,0.46,0.37,0.48,0.36,0.5,0,0.48,0.22,1
999,0.32,0.68,0.51,0.16,0.5,0.83,0.55,0.22,1
1000,0.4,0.4,0.43,0.19,0.5,0.83,0.48,0.22,1
1001,0.57,0.52,0.46,0.2,0.5,0.83,0.52,0.41,1
1002,0.74,0.75,0.45,0.44,0.5,0,0.52,0.22,1
1003,0.69,0.6,0.51,0.13,0.5,0.83,0.52,0.22,1
1004,0.82,0.63,0.47,0.18,0.5,0,0.5,0.22,1
