,Mcg, Gvh, Alm, Mit, Erl, Pox, Vac, Nuc,y
1,0.58,0.61,0.47,0.13,0.5,0,0.48,0.22,0
2,0.43,0.67,0.48,0.27,0.5,0,0.53,0.22,0
3,0.64,0.62,0.49,0.15,0.5,0,0.53,0.22,0
4,0.42,0.44,0.48,0.54,0.5,0,0.48,0.22,0
5,0.5,0.54,0.48,0.65,0.5,0,0.53,0.22,0
6,0.48,0.45,0.59,0.2,0.5,0,0.58,0.34,0
7,0.55,0.5,0.66,0.36,0.5,0,0.49,0.22,0
8,0.4,0.39,0.6,0.15,0.5,0,0.58,0.3,0
9,0.43,0.39,0.54,0.21,0.5,0,0.53,0.27,0
10,0.42,0.37,0.59,0.2,0.5,0,0.52,0.29,0
11,0.6,0.4,0.52,0.46,0.5,0,0.53,0.22,0
12,0.66,0.55,0.45,0.19,0.5,0,0.46,0.22,0
13,0.46,0.44,0.52,0.11,0.5,0,0.5,0.22,0
14,0.47,0.39,0.5,0.11,0.5,0,0.49,0.4,0
15,0.58,0.47,0.54,0.11,0.5,0,0.51,0.26,0
16,0.5,0.34,0.55,0.21,0.5,0,0.49,0.22,0
17,0.61,0.6,0.55,0.21,0.5,0,0.5,0.25,0
18,0.45,0.4,0.5,0.16,0.5,0,0.5,0.22,0
19,0.43,0.44,0.48,0.22,0.5,0,0.51,0.22,0
20,0.73,0.63,0.42,0.3,0.5,0,0.49,0.22,0
21,0.43,0.53,0.52,0.13,0.5,0,0.55,0.22,0
22,0.46,0.53,0.52,0.15,0.5,0,0.58,0.22,0
23,0.59,0.45,0.53,0.19,0.5,0,0.59,0.27,0
24,0.57,0.47,0.6,0.18,0.5,0,0.51,0.22,0
25,0.63,0.67,0.57,0.24,0.5,0,0.49,0.22,0
26,0.53,0.54,0.43,0.1,0.5,0,0.57,0.32,0
27,0.51,0.51,0.43,0.87,0.5,0,0.52,0.22,0
28,0.33,0.55,0.51,0.43,0.5,0,0.51,0.22,0
29,0.78,0.74,0.42,0.26,0.5,0,0.43,0.22,0
30,0.74,0.67,0.47,0.34,0.5,0,0.42,0.22,0
31,0.72,0.61,0.45,0.3,0.5,0,0.54,0.25,0
32,0.4,0.45,0.57,0.18,0.5,0,0.56,0.26,0
33,0.59,0.53,0.43,0.44,0.5,0,0.5,0.22,0
34,0.86,0.68,0.39,0.24,0.5,0,0.54,0.22,1
35,0.86,0.74,0.51,0.4,0.5,0,0.55,0.22,1
36,0.79,0.57,0.41,0.28,0.5,0,0.59,0.22,1
37,0.53,0.31,0.58,0.39,0.5,0,0.47,0.37,0
38,0.74,0.75,0.58,0.47,0.5,0,0.4,0.35,1
39,0.74,0.57,0.51,0.28,0.5,0,0.58,0.22,0
40,0.42,0.24,0.34,0.16,0.5,0,0.5,0.22,0
41,0.48,0.39,0.51,0.21,0.5,0,0.52,0.28,0
42,0.41,0.53,0.45,0.14,0.5,0,0.52,0.66,0
43,0.45,0.46,0.55,0.43,0.5,0,0.55,0.38,0
44,0.56,0.48,0.58,0.27,0.5,0,0.51,0.22,0
45,0.64,0.59,0.56,0.23,0.5,0,0.46,0.22,0
46,0.64,0.56,0.56,0.22,0.5,0,0.45,0.22,0
47,0.53,0.44,0.51,0.33,0.5,0,0.55,0.22,0
48,0.38,0.49,0.53,0.19,0.5,0,0.5,0.22,0
49,0.43,0.35,0.52,0.52,0.5,0,0.54,0.22,0
50,0.37,0.32,0.47,0.18,0.5,0,0.45,0.25,0
51,0.48,0.43,0.51,0.32,0.5,0,0.52,0.43,0
52,0.54,0.48,0.44,0.08,0.5,0,0.52,0.27,0
53,0.6,0.47,0.45,0.22,0.5,0,0.51,0.29,0
54,0.34,0.46,0.57,0.09,0.5,0,0.55,0.22,0
55,0.47,0.39,0.59,0.15,0.5,0,0.57,0.22,0
56,0.81,0.85,0.47,0.37,0.5,0,0.56,0.22,0
57,0.48,0.42,0.52,0.24,0.5,0,0.56,0.22,0
58,0.6,0.5,0.44,0.61,0.5,0,0.47,0.22,0
59,0.45,0.55,0.54,0.66,0.5,0,0.47,0.22,0
60,0.46,0.49,0.58,0.23,0.5,0,0.44,0.22,0
61,0.49,0.42,0.56,0.55,0.5,0,0.42,0.25,0
62,0.63,0.53,0.54,0.4,0.5,0,0.5,0.22,0
63,0.5,0.54,0.53,0.54,0.5,0,0.51,0.27,0
64,0.63,0.57,0.59,0.4,0.5,0,0.38,0.22,0
65,0.43,0.57,0.51,0.49,0.5,0,0.48,0.22,0
66,0.5,0.58,0.46,0.46,0.5,0,0.46,0.22,0
67,0.51,0.54,0.6,0.57,0.5,0,0.58,0.22,0
68,0.54,0.52,0.63,0.37,0.5,0,0.46,0.22,0
69,0.67,0.62,0.4,0.43,0.5,0.83,0.5,0.22,0
70,0.28,0.58,0.21,0.13,0.5,0,0.51,0.22,0
71,0.39,0.44,0.35,0.16,0.5,0,0.55,0.22,0
72,0.8,0.63,0.45,0.29,0.5,0,0.51,0.22,0
73,0.5,0.52,0.59,0.3,0.5,0,0.51,0.35,0
74,0.42,0.47,0.52,0.41,0.5,0,0.53,0.32,0
75,0.36,0.46,0.62,0.46,0.5,0,0.51,0.33,0
76,0.4,0.45,0.56,0.2,0.5,0,0.45,0.22,0
77,0.33,0.43,0.64,0.16,0.5,0,0.52,0.52,0
78,0.49,0.61,0.49,0.25,0.5,0,0.5,0.28,0
79,0.69,0.7,0.52,0.36,0.5,0,0.46,0.22,0
80,0.61,0.72,0.39,0.33,0.5,0,0.58,0.22,0
81,0.78,0.75,0.4,0.28,0.5,0,0.53,0.22,0
82,0.64,0.57,0.57,0.27,0.5,0,0.37,0.22,0
83,0.36,0.58,0.35,0.24,0.5,0,0.44,0.22,0
84,0.36,0.43,0.39,0.12,0.5,0,0.49,0.22,0
85,0.48,0.23,0.57,0.27,0.5,0,0.48,0.47,0
86,0.47,0.39,0.55,0.24,0.5,0,0.47,0.22,0
87,0.44,0.59,0.36,0.16,0.5,0,0.52,0.22,0
88,0.42,0.35,0.54,0.18,0.5,0,0.56,0.22,0
89,0.3,0.56,0.55,0.18,0.5,0,0.5,0.22,0
90,0.65,0.65,0.52,0.16,0.5,0,0.6,0.22,0
91,0.27,0.6,0.48,0.23,0.5,0,0.55,0.22,0
92,0.45,0.41,0.5,0.46,0.5,0.5,0.5,0.27,0
93,0.4,0.44,0.49,0.47,0.5,0,0.49,0.27,0
94,0.45,0.51,0.5,0.16,0.5,0,0.52,1,0
95,0.45,0.45,0.5,0.6,0.5,0,0.49,0.22,0
96,0.35,0.52,0.48,0.22,0.5,0,0.26,0.22,0
97,0.47,0.41,0.66,0.26,0.5,0,0.53,0.22,0
98,0.64,0.62,0.29,0.28,0.5,0,0.51,0.22,0
99,0.55,0.53,0.55,0.46,0.5,0,0.52,0.22,0
100,0.67,0.62,0.54,0.43,0.5,0,0.53,0.22,0
101,0.59,0.6,0.49,0.43,0.5,0,0.53,0.31,0
102,0.54,0.55,0.34,0.31,0.5,0,0.54,0.22,0
103,0.58,0.62,0.54,0.17,0.5,0,0.48,0.22,0
104,0.46,0.71,0.48,0.53,0.5,0,0.53,0.22,0
105,0.53,0.51,0.55,0.05,0.5,0,0.45,0.25,0
106,0.5,0.64,0.57,0.15,0.5,0,0.47,0.22,0
107,0.4,0.62,0.52,0.31,0.5,0,0.49,0.31,0
108,0.6,0.5,0.57,0.25,0.5,0,0.41,0.26,0
109,0.62,0.51,0.52,0.42,0.5,0,0.54,0.27,0
110,0.35,0.58,0.54,0.16,0.5,0,0.51,0.22,0
111,0.34,0.54,0.5,0.21,0.5,0,0.54,0.31,0
112,0.39,0.58,0.5,0.26,0.5,0,0.54,0.59,0
113,0.48,0.54,0.5,0.17,0.5,0,0.53,0.22,0
114,0.29,0.32,0.58,0.15,0.5,0,0.5,0.3,0
115,0.47,0.32,0.64,0.3,0.5,0,0.63,0.22,0
116,0.39,0.47,0.56,0.16,0.5,0,0.47,0.22,0
117,0.58,0.48,0.51,0.47,0.5,0,0.55,0.22,0
118,0.64,0.6,0.57,0.19,0.5,0,0.43,0.22,0
119,0.59,0.48,0.5,0.14,0.5,0,0.45,0.25,0
120,0.39,0.55,0.48,0.31,0.5,0,0.54,0.29,0
121,0.26,0.36,0.47,0.34,0.5,0,0.53,0.72,0
122,0.51,0.34,0.5,0.19,0.5,0,0.5,0.22,0
123,0.58,0.5,0.5,0.12,0.5,0,0.48,0.25,0
124,0.41,0.39,0.44,0.34,0.5,0,0.48,0.4,0
125,0.36,0.68,0.46,0.16,0.5,0,0.53,0.28,0
126,0.42,0.31,0.5,0.15,0.5,0,0.53,0.22,0
127,0.42,0.43,0.56,0.1,0.5,0,0.49,0.22,0
128,0.4,0.42,0.71,0.21,0.5,0,0.54,0.32,0
129,0.4,0.42,0.71,0.21,0.5,0,0.54,0.32,0
130,0.54,0.49,0.49,0.2,0.5,0,0.52,0.22,0
131,0.42,0.51,0.5,0.12,0.5,0,0.52,0.46,0
132,0.57,0.51,0.53,0.18,0.5,0,0.56,0.25,0
133,0.35,0.45,0.43,0.11,0.5,0,0.56,0.22,0
134,0.42,0.42,0.42,0.2,0.5,0,0.49,0.22,0
135,0.26,0.5,0.33,0.28,0.5,0,0.51,0.22,0
136,0.39,0.42,0.38,0.4,0.5,0,0.49,0.47,0
137,0.26,0.44,0.3,0.11,0.5,0,0.51,0.47,0
138,0.31,0.44,0.53,0.23,0.5,0,0.51,0.32,0
139,0.48,0.61,0.44,0.2,0.5,0,0.47,0.22,0
140,0.21,0.41,0.55,0.11,0.5,0,0.5,0.27,0
141,0.38,0.68,0.44,0.45,0.5,0,0.53,0.22,0
142,0.44,0.38,0.48,0.32,0.5,0.83,0.53,0.22,0
143,0.38,0.37,0.56,0.21,0.5,0,0.49,0.22,0
144,0.39,0.4,0.53,0.67,0.5,0,0.47,0.22,0
145,0.24,0.34,0.69,0.18,0.5,0,0.52,0.22,0
146,0.49,0.43,0.51,0.13,0.5,0,0.47,0.22,0
147,0.43,0.57,0.53,0.53,0.5,0,0.53,0.25,0
148,0.48,0.64,0.61,0.23,0.5,0,0.6,0.22,0
149,0.31,0.55,0.52,0.17,0.5,0,0.52,0.22,0
150,0.32,0.57,0.5,0.15,0.5,0,0.53,0.22,0
151,0.32,0.42,0.52,0.24,0.5,0,0.6,0.22,0
152,0.75,0.7,0.38,0.27,0.5,0,0.49,0.22,0
153,0.61,0.72,0.31,0.33,0.5,0,0.56,0.22,0
154,0.44,0.42,0.6,0.21,0.5,0,0.57,0.22,0
155,0.52,0.51,0.51,0.54,0.5,0,0.55,0.27,0
156,0.52,0.56,0.54,0.53,0.5,0,0.45,0.22,0
157,0.58,0.58,0.58,0.49,0.5,0,0.49,0.26,0
158,0.72,0.61,0.37,0.3,0.5,0,0.57,0.22,0
159,0.46,0.43,0.38,0.33,0.5,0,0.48,0.28,0
160,0.42,0.31,0.62,0.12,0.5,0,0.4,0.22,0
161,0.49,0.46,0.45,0.45,0.5,0,0.52,0.22,0
162,0.42,0.58,0.41,0.65,0.5,0,0.46,0.26,0
163,0.52,0.77,0.38,0.34,0.5,0,0.51,0.22,0
164,0.5,0.52,0.6,0.51,0.5,0,0.48,0.22,0
165,0.5,0.41,0.44,0.5,0.5,0,0.42,0.22,0
166,0.5,0.4,0.56,0.7,0.5,0,0.5,0.22,0
167,0.37,0.58,0.44,0.51,0.5,0,0.44,0.22,0
168,0.55,0.45,0.45,0.54,0.5,0,0.5,0.22,0
169,0.67,0.68,0.46,0.29,0.5,0,0.46,0.22,0
170,0.53,0.51,0.46,0.28,0.5,0,0.48,0.22,0
171,0.35,0.66,0.49,0.21,0.5,0,0.54,0.25,0
172,0.52,0.4,0.6,0.12,0.5,0,0.55,0.22,0
173,0.77,0.79,0.58,0.23,0.5,0,0.48,0.22,0
174,0.47,0.46,0.59,0.49,0.5,0,0.56,0.22,0
175,0.73,0.83,0.43,0.3,0.5,0,0.55,0.22,0
176,0.78,0.74,0.58,0.25,1,0,0.53,0.22,0
177,0.7,0.65,0.54,0.28,0.5,0,0.6,0.4,0
178,0.47,0.54,0.37,0.14,0.5,0,0.5,0.22,0
179,0.56,0.52,0.48,0.17,0.5,0,0.46,0.22,0
180,0.57,0.41,0.59,0.24,0.5,0,0.4,0.22,0
181,0.56,0.41,0.58,0.21,0.5,0,0.42,0.22,0
182,0.58,0.56,0.45,0.12,0.5,0,0.51,0.22,0
183,0.53,0.38,0.66,0.25,0.5,0,0.43,0.22,0
184,0.34,0.36,0.54,0.11,0.5,0,0.36,0.21,0
185,0.69,0.61,0.38,0.27,0.5,0,0.52,0.22,1
186,0.37,0.53,0.6,0.19,0.5,0.5,0.42,0.22,0
187,0.31,0.46,0.54,0.52,0.5,0,0.5,0.34,0
188,0.36,0.37,0.33,0.14,0.5,0,0.57,0.31,0
189,0.82,0.78,0.49,0.23,0.5,0,0.46,0.22,0
190,0.82,0.75,0.54,0.23,0.5,0,0.46,0.22,0
191,0.41,0.51,0.58,0.15,0.5,0,0.45,0.27,0
192,0.38,0.51,0.75,0.17,0.5,0,0.55,0.22,0
193,0.38,0.51,0.75,0.17,0.5,0,0.55,0.22,0
194,0.53,0.44,0.51,0.33,0.5,0,0.52,0.22,0
195,0.46,0.54,0.71,0.15,0.5,0,0.59,0.22,0
196,0.4,0.56,0.48,0.14,0.5,0,0.47,0.22,0
197,0.42,0.57,0.72,0.22,0.5,0,0.57,0.22,0
198,0.2,0.26,0.52,0.14,0.5,0,0.53,0.44,0
199,0.51,0.53,0.55,0.14,0.5,0,0.51,0.22,0
200,0.44,0.68,0.45,0.51,0.5,0,0.52,0.41,0
201,0.27,0.39,0.66,0.11,0.5,0,0.44,0.22,0
202,0.55,0.42,0.34,0.3,0.5,0,0.52,0.22,0
203,0.34,0.42,0.3,0.23,0.5,0,0.53,0.22,0
204,0.44,0.53,0.52,0.23,0.5,0.83,0.51,0.22,0
205,0.59,0.58,0.56,0.21,0.5,0,0.54,0.33,0
206,0.39,0.28,0.46,0.12,0.5,0,0.41,0.22,0
207,0.56,0.43,0.54,0.16,0.5,0,0.5,0.22,0
208,0.36,0.68,0.38,0.08,0.5,0,0.53,0.25,0
209,0.27,0.36,0.6,0.33,0.5,0,0.37,0.31,0
210,0.35,0.4,0.59,0.22,0.5,0,0.47,0.37,0
211,0.42,0.32,0.5,0.21,0.5,0,0.51,0.22,0
212,0.55,0.54,0.56,0.22,0.5,0,0.5,0.37,0
213,0.36,0.24,0.49,0.16,0.5,0,0.51,0.22,0
214,0.38,0.48,0.59,0.22,0.5,0,0.46,0.22,0
215,0.6,0.56,0.47,0.2,0.5,0,0.5,0.38,0
216,0.43,0.39,0.54,0.14,0.5,0,0.47,0.22,0
217,0.5,0.51,0.52,0.09,0.5,0,0.48,0.25,0
218,0.53,0.61,0.52,0.21,0.5,0,0.55,0.3,0
219,0.46,0.43,0.49,0.79,0.5,0,0.49,0.63,0
220,0.51,0.55,0.35,0.16,0.5,0,0.51,0.47,0
221,0.56,0.52,0.55,0.19,0.5,0,0.54,0.22,0
222,0.61,0.3,0.59,0.12,0.5,0,0.49,0.27,0
223,0.37,0.53,0.46,0.23,0.5,0,0.47,0.22,0
224,0.83,0.58,0.33,0.04,0.5,0,0.53,0.22,1
225,0.39,0.45,0.53,0.18,0.5,0,0.54,0.22,0
226,0.52,0.54,0.5,0.21,0.5,0,0.48,0.3,0
227,0.35,0.39,0.57,0.11,0.5,0,0.48,0.22,0
228,0.36,0.49,0.3,0.22,0.5,0,0.52,0.31,0
229,0.78,0.7,0.32,0.23,0.5,0,0.53,0.22,0
230,0.55,0.46,0.53,0.11,0.5,0,0.52,0.48,0
231,0.45,0.56,0.54,0.32,0.5,0,0.57,0.22,0
232,0.45,0.56,0.53,0.32,0.5,0,0.57,0.22,0
233,0.29,0.43,0.4,0.15,0.5,0,0.53,0.22,0
234,0.52,0.75,0.37,0.14,0.5,0,0.46,0.22,0
235,0.71,0.56,0.39,0.27,0.5,0,0.52,0.22,1
236,0.54,0.65,0.49,0.34,0.5,0,0.52,0.22,0
237,0.57,0.59,0.44,0.16,0.5,0,0.52,0.22,1
238,0.59,0.58,0.46,0.19,0.5,0,0.56,0.27,0
239,0.92,0.61,0.4,0.22,0.5,0,0.54,0.22,1
240,0.55,0.56,0.45,0.14,0.5,0,0.54,0.22,0
241,0.58,0.53,0.38,0.18,0.5,0,0.52,0.22,0
242,0.36,0.46,0.43,0.19,0.5,0,0.48,0.22,0
243,0.34,0.38,0.45,0.19,0.5,0,0.51,0.22,1
244,0.62,0.58,0.46,0.13,0.5,0,0.53,0.22,0
245,0.53,0.68,0.42,0.19,0.5,0,0.53,0.22,0
246,0.73,0.55,0.41,0.16,0.5,0,0.46,0.22,1
247,0.55,0.46,0.46,0.31,0.5,0,0.58,0.48,0
248,0.77,0.87,0.47,0.37,0.5,0,0.48,0.22,0
249,0.35,0.46,0.49,0.15,1,0,0.55,0.35,0
250,0.57,0.61,0.45,0.26,0.5,0,0.5,0.22,0
251,0.56,0.62,0.53,0.24,0.5,0,0.57,0.22,0
252,0.58,0.6,0.51,0.24,0.5,0,0.53,0.22,0
253,0.71,0.59,0.53,0.15,0.5,0,0.49,0.33,0
254,0.46,0.35,0.33,0.17,0.5,0,0.55,0.22,0
255,0.54,0.55,0.42,0.22,0.5,0,0.48,0.22,0
256,0.39,0.44,0.28,0.12,0.5,0,0.46,0.27,0
257,0.33,0.44,0.49,0.08,0.5,0,0.48,0.49,0
258,0.81,0.82,0.41,0.36,0.5,0,0.39,0.22,0
259,0.69,0.6,0.51,0.13,0.5,0.83,0.52,0.22,0
260,0.46,0.48,0.44,0.21,0.5,0,0.55,0.22,0
261,0.35,0.36,0.57,0.17,0.5,0,0.52,0.22,0
262,0.54,0.57,0.52,0.19,0.5,0,0.59,0.67,0
263,0.42,0.52,0.4,0.17,0.5,0,0.5,0.26,0
264,0.91,0.77,0.34,0.47,0.5,0,0.52,0.31,0
265,0.81,0.9,0.39,0.41,0.5,0,0.53,0.22,1
266,0.45,0.4,0.56,0.14,0.5,0,0.54,0.22,0
267,0.41,0.39,0.51,0.52,0.5,0,0.49,0.22,0
268,0.37,0.34,0.32,0.22,0.5,0,0.56,0.22,0
269,0.35,0.56,0.36,0.3,0.5,0,0.53,0.25,0
270,0.84,0.66,0.36,0.78,0.5,0,0.49,0.5,0
271,0.51,0.58,0.54,0.29,0.5,0,0.53,0.22,0
272,0.37,0.43,0.62,0.27,0.5,0,0.48,0.22,0
273,0.55,0.66,0.57,0.32,0.5,0,0.57,0.34,0
274,0.48,0.35,0.42,0.21,0.5,0,0.57,0.22,0
275,0.62,0.58,0.52,0.15,0.5,0,0.52,0.29,0
276,0.56,0.59,0.53,0.16,0.5,0,0.24,0.42,0
277,0.44,0.51,0.37,0.15,0.5,0,0.51,0.22,0
278,0.44,0.44,0.49,0.15,0.5,0,0.46,0.27,0
279,0.5,0.5,0.48,0.17,0.5,0,0.47,0.26,0
280,0.49,0.46,0.34,0.21,0.5,0,0.55,0.22,0
281,0.35,0.68,0.57,0.4,0.5,0,0.53,0.36,0
282,0.7,0.69,0.43,0.33,0.5,0,0.58,0.22,0
283,0.45,0.42,0.52,0.2,0.5,0,0.5,0.25,0
284,0.51,0.35,0.46,0.15,0.5,0,0.51,0.42,0
285,0.32,0.38,0.52,0.2,0.5,0,0.52,0.28,0
286,0.59,0.65,0.52,0.3,0.5,0,0.46,0.31,0
287,0.41,0.52,0.41,0.11,0.5,0,0.54,0.35,0
288,0.37,0.33,0.5,0.12,0.5,0,0.51,0.54,0
289,0.45,0.56,0.49,0.17,0.5,0,0.52,0.22,0
290,0.56,0.54,0.59,0.14,0.5,0,0.52,0.27,0
291,0.31,0.31,0.54,0.18,0.5,0,0.52,0.29,0
292,0.27,0.51,0.47,0.35,0.5,0,0.49,0.28,0
293,0.43,0.51,0.54,0.15,0.5,0,0.45,0.26,0
294,0.6,0.4,0.59,0.18,0.5,0,0.48,0.22,0
295,0.91,0.69,0.57,0.45,0.5,0,0.56,0.22,1
296,0.59,0.43,0.52,0.19,0.5,0,0.55,0.27,0
297,0.52,0.51,0.51,0.12,0.5,0,0.51,0.4,0
298,0.49,0.43,0.48,0.15,0.5,0,0.55,0.25,0
299,0.44,0.34,0.55,0.18,0.5,0,0.52,0.22,0
300,0.49,0.42,0.54,0.17,0.5,0,0.5,0.36,0
301,0.34,0.66,0.51,0.16,0.5,0,0.47,0.33,0
302,0.2,0.34,0.33,0.1,0.5,0,0.48,0.31,0
303,0.69,0.48,0.38,0.15,0.5,0,0.55,0.22,1
304,0.3,0.5,0.47,0.11,0.5,0,0.46,0.22,0
305,0.31,0.45,0.5,0.17,0.5,0,0.49,0.22,0
306,0.55,0.41,0.56,0.21,0.5,0,0.52,0.22,0
307,0.4,0.34,0.52,0.17,0.5,0,0.47,0.51,0
308,0.4,0.48,0.5,0.17,0.5,0,0.54,0.5,0
309,0.58,0.48,0.56,0.1,0.5,0,0.46,0.25,0
310,0.58,0.48,0.56,0.12,0.5,0,0.46,0.25,0
311,0.58,0.45,0.48,0.24,0.5,0,0.52,0.37,0
312,0.41,0.6,0.53,0.29,0.5,0,0.47,0.43,0
313,0.38,0.49,0.61,0.13,0.5,0,0.54,0.22,0
314,0.6,0.48,0.44,0.52,0.5,0,0.54,0.63,0
315,0.47,0.49,0.63,0.17,0.5,0,0.31,0.26,0
316,0.28,0.51,0.55,0.11,0.5,0,0.46,0.22,0
317,0.56,0.57,0.63,0.39,1,0,0.59,0.4,0
318,0.46,0.57,0.57,0.15,0.5,0,0.52,0.26,0
319,0.43,0.42,0.54,0.22,0.5,0,0.57,0.33,0
320,0.57,0.59,0.5,0.58,0.5,0,0.53,0.22,0
321,0.48,0.34,0.47,0.14,0.5,0,0.47,0.26,0
322,0.35,0.4,0.53,0.18,0.5,0,0.42,0.38,0
323,0.53,0.43,0.47,0.15,0.5,0,0.58,0.22,0
324,0.46,0.45,0.56,0.16,0.5,0,0.56,0.22,0
325,0.44,0.42,0.62,0.14,0.5,0,0.55,0.37,0
326,0.37,0.34,0.58,0.24,0.5,0,0.44,0.18,0
327,0.37,0.34,0.58,0.24,0.5,0,0.44,0.18,0
328,0.39,0.39,0.55,0.52,0.5,0,0.37,0.16,0
329,0.39,0.39,0.55,0.52,0.5,0,0.37,0.16,0
330,0.48,0.46,0.38,0.29,0.5,0,0.53,0.22,0
331,0.48,0.57,0.5,0.09,0.5,0,0.52,0.42,0
332,0.61,0.57,0.45,0.21,0.5,0,0.5,0.42,0
333,0.53,0.68,0.34,0.42,0.5,0,0.54,0.27,0
334,0.37,0.22,0.64,0.35,0.5,0,0.47,0.22,0
335,0.49,0.37,0.59,0.17,0.5,0,0.51,0.22,0
336,0.51,0.48,0.58,0.22,0.5,0,0.5,0.28,0
337,0.53,0.53,0.53,0.17,0.5,0,0.49,0.37,0
338,0.29,0.68,0.47,0.26,0.5,0,0.47,0.37,0
339,0.5,0.45,0.49,0.15,0.5,0,0.55,0.43,0
340,0.33,0.28,0.31,0.24,0.5,0,0.53,0.22,0
341,0.85,0.85,0.3,0.31,0.5,0,0.55,0.42,0
342,0.43,0.39,0.51,0.28,0.5,0,0.4,0.22,0
343,0.34,0.35,0.61,0.19,0.5,0,0.52,0.25,0
344,0.55,0.53,0.56,0.29,0.5,0,0.48,0.22,0
345,0.66,0.62,0.52,0.17,0.5,0,0.49,0.22,0
346,0.44,0.41,0.58,0.2,0.5,0,0.57,0.25,0
347,0.37,0.62,0.34,0.25,0.5,0,0.51,0.22,0
348,0.45,0.56,0.51,0.64,0.5,0,0.54,0.22,0
349,0.61,0.54,0.49,0.19,0.5,0,0.54,0.47,0
350,0.44,0.53,0.52,0.37,0.5,0,0.5,0.22,0
351,0.44,0.53,0.52,0.37,0.5,0,0.5,0.22,0
352,0.32,0.34,0.61,0.17,0.5,0,0.52,0.32,0
353,0.51,0.68,0.49,0.59,0.5,0,0.54,0.27,0
354,0.41,0.43,0.5,0.28,0.5,0,0.5,0.22,0
355,0.3,0.5,0.34,0.26,0.5,0,0.51,0.22,0
356,0.49,0.4,0.34,0.26,0.5,0,0.5,0.22,0
357,0.34,0.4,0.3,0.23,0.5,0,0.51,0.22,0
358,0.43,0.44,0.3,0.18,0.5,0,0.51,0.22,0
359,0.43,0.45,0.37,0.12,0.5,0,0.48,0.22,0
360,0.45,0.57,0.3,0.17,0.5,0,0.51,0.22,0
361,0.42,0.44,0.33,0.17,0.5,0,0.54,0.27,0
362,0.52,0.5,0.53,0.1,0.5,0,0.48,0.22,0
363,0.53,0.56,0.49,0.46,0.5,0,0.52,0.22,0
364,0.45,0.54,0.54,0.62,0.5,0,0.53,0.22,0
365,0.51,0.43,0.63,0.18,0.5,0,0.52,0.22,0
366,0.51,0.52,0.48,0.5,0.5,0,0.51,0.22,0
367,0.55,0.49,0.5,0.46,0.5,0,0.52,0.25,0
368,0.5,0.46,0.52,0.16,0.5,0,0.52,0.26,0
369,0.5,0.53,0.45,0.44,0.5,0,0.49,0.22,0
370,0.45,0.59,0.53,0.74,0.5,0,0.47,0.25,0
371,0.57,0.61,0.55,0.67,0.5,0,0.48,0.22,0
372,0.54,0.45,0.62,0.13,0.5,0,0.52,0.26,0
373,0.67,0.51,0.53,0.28,0.5,0,0.51,0.22,0
374,0.35,0.49,0.47,0.22,0.5,0,0.5,0.28,0
375,0.43,0.51,0.6,0.25,0.5,0,0.55,0.22,0
376,0.4,0.45,0.42,0.17,0.5,0,0.54,0.26,0
377,0.89,0.81,0.36,0.71,0.5,0,0.55,0.63,0
378,0.58,0.55,0.52,0.22,0.5,0,0.44,0.22,0
379,0.59,0.57,0.46,0.14,0.5,0,0.52,0.22,0
380,0.49,0.41,0.32,0.21,0.5,0,0.5,0.32,0
381,0.35,0.53,0.35,0.33,0.5,0,0.5,0.32,0
382,0.5,0.46,0.42,0.32,0.5,0,0.56,0.55,0
383,0.5,0.45,0.49,0.3,0.5,0,0.47,0.4,0
384,0.46,0.41,0.5,0.44,0.5,0,0.53,0.22,0
385,0.4,0.51,0.42,0.13,0.5,0,0.45,0.25,0
386,0.7,0.73,0.37,0.37,0.5,0,0.48,0.31,0
387,0.65,0.61,0.39,0.3,0.5,0,0.57,0.28,0
388,0.47,0.43,0.35,0.32,0.5,0,0.54,0.22,0
389,0.23,0.34,0.41,0.28,0.5,0,0.5,0.27,0
390,0.85,0.56,0.33,0.38,1,0,0.55,0.25,0
391,0.59,0.53,0.47,0.26,0.5,0,0.53,0.31,0
392,0.67,0.63,0.34,0.41,0.5,0,0.6,0.33,0
393,0.7,0.73,0.38,0.36,0.5,0,0.54,0.22,0
394,0.54,0.51,0.54,0.52,0.5,0,0.47,0.25,0
395,0.84,0.63,0.38,0.23,0.5,0,0.53,0.22,0
396,0.89,0.77,0.36,0.34,0.5,0,0.44,0.22,0
397,0.48,0.43,0.45,0.17,0.5,0,0.48,0.37,0
398,0.36,0.35,0.47,0.22,0.5,0,0.44,0.31,0
399,0.57,0.49,0.48,0.16,0.5,0,0.51,0.22,0
400,0.43,0.52,0.53,0.52,1,0,0.49,0.22,0
401,0.38,0.49,0.54,1,0.5,0,0.5,0.27,0
402,0.84,0.87,0.45,0.54,0.5,0,0.28,0.22,0
403,0.27,0.56,0.56,0.18,0.5,0,0.52,0.22,0
404,0.89,0.82,0.6,0.49,0.5,0,0.55,0.22,1
405,0.86,0.92,0.5,0.37,1,0,0.53,0.32,0
406,0.37,0.55,0.29,0.32,0.5,0,0.51,0.22,0
407,0.87,0.83,0.57,0.36,0.5,0,0.36,0.22,0
408,0.43,0.45,0.54,0.14,0.5,0,0.5,0.31,0
409,0.52,0.48,0.54,0.28,0.5,0,0.54,0.22,0
410,0.77,0.6,0.42,0.33,0.5,0,0.57,0.22,1
411,0.76,0.74,0.56,0.34,0.5,0,0.51,0.3,1
412,0.58,0.76,0.4,0.37,0.5,0,0.54,0.3,1
413,0.94,0.6,0.33,0.49,0.5,0,0.54,0.22,1
414,0.36,0.44,0.57,0.18,0.5,0,0.42,0.22,0
415,0.42,0.51,0.39,0.22,0.5,0,0.49,0.26,0
416,0.42,0.32,0.48,0.16,0.5,0,0.55,0.22,0
417,0.43,0.38,0.51,0.24,0.5,0,0.46,0.33,0
418,0.83,0.53,0.52,0.2,0.5,0,0.48,0.25,1
419,0.36,0.34,0.46,0.19,0.5,0,0.52,0.22,1
420,0.54,0.54,0.49,0.14,0.5,0,0.56,0.22,0
421,0.44,0.41,0.44,0.13,0.5,0,0.49,0.42,0
422,0.52,0.62,0.54,0.19,0.5,0,0.5,0.22,0
423,0.46,0.4,0.38,0.18,0.5,0,0.49,0.22,0
424,0.68,0.5,0.55,0.65,0.5,0,0.46,0.31,0
425,0.53,0.44,0.47,0.22,0.5,0,0.53,0.22,0
426,0.48,0.48,0.5,0.47,0.5,0,0.55,0.22,0
427,0.46,0.14,0.36,0.21,0.5,0,0.5,0.25,0
428,0.5,0.45,0.48,0.17,0.5,0,0.5,0.26,0
429,0.44,0.53,0.43,0.17,0.5,0,0.54,0.75,0
430,0.46,0.47,0.46,0.16,0.5,0,0.51,0.22,0
431,0.52,0.49,0.57,0.57,0.5,0,0.51,0.22,0
432,0.62,0.64,0.56,0.2,0.5,0,0.48,0.33,0
433,0.46,0.32,0.58,0.17,0.5,0,0.61,0.25,0
434,0.49,0.62,0.65,0.18,0.5,0,0.46,0.43,0
435,0.5,0.34,0.62,0.19,0.5,0,0.57,0.22,0
436,0.39,0.37,0.33,0.23,0.5,0,0.53,0.26,0
437,0.39,0.37,0.56,0.15,0.5,0,0.5,0.27,0
438,0.33,0.37,0.54,0.28,0.5,0,0.53,0.27,0
439,0.39,0.37,0.33,0.23,0.5,0,0.52,0.26,0
440,0.33,0.38,0.53,0.26,0.5,0,0.52,0.27,0
441,0.5,0.62,0.54,0.66,0.5,0,0.49,0.22,0
442,0.47,0.54,0.54,0.48,0.5,0,0.53,0.26,0
443,0.72,0.58,0.42,0.28,0.5,0,0.48,0.22,0
444,0.41,0.41,0.51,0.19,0.5,0,0.57,0.22,0
445,0.81,0.65,0.52,0.41,0.5,0,0.57,0.26,0
446,0.5,0.49,0.52,0.2,0.5,0,0.43,0.52,0
447,0.18,0.48,0.46,0.12,0.5,0,0,0.25,0
448,0.26,0.38,0.52,0.36,0.5,0,0.48,0.56,0
449,0.53,0.51,0.51,0.11,0.5,0,0.49,0.41,0
450,0.62,0.6,0.47,0.16,0.5,0,0.53,0.22,0
451,0.4,0.52,0.53,0.52,0.5,0,0.51,0.22,0
452,0.72,0.56,0.4,0.26,0.5,0,0.51,0.26,1
453,0.32,0.47,0.55,0.25,0.5,0,0.49,0.22,0
454,0.46,0.57,0.52,0.28,0.5,0,0.52,0.22,0
455,0.49,0.48,0.46,0.63,0.5,0,0.52,0.22,0
456,0.68,0.68,0.49,0.15,0.5,0,0.53,0.22,0
457,0.55,0.49,0.45,0.18,0.5,0,0.49,0.22,0
458,0.4,0.53,0.61,0.21,0.5,0,0.48,0.33,0
459,0.57,0.44,0.42,0.2,0.5,0,0.54,0.22,0
460,0.4,0.47,0.48,0.18,0.5,0,0.46,0.22,0
461,0.34,0.54,0.54,0.13,0.5,0,0.52,0.22,0
462,0.43,0.83,0.55,0.2,0.5,0,0.47,0.4,0
463,0.55,0.65,0.5,0.28,0.5,0,0.55,0.22,0
464,0.29,0.46,0.54,0.27,0.5,0,0.49,0.22,0
465,0.8,0.81,0.55,0.35,0.5,0,0.42,0.22,0
466,0.79,0.74,0.49,0.33,0.5,0,0.48,0.22,0
467,0.45,0.48,0.63,0.67,0.5,0,0.48,0.22,0
468,0.66,0.52,0.52,0.44,0.5,0,0.56,0.27,0
469,0.54,0.52,0.54,0.2,0.5,0,0.55,0.25,0
470,0.43,0.39,0.59,0.13,0.5,0,0.41,0.43,0
471,0.48,0.47,0.54,0.55,0.5,0,0.51,0.65,0
472,0.6,0.59,0.45,0.23,0.5,0,0.55,0.22,0
473,0.66,0.54,0.49,0.16,0.5,0,0.54,0.36,0
474,0.46,0.55,0.61,0.13,0.5,0,0.47,0.22,0
475,0.66,0.66,0.32,0.54,0.5,0,0.51,0.22,1
476,0.74,0.56,0.35,0.36,0.5,0,0.51,0.25,1
477,0.89,0.52,0.41,0.26,0.5,0,0.52,0.31,1
478,0.67,0.51,0.54,0.21,0.5,0,0.43,0.3,0
479,0.58,0.46,0.46,0.34,0.5,0,0.5,0.43,0
480,0.4,0.68,0.5,0.82,0.5,0,0.44,0.36,0
481,0.59,0.57,0.43,0.26,0.5,0,0.51,0.22,0
482,0.39,0.3,0.56,0.12,0.5,0,0.53,0.38,0
483,0.6,0.62,0.54,0.4,0.5,0,0.5,0.22,0
484,0.36,0.4,0.53,0.48,0.5,0,0.48,0.22,0
485,0.41,0.54,0.58,0.2,0.5,0,0.52,0.22,0
486,0.57,0.4,0.62,0.3,0.5,0,0.48,0.11,0
487,0.5,0.46,0.64,0.36,0.5,0,0.49,0.22,0
488,0.6,0.51,0.6,0.38,0.5,0.83,0.52,0.24,0
489,0.53,0.42,0.58,0.29,0.5,0,0.5,0.22,0
490,0.41,0.52,0.53,0.41,0.5,0,0.39,0.33,0
491,0.44,0.44,0.67,0.35,0.5,0,0.48,0.26,0
492,0.58,0.52,0.61,0.33,0.5,0,0.38,0.11,0
493,0.57,0.61,0.55,0.27,0.5,0,0.44,0.21,0
494,0.56,0.5,0.61,0.49,0.5,0,0.46,0.28,0
495,0.6,0.46,0.59,0.16,0.5,0,0.49,0.22,0
496,0.36,0.38,0.56,0.44,0.5,0,0.48,0.22,0
497,0.53,0.52,0.61,0.35,0.5,0,0.5,0.22,0
498,0.62,0.59,0.54,0.47,0.5,0,0.46,0.22,0
499,0.55,0.5,0.6,0.31,0.5,0,0.46,0.27,0
500,0.58,0.53,0.57,0.46,0.5,0,0.51,0.27,0
501,0.65,0.53,0.55,0.52,0.5,0,0.47,0.27,0
502,0.38,0.54,0.54,0.41,0.5,0,0.51,0.22,0
503,0.58,0.53,0.5,0.53,0.5,0,0.47,0.31,0
504,0.61,0.46,0.51,0.37,0.5,0,0.51,0.22,0
505,0.55,0.59,0.47,0.64,0.5,0,0.54,0.33,0
506,0.54,0.64,0.5,0.13,0.5,0,0.49,0.22,0
507,0.4,0.74,0.49,0.16,0.5,0,0.51,0.22,0
508,0.76,0.76,0.35,0.27,0.5,0,0.44,0.22,0
509,0.51,0.56,0.51,0.42,0.5,0,0.53,0.36,0
510,0.43,0.32,0.5,0.29,0.5,0,0.5,0.22,0
511,0.49,0.44,0.45,0.55,0.5,0,0.48,0.22,0
512,0.51,0.6,0.51,0.26,0.5,0,0.54,0.22,0
513,0.49,0.46,0.42,0.46,0.5,0,0.55,0.22,0
514,0.5,0.56,0.49,0.61,0.5,0,0.5,0.22,0
515,0.51,0.48,0.51,0.43,0.5,0,0.49,0.22,0
516,0.52,0.38,0.62,0.12,0.5,0,0.41,0.28,0
517,0.53,0.4,0.57,0.12,0.5,0,0.53,0.32,0
518,0.63,0.6,0.5,0.27,0.5,0,0.55,0.22,0
519,0.46,0.44,0.53,0.31,0.5,0,0.48,0.22,0
520,0.58,0.57,0.54,0.69,0.5,0,0.54,0.22,0
521,0.61,0.59,0.47,0.49,0.5,0,0.54,0.22,0
522,0.55,0.53,0.54,0.4,0.5,0,0.48,0.22,0
523,0.41,0.47,0.58,0.62,0.5,0,0.5,0.22,0
524,0.57,0.4,0.48,0.24,0.5,0,0.55,0.22,0
525,0.46,0.46,0.56,0.12,0.5,0,0.55,0.22,0
526,0.39,0.35,0.49,0.17,0.5,0,0.49,0.22,0
527,0.58,0.38,0.4,0.21,0.5,0,0.5,0.22,0
528,0.53,0.41,0.5,0.24,1,0,0.47,0.22,0
529,0.43,0.4,0.5,0.18,0.5,0,0.5,0.28,0
530,0.41,0.59,0.46,0.19,0.5,0,0.36,0.22,0
531,0.58,0.56,0.52,0.25,0.5,0,0.57,0.35,0
532,0.51,0.65,0.53,0.19,0.5,0,0.49,0.22,0
533,0.81,0.79,0.32,0.37,0.5,0,0.41,0.22,0
534,0.44,0.41,0.29,0.21,0.5,0,0.49,0.22,0
535,0.49,0.6,0.55,0.17,0.5,0,0.44,0.22,0
536,0.56,0.63,0.52,0.2,0.5,0,0.34,0.26,0
537,0.42,0.28,0.57,0.18,0.5,0,0.42,0.22,0
538,0.51,0.46,0.54,0.41,0.5,0,0.53,0.22,0
539,0.6,0.51,0.52,0.45,0.5,0,0.5,0.27,0
540,0.37,0.41,0.45,0.14,0.5,0,0.47,0.22,0
541,0.37,0.51,0.57,0.4,0.5,0,0.48,0.27,0
542,0.36,0.39,0.55,0.26,0.5,0,0.49,0.22,0
543,0.59,0.58,0.39,0.52,0.5,0,0.5,0.31,0
544,0.78,0.63,0.53,0.13,0.5,0,0.54,0.22,1
545,0.47,0.59,0.37,0.31,0.5,0,0.51,0.36,0
546,0.48,0.62,0.52,0.3,0.5,0,0.51,0.37,0
547,0.53,0.61,0.51,0.49,0.5,0,0.54,0.27,0
548,0.48,0.54,0.53,0.6,0.5,0,0.53,0.31,0
549,0.36,0.44,0.51,0.17,0.5,0,0.6,0.19,0
550,0.39,0.34,0.68,0.3,0.5,0,0.5,0.29,0
551,0.11,0.41,0.67,0.13,0.5,0,0.45,0.29,0
552,0.4,0.53,0.44,0.18,0.5,0,0.54,0.31,0
553,0.47,0.5,0.55,0.19,0.5,0,0.62,0.22,0
554,0.36,0.3,0.5,0.19,0.5,0,0.55,0.3,0
555,0.49,0.44,0.51,0.18,0.5,0,0.52,0.27,0
556,0.43,0.28,0.53,0.34,0.5,0,0.55,0.57,0
557,0.33,0.48,0.55,0.16,0.5,0,0.53,0.75,0
558,0.45,0.21,0.49,0.24,0.5,0,0.46,0.31,0
559,0.44,0.34,0.61,0.13,0.5,0,0.49,0.26,0
560,0.87,0.47,0.6,0.47,0.5,0,0.59,0.22,0
561,0.3,0.55,0.58,0.16,0.5,0,0.61,0.28,0
562,0.29,0.34,0.55,0.24,0.5,0,0.51,0.22,0
563,0.75,0.67,0.51,0.29,0.5,0,0.52,0.36,0
564,0.51,0.34,0.49,0.16,0.5,0,0.53,0.21,0
565,0.64,0.76,0.51,0.18,0.5,0,0.46,0.22,0
566,0.45,0.41,0.58,0.48,0.5,0,0.53,0.64,0
567,0.9,0.54,0.59,0.2,0.5,0,0.48,0.22,0
568,0.88,0.59,0.54,0.39,0.5,0,0.41,0.3,0
569,0.7,0.51,0.47,0.24,0.5,0,0.53,0.25,0
570,0.25,0.36,0.58,0.3,0.5,0,0.58,0.31,0
571,0.69,0.62,0.49,0,1,0,0.47,0.22,0
572,0.83,0.57,0.42,0.57,0.5,0,0.5,0.32,1
573,0.78,0.65,0.4,0.16,0.5,0,0.63,0.22,0
574,0.52,0.64,0.34,0.16,0.5,0,0.57,0.22,0
575,0.75,0.66,0.64,0.39,0.5,0,0.46,0.32,0
576,0.41,0.49,0.58,0.22,0.5,0,0.52,0.22,0
577,0.39,0.42,0.49,0.1,0.5,0,0.49,0.65,0
578,0.39,0.28,0.54,0.14,0.5,0,0.59,0.22,0
579,0.76,0.67,0.37,0.22,0.5,0,0.54,0.22,1
580,0.28,0.48,0.56,0.16,0.5,0,0.48,0.26,0
581,0.69,0.39,0.52,0.12,0.5,0,0.38,0.35,0
582,0.64,0.52,0.5,0.26,0.5,0,0.51,0.31,0
583,0.56,0.48,0.5,0.3,0.5,0,0.51,0.22,0
584,0.5,0.5,0.54,0.16,0.5,0,0.49,0.22,0
585,0.47,0.43,0.59,0.27,0.5,0,0.55,0.22,0
586,0.68,0.59,0.44,0.49,0.5,0,0.4,0.26,0
587,0.5,0.51,0.57,0.27,0.5,0,0.48,0.22,0
588,0.45,0.46,0.61,0.2,0.5,0,0.62,0.22,0
589,0.53,0.51,0.36,0.13,0.5,0,0.52,0.22,0
590,0.6,0.54,0.54,0.53,0.5,0,0.52,0.27,0
591,0.49,0.52,0.53,0.7,0.5,0,0.51,0.22,0
592,0.49,0.45,0.53,0.16,0.5,0,0.49,0.31,0
593,0.51,0.46,0.57,0.25,0.5,0,0.53,0.22,0
594,0.49,0.45,0.46,0.18,0.5,0,0.49,0.31,0
595,0.52,0.46,0.51,0.18,0.5,0,0.5,0.22,0
596,0.55,0.59,0.52,0.1,0.5,0,0.53,0.22,0
597,0.39,0.58,0.5,0.1,0.5,0,0.51,0.25,0
598,0.7,0.84,0.49,0.28,1,0,0.58,0.22,0
599,0.33,0.38,0.45,0.19,0.5,0,0.54,0.37,0
600,0.61,0.46,0.44,0.47,0.5,0,0.5,0.37,0
601,0.41,0.48,0.38,0.13,0.5,0,0.51,0.35,0
602,0.45,0.58,0.59,0.44,0.5,0,0.56,0.22,0
603,0.74,0.89,0.32,0.24,0.5,0,0.54,0.32,0
604,0.28,0.46,0.26,0.18,0.5,0,0.39,0.22,0
605,0.51,0.46,0.49,0.21,0.5,0,0.55,0.22,0
606,0.8,0.82,0.57,0.26,0.5,0,0.57,0.27,0
607,0.46,0.49,0.45,0.28,0.5,0,0.55,0.22,0
608,0.4,0.36,0.55,0.15,0.5,0,0.53,0.22,0
609,0.67,0.46,0.58,0.3,0.5,0,0.57,0.27,0
610,0.45,0.53,0.47,0.43,0.5,0,0.5,0.27,0
611,0.75,0.6,0.43,0.35,0.5,0,0.45,0.27,0
612,0.48,0.45,0.59,0.35,0.5,0,0.55,0.3,0
613,0.26,0.28,0.6,0.2,0.5,0,0.54,0.31,0
614,0.59,0.45,0.58,0.21,0.5,0,0.49,0.22,0
615,0.48,0.52,0.49,0.35,0.5,0.5,0.51,0.22,0
616,0.59,0.58,0.47,0.61,0.5,0,0.44,0.3,0
617,0.5,0.57,0.62,0.25,0.5,0,0.51,0.22,0
618,0.57,0.49,0.5,0.2,0.5,0,0.51,0.28,0
619,0.62,0.43,0.49,0.29,0.5,0,0.5,0.27,0
620,0.45,0.41,0.49,0.14,1,0,0.53,0.3,0
621,0.47,0.49,0.6,0.15,0.5,0,0.38,0.22,0
622,0.41,0.48,0.54,0.24,0.5,0,0.37,0.51,0
623,0.46,0.46,0.53,0.23,0.5,0,0.51,0.22,0
624,0.48,0.42,0.48,0.19,0.5,0,0.58,0.22,0
625,0.43,0.45,0.53,0.19,0.5,0,0.56,0.22,0
626,0.48,0.46,0.58,0.26,0.5,0,0.44,0.22,0
627,0.74,0.72,0.5,0.28,0.5,0,0.5,0.27,0
628,0.74,0.72,0.5,0.28,0.5,0,0.49,0.27,0
629,0.77,0.72,0.48,0.26,0.5,0,0.51,0.22,0
630,0.44,0.42,0.57,0.22,0.5,0,0.5,0.25,0
631,0.74,0.74,0.51,0.27,0.5,0,0.5,0.22,0
632,0.39,0.81,0.35,0.28,0.5,0,0.51,0.45,0
633,0.53,0.54,0.43,0.18,0.5,0,0.53,0.31,0
634,0.38,0.45,0.37,0.19,0.5,0,0.52,0.3,0
635,0.4,0.37,0.54,0.13,0.5,0,0.48,0.22,0
636,0.31,0.3,0.34,0.19,0.5,0,0.55,0.3,0
637,0.5,0.42,0.57,0.49,0.5,0,0.48,0.27,0
638,0.59,0.61,0.51,0.62,0.5,0,0.51,0.38,0
639,0.47,0.54,0.53,0.77,0.5,0,0.52,0.36,0
640,0.77,0.78,0.51,0.28,0.5,0,0.33,0.22,0
641,0.74,0.71,0.52,0.3,0.5,0,0.27,0.22,0
642,0.77,0.73,0.51,0.27,0.5,0,0.34,0.22,0
643,0.78,0.69,0.44,0.26,0.5,0,0.54,0.22,0
644,0.27,0.56,0.3,0.14,0.5,0,0.52,0.39,0
645,0.4,0.39,0.33,0.17,0.5,0,0.51,0.31,0
646,0.55,0.51,0.54,0.2,0.5,0,0.56,0.22,0
647,0.95,0.71,0.27,0.39,0.5,0,0.31,0.22,1
648,0.44,0.43,0.34,0.21,0.5,0,0.55,0.4,0
649,0.38,0.48,0.51,0.13,0.5,0,0.5,0.32,0
650,0.37,0.51,0.39,0.18,0.5,0,0.51,0.27,0
651,0.27,0.49,0.36,0.26,0.5,0,0.49,0.26,0
652,0.49,0.48,0.52,0.2,0.5,0,0.55,0.22,0
653,0.36,0.39,0.54,0.16,0.5,0,0.5,0.28,0
654,0.54,0.53,0.48,0.14,0.5,0,0.49,0.33,0
655,0.25,0.39,0.5,0.23,0.5,0,0.5,0.28,0
656,0.49,0.71,0.54,0.13,0.5,0,0.58,0.22,0
657,0.56,0.5,0.56,0.26,0.5,0,0.53,0.27,0
658,0.5,0.45,0.53,0.21,0.5,0,0.28,0.22,0
659,0.46,0.37,0.48,0.36,0.5,0,0.48,0.22,0
660,0.42,0.65,0.58,0.34,0.5,0,0.5,0.22,0
661,0.45,0.47,0.53,0.15,0.5,0,0.52,0.27,0
662,0.51,0.48,0.46,0.29,0.5,0,0.54,0.22,0
663,0.75,0.69,0.48,0.13,0.5,0,0.57,0.4,0
664,0.69,0.7,0.5,0.3,0.5,0,0.54,0.22,0
665,0.63,0.55,0.53,0.51,0.5,0,0.55,0.22,0
666,0.55,0.63,0.54,0.16,0.5,0,0.45,0.27,0
667,0.46,0.62,0.54,0.25,0.5,0,0.46,0.22,0
668,0.53,0.59,0.48,0.14,0.5,0,0.51,0.22,0
669,0.42,0.53,0.57,0.17,0.5,0,0.49,0.22,0
670,0.52,0.46,0.56,0.2,0.5,0,0.5,0.22,0
671,0.53,0.43,0.57,0.24,0.5,0,0.39,0.28,0
672,0.33,0.35,0.56,0.19,0.5,0,0.5,0.22,0
673,0.77,0.57,0.45,0.17,0.5,0,0.53,0.22,0
674,0.56,0.59,0.54,0.18,0.5,0,0.48,0.46,0
675,0.33,0.39,0.52,0.09,0.5,0,0.47,0.28,0
676,0.48,0.41,0.54,0.39,0.5,0,0.51,0.22,0
677,0.3,0.3,0.46,0.32,0.5,0,0.45,0.22,0
678,0.38,0.26,0.6,0.1,0.5,0,0.48,0.44,0
679,0.68,0.39,0.5,0.15,0.5,0,0.48,0.37,0
680,0.62,0.41,0.52,0.17,0.5,0,0.48,0.22,0
681,0.52,0.37,0.48,0.13,0.5,0,0.55,0.22,0
682,0.34,0.35,0.58,0.2,0.5,0,0.46,0.32,0
683,0.33,0.21,0.53,0.15,1,0,0.52,0.5,0
684,0.4,0.28,0.48,0.06,0.5,0,0.49,0.42,0
685,0.51,0.39,0.56,0.25,0.5,0,0.51,0.33,0
686,0.28,0.51,0.55,0.19,0.5,0,0.57,0.22,0
687,0.51,0.51,0.56,0.28,0.5,0,0.54,0.27,0
688,0.48,0.56,0.49,0.32,0.5,0,0.5,0.22,0
689,0.59,0.46,0.48,0.46,0.5,0,0.49,0.22,0
690,0.37,0.44,0.51,0.56,0.5,0,0.5,0.38,0
691,0.53,0.45,0.53,0.18,0.5,0,0.42,0.22,0
692,0.45,0.27,0.5,0.33,0.5,0,0.53,0.26,0
693,0.36,0.33,0.38,0.15,0.5,0,0.55,0.36,0
694,0.35,0.47,0.53,0.19,0.5,0,0.48,0.22,0
695,0.48,0.48,0.56,0.18,0.5,0,0.58,0.22,0
696,0.6,0.59,0.47,0.47,0.5,0,0.53,0.22,0
697,0.45,0.53,0.51,0.42,0.5,0,0.52,0.22,0
698,0.29,0.4,0.41,0.48,0.5,0,0.53,0.3,0
699,0.58,0.53,0.33,0.26,0.5,0,0.51,0.22,0
700,0.46,0.43,0.5,0.24,0.5,0,0.48,0.31,0
701,0.43,0.46,0.5,0.21,0.5,0,0.49,0.34,0
702,0.61,0.55,0.51,0.26,0.5,0,0.52,0.22,0
703,0.5,0.62,0.52,0.3,0.5,0,0.56,0.22,0
704,0.49,0.45,0.54,0.4,0.5,0,0.55,0.22,0
705,0.64,0.53,0.59,0.14,0.5,0,0.53,0.22,0
706,0.57,0.6,0.54,0.17,0.5,0,0.52,0.22,0
707,0.38,0.31,0.59,0.19,0.5,0,0.46,0.22,0
708,0.24,0.41,0.47,0.16,0.5,0,0.51,0.38,0
709,0.61,0.39,0.53,0.14,0.5,0,0.43,0.26,0
710,0.39,0.16,0.59,0.08,0.5,0,0.51,0.27,0
711,0.51,0.55,0.56,0.18,0.5,0,0.5,0.38,0
712,0.39,0.44,0.54,0.24,0.5,0,0.51,0.49,0
713,0.43,0.48,0.53,0.18,0.5,0,0.46,0.22,0
714,0.47,0.43,0.48,0.16,0.5,0,0.46,0.27,0
715,0.36,0.48,0.5,0.13,0.5,0,0.49,0.6,0
716,0.45,0.54,0.49,0.29,0.5,0,0.49,0.25,0
717,0.31,0.39,0.55,0.28,0.5,0,0.46,0.31,0
718,0.43,0.41,0.51,0.34,0.5,0,0.49,0.28,0
719,0.64,0.5,0.53,0.1,0.5,0,0.51,0.22,0
720,0.41,0.52,0.56,0.26,0.5,0,0.48,0.32,0
721,0.48,0.47,0.59,0.41,0.5,0,0.56,0.27,0
722,0.49,0.49,0.51,0.29,0.5,0,0.52,0.71,0
723,0.41,0.52,0.51,0.22,0.5,0,0.52,0.44,0
724,0.59,0.47,0.51,0.53,0.5,0,0.53,0.26,0
725,0.4,0.6,0.5,0.16,0.5,0,0.51,0.22,0
726,0.54,0.53,0.53,0.17,0.5,0,0.51,0.39,0
727,0.61,0.46,0.54,0.11,0.5,0,0.47,0.22,0
728,0.66,0.55,0.54,0.18,0.5,0,0.43,0.22,0
729,0.41,0.41,0.43,0.61,0.5,0,0.53,0.22,0
730,0.58,0.31,0.6,0.12,0.5,0,0.47,0.33,0
731,0.49,0.67,0.5,0.28,0.5,0,0.43,0.22,0
732,0.44,0.33,0.55,0.16,0.5,0,0.49,0.22,0
733,0.44,0.45,0.53,0.19,0.5,0,0.41,0.28,0
734,0.57,0.55,0.52,0.16,0.5,0,0.49,0.39,0
735,0.45,0.66,0.39,0.11,0.5,0,0.54,0.22,0
736,0.32,0.49,0.53,0.28,0.5,0,0.5,0.5,0
737,0.35,0.42,0.56,0.28,0.5,0,0.47,0.22,0
738,0.46,0.41,0.58,0.1,0.5,0,0.48,0.22,0
739,0.57,0.51,0.58,0.22,0.5,0,0.51,0.22,0
740,0.34,0.58,0.5,0.26,0.5,0,0.51,0.22,0
741,0.55,0.45,0.58,0.25,0.5,0,0.49,0.22,0
742,0.42,0.21,0.59,0.3,0.5,0,0.47,0.27,0
743,0.6,0.48,0.46,0.32,0.5,0,0.4,0.33,0
744,0.64,0.44,0.51,0.35,0.5,0,0.53,0.22,0
745,0.35,0.4,0.44,0.25,0.5,0,0.53,0.57,0
746,0.55,0.38,0.64,0.42,0.5,0,0.47,0.22,0
747,0.47,0.53,0.48,0.51,0.5,0,0.54,0.22,0
748,0.45,0.49,0.57,0.25,0.5,0,0.48,0.22,0
749,0.56,0.51,0.32,0.49,0.5,0,0.48,0.22,0
750,0.37,0.58,0.5,0.22,0.5,0,0.47,0.22,0
751,0.43,0.44,0.64,0.19,0.5,0,0.38,0.33,0
752,0.38,0.4,0.59,0.25,0.5,0,0.44,0.22,0
753,0.39,0.39,0.59,0.25,0.5,0,0.45,0.22,0
754,0.54,0.55,0.56,0.14,0.5,0,0.5,0.25,0
755,0.45,0.5,0.57,0.29,0.5,0,0.44,0.11,0
756,0.43,0.33,0.54,0.37,0.5,0,0.38,0.16,0
757,0.51,0.39,0.58,0.19,0.5,0,0.47,0.22,0
758,0.72,0.51,0.52,0.08,0.5,0,0.54,0.22,0
759,0.35,0.41,0.53,0.27,0.5,0,0.47,0.29,0
760,0.56,0.49,0.54,0.15,0.5,0,0.5,0.35,0
761,0.57,0.37,0.43,0.27,0.5,0,0.53,0.28,0
762,0.48,0.45,0.63,0.19,0.5,0,0.58,0.22,0
763,0.34,0.48,0.47,0.19,0.5,0,0.5,0.3,0
764,0.38,0.44,0.55,0.44,0.5,0,0.47,0.51,0
765,0.4,0.3,0.57,0.13,0.5,0,0.46,0.22,0
766,0.27,0.31,0.55,0.13,0.5,0,0.5,0.22,0
767,0.52,0.46,0.56,0.25,0.5,0,0.52,0.22,0
768,0.44,0.5,0.55,0.24,0.5,0,0.48,0.22,0
769,0.34,0.47,0.48,0.32,0.5,0,0.42,0.22,0
770,0.5,0.56,0.63,0.25,0.5,0,0.42,0.22,0
771,0.46,0.53,0.47,0.37,0.5,0,0.51,0.36,0
772,0.31,0.6,0.65,0.18,0.5,0,0.46,0.22,0
773,0.37,0.45,0.53,0.14,0.5,0,0.49,0.22,0
774,0.38,0.38,0.54,0.24,0.5,0,0.54,0.22,0
775,0.36,0.49,0.55,0.21,0.5,0,0.55,0.33,0
776,0.29,0.4,0.5,0.16,0.5,0,0.51,0.34,0
777,0.37,0.3,0.51,0.15,0.5,0,0.58,0.26,0
778,0.46,0.35,0.69,0.18,0.5,0,0.3,0.25,0
779,0.57,0.43,0.52,0.3,0.5,0,0.37,0.11,0
780,0.57,0.43,0.52,0.3,0.5,0,0.37,0.11,0
781,0.59,0.51,0.48,0.12,0.5,0,0.54,0.31,0
782,0.61,0.48,0.56,0.19,0.5,0,0.53,0.31,0
783,0.61,0.48,0.56,0.19,0.5,0,0.53,0.31,0
784,0.44,0.56,0.52,0.18,0.5,0,0.5,0.11,0
785,0.36,0.56,0.52,0.18,0.5,0,0.45,0.16,0
786,0.37,0.44,0.64,0.48,0.5,0,0.36,0.27,0
787,0.72,0.37,0.63,0.38,0.5,0,0.4,0.14,0
788,0.72,0.37,0.63,0.38,0.5,0,0.4,0.14,0
789,0.44,0.36,0.64,0.45,0.5,0,0.53,0.11,0
790,0.58,0.45,0.55,0.27,0.5,0,0.48,0.11,0
791,0.63,0.64,0.45,0.26,0.5,0,0.43,0.22,0
792,0.43,0.33,0.67,0.12,0.5,0,0.45,0.23,0
793,0.43,0.33,0.67,0.12,0.5,0,0.43,0.23,0
794,0.58,0.44,0.5,0.26,0.5,0,0.52,0.22,0
795,0.4,0.45,0.61,0.29,0.5,0,0.44,0.22,0
796,0.34,0.34,0.65,0.4,0.5,0,0.32,0.16,0
797,0.34,0.34,0.65,0.4,0.5,0,0.32,0.16,0
798,0.43,0.22,0.79,0.79,0.5,0,0.22,0,0
799,0.35,0.21,1,0.8,0.5,0,0.13,0.01,0
800,0.56,0.35,0.47,0.41,0.5,0,0.5,0.22,0
801,0.35,0.39,0.56,0.2,0.5,0,0.49,0.41,0
802,0.48,0.46,0.58,0.16,0.5,0,0.45,0.22,0
803,0.48,0.55,0.48,0.1,0.5,0,0.55,0.22,0
804,0.66,0.6,0.52,0.19,0.5,0,0.69,0.22,0
805,0.73,0.6,0.47,0.2,0.5,0,0.72,0.22,0
806,0.78,0.82,0.56,0.21,0.5,0,0.69,0.22,0
807,0.42,0.49,0.49,0.36,0.5,0,0.57,0.26,0
808,0.44,0.62,0.53,0.27,0.5,0,0.49,0.22,0
809,0.47,0.56,0.46,0.5,0.5,0,0.51,0.22,0
810,0.46,0.33,0.45,0.22,0.5,0,0.41,0.37,0
811,0.52,0.43,0.61,0.22,0.5,0,0.45,0.22,0
812,0.52,0.43,0.61,0.22,0.5,0,0.45,0.22,0
813,0.32,0.44,0.54,0.21,0.5,0,0.4,0.19,0
814,0.48,0.41,0.52,0.33,0.5,0,0.51,0.26,0
815,0.46,0.39,0.54,0.22,0.5,0,0.48,0.25,0
816,0.46,0.39,0.54,0.22,0.5,0,0.48,0.25,0
817,0.46,0.54,0.59,0.41,0.5,0,0.53,0.21,0
818,0.46,0.54,0.59,0.41,0.5,0,0.53,0.21,0
819,0.39,0.65,0.57,0.19,0.5,0,0.43,0.25,0
820,0.38,0.5,0.52,0.44,0.5,0,0.54,0.11,0
821,0.38,0.5,0.52,0.44,0.5,0,0.54,0.11,0
822,0.51,0.52,0.58,0.17,0.5,0,0.47,0.28,0
823,0.57,0.48,0.54,0.22,0.5,0,0.5,0.11,0
824,0.5,0.5,0.62,0.23,0.5,0,0.35,0.11,0
825,0.41,0.49,0.65,0.28,0.5,0,0.59,0.57,0
826,0.53,0.57,0.6,0.36,0.5,0,0.5,0.22,0
827,0.53,0.57,0.6,0.36,0.5,0,0.5,0.22,0
828,0.37,0.3,0.62,0.43,0.5,0,0.44,0.39,0
829,0.37,0.3,0.62,0.43,0.5,0,0.44,0.39,0
830,0.6,0.57,0.52,0.14,0.5,0,0.46,0.48,0
831,0.42,0.38,0.52,0.29,0.5,0,0.42,0.22,0
832,0.41,0.46,0.58,0.08,0.5,0,0.51,0.28,0
833,0.37,0.37,0.51,0.38,0.5,0,0.44,0.22,0
834,0.57,0.5,0.4,0.08,0.5,0,0.47,0.22,0
835,0.51,0.4,0.5,0.28,0.5,0,0.48,0.27,0
836,0.34,0.25,0.55,0.28,0.5,0,0.51,0.49,0
837,0.77,0.86,0.44,0.27,0.5,0,0.48,0.22,0
838,0.56,0.42,0.52,0.14,0.5,0,0.51,0.22,0
839,0.39,0.46,0.33,0.18,0.5,0,0.53,0.22,0
840,0.52,0.54,0.47,0.49,0.5,0,0.54,0.22,0
841,0.46,0.49,0.55,0.18,0.5,0,0.56,0.22,0
842,0.53,0.51,0.55,0.57,0.5,0,0.46,0.22,0
843,0.54,0.64,0.4,0.56,0.5,0,0.51,0.22,0
844,0.47,0.58,0.47,0.52,0.5,0,0.54,0.22,0
845,0.6,0.51,0.49,0.18,0.5,0,0.53,0.38,0
846,0.55,0.52,0.44,0.2,0.5,0,0.56,0.22,1
847,0.49,0.38,0.56,0.09,0.5,0,0.46,0.22,0
848,0.38,0.4,0.53,0.12,0.5,0,0.55,0.22,0
849,0.55,0.55,0.52,0.13,0.5,0,0.53,0.25,0
850,0.46,0.44,0.58,0.17,0.5,0,0.55,0.22,0
851,0.34,0.46,0.52,0.19,0.5,0,0.53,0.26,0
852,0.46,0.47,0.44,0.18,1,0,0.46,0.22,1
853,0.44,0.71,0.5,0.21,0.5,0,0.54,0.27,0
854,0.56,0.49,0.32,0.22,0.5,0,0.5,0.22,1
855,0.54,0.51,0.56,0.15,0.5,0,0.54,0.31,0
856,0.51,0.51,0.32,0.27,0.5,0,0.54,0.22,0
857,0.46,0.38,0.51,0.2,0.5,0,0.51,0.22,0
858,0.54,0.44,0.35,0.19,0.5,0,0.51,0.27,0
859,0.65,0.66,0.37,0.12,0.5,0,0.52,0.27,0
860,0.39,0.71,0.38,0.14,0.5,0,0.5,0.22,1
861,0.37,0.42,0.46,0.15,0.5,0,0.51,0.31,1
862,0.59,0.55,0.57,0.18,0.5,0,0.51,0.22,0
863,0.48,0.51,0.5,0.24,0.5,0,0.54,0.38,0
864,0.39,0.3,0.63,0.2,0.5,0,0.43,0.47,0
865,0.47,0.52,0.54,0.25,0.5,0,0.54,0.29,0
866,0.77,0.82,0.4,0.36,0.5,0,0.38,0.22,0
867,0.52,0.55,0.39,0.09,1,0,0.55,0.25,0
868,0.42,0.28,0.33,0.23,0.5,0,0.39,0.26,0
869,0.47,0.37,0.46,0.28,0.5,0,0.52,0.99,0
870,0.48,0.5,0.47,0.29,0.5,0,0.46,0.27,0
871,0.3,0.33,0.55,0.12,0.5,0,0.53,0.38,0
872,0.49,0.49,0.52,0.18,0.5,0,0.51,0.25,0
873,0.54,0.59,0.57,0.34,0.5,0,0.49,0.22,0
874,0.7,0.78,0.53,0.24,0.5,0,0.48,0.22,0
875,0.85,0.69,0.34,0.31,0.5,0,0.57,0.3,0
876,0.56,0.59,0.45,0.15,0.5,0,0.54,0.22,0
877,0.7,0.57,0.34,0.19,0.5,0,0.53,0.27,1
878,0.42,0.43,0.67,0.7,0.5,0,0.42,0.25,0
879,0.47,0.44,0.53,0.18,0.5,0,0.47,0.29,0
880,0.45,0.65,0.51,0.17,0.5,0,0.49,0.22,0
881,0.42,0.42,0.55,0.31,0.5,0,0.43,0.22,0
882,0.42,0.28,0.49,0.22,0.5,0,0.55,0.34,0
883,0.47,0.5,0.47,0.22,0.5,0,0.53,0.45,0
884,0.56,0.55,0.57,0.15,0.5,0,0.54,0.25,0
885,0.37,0.47,0.49,0.12,0.5,0,0.47,0.31,0
886,0.32,0.6,0.48,0.13,0.5,0,0.53,0.22,0
887,0.46,0.56,0.56,0.25,0.5,0,0.43,0.22,0
888,0.47,0.55,0.57,0.17,0.5,0,0.52,0.66,0
889,0.37,0.55,0.52,0.13,0.5,0,0.42,0.8,0
890,0.52,0.65,0.36,0.37,0.5,0,0.52,0.34,0
891,0.64,0.31,0.53,0.15,0.5,0,0.53,0.31,0
892,0.4,0.43,0.36,0.33,0.5,0,0.51,0.22,0
893,0.47,0.56,0.51,0.2,0.5,0,0.52,0.59,0
894,0.48,0.55,0.58,0.18,0.5,0,0.38,0.69,0
895,0.57,0.51,0.34,0.13,0.5,0,0.53,0.27,0
896,0.23,0.37,0.32,0.13,0.5,0,0.53,0.22,0
897,0.54,0.5,0.51,0.26,0.5,0,0.52,0.22,0
898,0.27,0.41,0.24,0.2,0.5,0,0.49,0.22,0
899,0.25,0.35,0.22,0.18,0.5,0,0.46,0.22,0
900,0.37,0.4,0.38,0.18,0.5,0,0.51,0.22,0
901,0.43,0.47,0.47,0.18,0.5,0,0.47,0.22,0
902,0.66,0.43,0.57,0.6,0.5,0,0.19,0.33,0
903,0.55,0.4,0.62,0.22,0.5,0,0.37,0.28,0
904,0.51,0.5,0.54,0.11,0.5,0,0.6,0.22,0
905,0.54,0.6,0.57,0.17,0.5,0,0.44,0.22,0
906,0.55,0.57,0.51,0.07,0.5,0,0.55,0.22,0
907,0.54,0.47,0.58,0.4,0.5,0,0.46,0.27,0
908,0.36,0.32,0.55,0.27,0.5,0,0.47,0.43,0
909,0.46,0.41,0.45,0.23,0.5,0,0.48,0.22,0
910,0.4,0.39,0.6,0.23,0.5,0,0.52,0.31,0
911,0.52,0.47,0.58,0.18,0.5,0,0.34,0.11,0
912,0.5,0.45,0.51,0.19,0.5,0,0.53,0.25,0
913,0.46,0.5,0.5,0.28,0.5,0,0.5,0.37,0
914,0.66,0.65,0.54,0.4,0.5,0,0.51,0.22,0
915,0.77,0.73,0.49,0.46,0.5,0,0.38,0.22,0
916,0.32,0.68,0.51,0.16,0.5,0.83,0.55,0.22,0
917,0.27,0.46,0.52,0.17,0.5,0,0.49,0.44,0
918,0.52,0.45,0.45,0.13,0.5,0,0.48,0.22,0
919,0.37,0.29,0.45,0.15,0.5,0,0.49,0.22,0
920,0.37,0.48,0.67,0.37,0.5,0,0.56,0.62,0
921,0.44,0.59,0.54,0.18,0.5,0,0.49,0.22,0
922,0.59,0.49,0.45,0.22,0.5,0,0.45,0.31,0
923,0.73,0.52,0.59,0.25,0.5,0,0.51,0.22,0
924,0.5,0.43,0.5,0.17,0.5,0,0.46,0.47,0
925,0.23,0.13,0.51,0.16,0.5,0,0.53,0.51,0
926,0.52,0.31,0.56,0.16,0.5,0,0.55,0.22,0
927,0.49,0.6,0.42,0.18,0.5,0,0.58,0.28,0
928,0.6,0.62,0.54,0.11,0.5,0,0.51,0.22,0
929,0.55,0.47,0.53,0.2,0.5,0,0.4,0.22,0
930,0.47,0.32,0.51,0.24,0.5,0,0.54,0.27,0
931,0.53,0.25,0.59,0.27,0.5,0,0.45,0.26,0
932,0.31,0.5,0.54,0.32,0.5,0,0.53,0.31,0
933,0.25,0.33,0.48,0.18,0.5,0,0.42,0.33,0
934,0.55,0.46,0.47,0.15,0.5,0,0.47,0.22,0
935,0.5,0.52,0.51,0.22,0.5,0,0.46,0.37,0
936,0.62,0.33,0.49,0.24,0.5,0,0.51,0.42,0
937,0.56,0.52,0.46,0.17,0.5,0,0.49,0.73,0
938,0.52,0.56,0.55,0.16,0.5,0,0.53,0.39,0
939,0.51,0.48,0.51,0.19,0.5,0,0.51,0.27,0
940,0.51,0.48,0.51,0.26,0.5,0,0.51,0.27,0
941,0.53,0.48,0.51,0.18,0.5,0,0.51,0.27,0
942,0.6,0.46,0.51,0.1,0.5,0,0.48,0.31,0
943,0.44,0.39,0.63,0.11,0.5,0,0.49,0.26,0
944,0.51,0.5,0.49,0.45,0.5,0,0.48,0.22,0
945,0.45,0.45,0.51,0.3,0.5,0,0.48,0.44,0
946,0.19,0.66,0.6,0.14,0.5,0,0.2,0.25,0
947,0.25,0.42,0.21,0.14,0.5,0,0.41,0.22,0
948,0.7,0.58,0.53,0.39,0.5,0,0.59,0.22,0
949,0.49,0.31,0.43,0.24,0.5,0,0.54,0.22,0
950,0.46,0.41,0.43,0.18,0.5,0,0.54,0.22,0
951,0.83,0.81,0.45,0.38,0.5,0,0.4,0.26,0
952,0.38,0.51,0.56,0.21,0.5,0,0.48,0.31,0
953,0.32,0.36,0.28,0.38,0.5,0,0.5,0.4,0
954,0.4,0.65,0.38,0.17,0.5,0,0.57,0.22,0
955,0.49,0.55,0.41,0.19,0.5,0,0.48,0.31,0
956,0.3,0.45,0.55,0.19,0.5,0,0.53,0.4,0
957,0.88,0.72,0.32,0.3,0.5,0,0.52,0.33,0
958,0.44,0.4,0.53,0.19,0.5,0,0.48,0.27,0
959,0.45,0.57,0.52,0.21,0.5,0,0.54,0.38,0
960,0.46,0.61,0.38,0.35,0.5,0,0.49,0.22,0
961,0.55,0.41,0.67,0.61,0.5,0,0.49,0.14,0
962,0.28,0.18,0.72,0.26,0.5,0,0.49,0.25,0
963,0.66,0.65,0.53,0.17,0.5,0,0.47,0.66,0
964,0.36,0.5,0.39,0.23,0.5,0,0.5,0.22,0
965,0.48,0.54,0.56,0.29,0.5,0,0.51,0.43,0
966,0.33,0.37,0.49,0.22,0.5,0,0.55,0.22,0
967,0.58,0.43,0.32,0.11,0.5,0,0.49,0.22,0
968,0.74,0.82,0.46,0.24,0.5,0,0.5,0.31,0
969,0.75,0.76,0.58,0.22,0.5,0,0.49,0.22,0
970,0.58,0.37,0.58,0.16,0.5,0,0.51,0.22,0
971,0.39,0.39,0.65,0.16,0.5,0,0.45,0.22,0
972,0.51,0.59,0.55,0.21,0.5,0,0.52,0.22,0
973,0.41,0.35,0.6,0.22,0.5,0,0.56,0.79,0
974,0.43,0.28,0.41,0.32,0.5,0,0.52,0.22,0
975,0.41,0.49,0.55,0.13,0.5,0,0.55,0.22,0
976,0.23,0.29,0.46,0,0.5,0,0.43,0.31,0
977,0.25,0.48,0.45,0.32,0.5,0,0.4,0.22,0
978,0.38,0.34,0.55,0.44,0.5,0,0.48,0.26,0
979,0.61,0.54,0.54,0.38,0.5,0,0.54,0.29,0
980,0.48,0.17,0.37,0.33,0.5,0,0.44,0.36,0
981,0.47,0.47,0.5,0.19,0.5,0,0.51,0.26,0
982,0.41,0.39,0.61,0.17,0.5,0,0.5,0.61,0
983,0.41,0.56,0.53,0.16,0.5,0,0.55,0.26,0
984,0.63,0.64,0.49,0.2,0.5,0,0.52,0.25,0
985,0.31,0.4,0.31,0.17,0.5,0,0.52,0.22,0
986,0.48,0.44,0.46,0.37,0.5,0,0.46,0.36,0
987,0.5,0.49,0.46,0.22,0.5,0,0.53,0.25,0
988,0.62,0.42,0.47,0.16,0.5,0,0.52,0.22,0
989,0.39,0.47,0.49,0.2,0.5,0,0.53,0.26,0
990,0.49,0.48,0.52,0.24,0.5,0,0.5,0.22,0
991,0.59,0.48,0.49,0.42,0.5,0,0.52,0.22,0
992,0.57,0.35,0.5,0.43,0.5,0,0.53,0.22,0
993,0.61,0.52,0.5,0.44,0.5,0,0.53,0.22,0
994,0.49,0.51,0.52,0.13,0.5,0,0.51,0.33,0
995,0.45,0.4,0.56,0.15,0.5,0,0.52,0.22,0
996,0.63,0.43,0.48,0.11,0.5,0,0.51,0.22,0
997,0.52,0.45,0.53,0.34,0.5,0,0.52,0.44,0
998,0.54,0.48,0.55,0.33,0.5,0,0.55,0.4,0
999,0.58,0.51,0.63,0.2,0.5,0,0.5,0.42,0
1000,0.54,0.67,0.56,0.15,0.5,0,0.57,0.33,0
1001,0.41,0.59,0.65,0.14,0.5,0,0.49,0.33,0
1002,0.33,0.17,0.52,0.13,0.5,0,0.51,0.75,0
1003,0.54,0.55,0.55,0.4,0.5,0,0.53,0.22,0
1004,0.31,0.31,0.57,0.15,0.5,0,0.5,0.22,0
1005,0.38,0.42,0.5,0.19,0.5,0,0.44,0.22,0
1006,0.33,0.36,0.62,0.26,0.5,0,0.55,0.22,0
1007,0.38,0.42,0.5,0.19,0.5,0,0.44,0.22,0
1008,0.47,0.56,0.58,0.19,0.5,0,0.44,0.64,0
1009,0.32,0.32,0.52,0.18,0.5,0,0.48,0.34,0
1010,0.41,0.46,0.57,0.25,0.5,0,0.57,0.38,0
1011,0.44,0.54,0.51,0.16,0.5,0,0.58,0.22,0
1012,0.44,0.55,0.51,0.16,0.5,0,0.6,0.22,0
1013,0.77,0.7,0.44,0.29,0.5,0,0.56,0.22,0
1014,0.4,0.56,0.53,0.15,0.5,0,0.49,0.22,0
1015,0.79,0.79,0.42,0.26,0.5,0,0.6,0.22,0
1016,0.8,0.83,0.43,0.24,0.5,0,0.54,0.22,0
1017,0.58,0.55,0.51,0.13,0.5,0,0.52,0.22,0
1018,0.55,0.69,0.51,0.12,0.5,0,0.51,0.22,0
1019,0.47,0.46,0.53,0.12,0.5,0,0.51,0.25,0
1020,0.57,0.29,0.63,0.22,0.5,0,0.49,0.27,0
1021,0.52,0.49,0.59,0.21,0.5,0,0.47,0.22,0
1022,0.41,0.42,0.53,0.17,0.5,0,0.48,0.58,0
1023,0.45,0.36,0.5,0.19,0.5,0,0.53,0.7,0
1024,0.53,0.51,0.54,0.21,0.5,0,0.45,0.22,0
1025,0.49,0.5,0.42,0.43,0.5,0,0.5,0.36,0
1026,0.49,0.46,0.54,0.18,0.5,0,0.35,0.22,0
1027,0.42,0.37,0.54,0.17,0.5,0,0.51,0.22,0
1028,0.42,0.45,0.75,0.21,0.5,0,0.48,0.22,0
1029,0.39,0.45,0.75,0.17,0.5,0,0.51,0.22,0
1030,0.63,0.54,0.53,0.27,0.5,0,0.49,0.22,0
1031,0.54,0.43,0.48,0.27,0.5,0,0.44,0.41,0
1032,0.4,0.44,0.5,0.13,0.5,0,0.52,0.39,0
1033,0.55,0.39,0.39,0.47,0.5,0,0.5,0.83,0
1034,0.59,0.48,0.41,0.53,0.5,0,0.48,0.56,0
1035,0.49,0.38,0.49,0.15,0.5,0,0.53,0.25,0
1036,0.53,0.45,0.52,0.29,0.5,0,0.55,0.38,0
1037,0.62,0.6,0.54,0.22,0.5,0,0.54,0.27,0
1038,0.33,0.46,0.53,0.12,0.5,0,0.5,0.27,0
1039,0.57,0.36,0.51,0.25,0.5,0,0.54,0.25,0
1040,0.45,0.76,0.51,0.25,0.5,0,0.59,0.22,0
1041,0.48,0.44,0.51,0.24,0.5,0,0.49,0.22,0
1042,0.59,0.64,0.44,0.26,0.5,0,0.5,0.22,0
1043,0.79,0.56,0.53,0.19,0.5,0,0.47,0.35,0
1044,0.5,0.5,0.48,0.34,0.5,0,0.52,0.27,0
1045,0.79,0.62,0.35,0.35,0.5,0,0.6,0.28,1
1046,0.52,0.5,0.6,0.2,0.5,0,0.52,0.22,0
1047,0.59,0.46,0.57,0.17,0.5,0,0.52,0.22,0
1048,0.53,0.42,0.53,0.19,0.5,0,0.47,0.22,0
1049,0.61,0.73,0.5,0.58,0.5,0,0.5,0.22,0
1050,0.5,0.43,0.56,0.17,0.5,0,0.35,0.22,0
1051,0.52,0.51,0.48,0.12,0.5,0,0.54,0.31,0
1052,0.56,0.46,0.51,0.25,0.5,0,0.54,0.22,0
1053,0.47,0.46,0.49,0.27,0.5,0,0.59,0.22,0
1054,0.5,0.46,0.49,0.27,0.5,0,0.6,0.22,0
1055,0.43,0.48,0.36,0.26,0.5,0,0.52,0.22,0
1056,0.59,0.7,0.46,0.19,0.5,0,0.54,0.44,0
1057,0.19,0.41,0.55,0.13,0.5,0,0.52,0.25,0
1058,0.27,0.43,0.5,0.13,0.5,0,0.54,0.31,0
1059,0.42,0.46,0.44,0.17,0.5,0,0.51,0.42,0
1060,0.49,0.36,0.47,0.28,0.5,0,0.56,0.54,0
1061,0.42,0.51,0.33,0.16,0.5,0,0.54,0.22,0
1062,0.6,0.57,0.63,0.22,0.5,0,0.5,0.49,0
1063,0.53,0.44,0.54,0.52,0.5,0,0.49,0.38,0
1064,0.48,0.39,0.56,0.23,0.5,0,0.6,0.22,0
1065,0.56,0.49,0.47,0.13,0.5,0,0.52,0.22,0
1066,0.47,0.59,0.56,0.09,0.5,0,0.5,0.22,0
1067,0.54,0.35,0.55,0.19,0.5,0,0.3,0.22,0
1068,0.5,0.47,0.45,0.14,0.5,0,0.53,0.32,0
1069,0.66,0.37,0.6,0.25,0.5,0,0.69,0.22,0
1070,0.36,0.51,0.51,0.17,0.5,0,0.52,0.22,0
1071,0.44,0.35,0.55,0.14,0.5,0,0.52,0.22,0
1072,0.73,0.59,0.35,0.15,0.5,0,0.54,0.22,0
1073,0.6,0.37,0.52,0.15,0.5,0,0.55,0.26,0
1074,0.64,0.61,0.56,0.15,0.5,0,0.54,0.22,0
1075,0.48,0.58,0.58,0.12,0.5,0,0.49,0.22,0
1076,0.65,0.58,0.53,0.21,0.5,0,0.51,0.22,0
1077,0.48,0.49,0.49,0.26,0.5,0,0.39,0.27,0
1078,0.4,0.36,0.32,0.16,0.5,0,0.51,0.27,0
1079,0.5,0.55,0.52,0.16,0.5,0,0.51,0.31,0
1080,0.65,0.63,0.47,0.22,0.5,0,0.52,0.27,0
1081,0.25,0.4,0.54,0.16,0.5,0,0.43,0.22,0
1082,0.63,0.56,0.52,0.21,0.5,0,0.5,0.22,0
1083,0.56,0.68,0.42,0.36,0.5,0,0.49,0.22,0
1084,0.46,0.52,0.51,0.13,0.5,0,0.47,0.22,0
1085,0.5,0.4,0.57,0.17,0.5,0,0.59,0.22,0
1086,0.78,0.71,0.35,0.25,0.5,0,0.49,0.22,0
1087,0.64,0.56,0.52,0.17,0.5,0,0.54,0.47,0
1088,1,0.8,0.29,0.36,0.5,0,0.52,0.22,0
1089,0.51,0.39,0.56,0.55,0.5,0,0.46,0.64,0
1090,0.69,0.66,0.36,0.09,0.5,0,0.56,0.22,0
1091,0.49,0.53,0.36,0.15,0.5,0,0.52,0.27,0
1092,0.39,0.63,0.41,0.27,0.5,0,0.49,0.22,0
1093,0.77,0.78,0.27,0.37,0.5,0,0.49,0.22,0
1094,0.49,0.49,0.4,0.2,0.5,0,0.48,0.26,0
1095,0.57,0.53,0.6,0.28,0.5,0,0.52,0.45,0
1096,0.53,0.52,0.49,0.27,0.5,0,0.51,0.22,0
1097,0.33,0.49,0.46,0.22,0.5,0,0.53,0.33,0
1098,0.45,0.39,0.46,0.29,0.5,0,0.42,0.22,0
1099,0.32,0.3,0.57,0.38,0.5,0,0.5,0.25,0
1100,0.45,0.5,0.43,0.16,0.5,0,0.52,0.28,0
1101,0.24,0.25,0.57,0.28,0.5,0,0.51,0.11,0
1102,0.46,0.61,0.55,0.29,0.5,0,0.49,0.22,0
1103,0.54,0.44,0.38,0.22,0.5,0,0.54,0.3,0
1104,0.25,0.41,0.47,0.14,0.5,0,0.56,0.68,0
1105,0.43,0.41,0.37,0.18,0.5,0,0.54,0.31,0
1106,0.4,0.44,0.47,0.25,0.5,0,0.54,0.56,0
1107,0.46,0.59,0.38,0.12,0.5,0,0.5,0.22,0
1108,0.8,0.82,0.4,0.31,0.5,0,0.57,0.25,0
1109,0.29,0.39,0.46,0.36,0.5,0,0.51,0.22,0
1110,0.57,0.52,0.46,0.2,0.5,0.83,0.52,0.41,0
1111,0.43,0.6,0.4,0.12,0.5,0,0.49,0.29,0
1112,0.56,0.71,0.47,0.21,0.5,0,0.52,0.22,0
1113,0.65,0.62,0.26,0.33,0.5,0,0.55,0.22,0
1114,0.47,0.61,0.32,0.27,0.5,0,0.5,0.3,0
1115,0.71,0.51,0.49,0.23,0.5,0,0.3,0.32,1
1116,0.59,0.48,0.49,0.49,0.5,0,0.36,0.32,0
1117,0.58,0.63,0.52,0.7,0.5,0,0.46,0.22,0
1118,0.3,0.68,0.41,0.17,0.5,0,0.51,0.22,0
1119,0.74,0.73,0.32,0.2,0.5,0,0.55,0.22,0
1120,0.67,0.61,0.39,0.24,0.5,0,0.51,0.22,0
1121,0.69,0.57,0.39,0.19,0.5,0,0.48,0.39,1
1122,0.51,0.38,0.42,0.21,0.5,0,0.46,0.34,0
1123,0.32,0.45,0.39,0.14,0.5,0,0.45,0.22,0
1124,0.75,0.73,0.35,0.33,0.5,0,0.49,0.28,0
1125,0.54,0.54,0.56,0.18,0.5,0,0.46,0.29,0
1126,0.71,0.64,0.42,0.28,0.5,0,0.43,0.22,0
1127,0.58,0.44,0.45,0.32,0.5,0,0.52,0.37,0
1128,0.52,0.65,0.36,0.26,0.5,0,0.44,0.22,0
1129,0.64,0.44,0.56,0.15,0.5,0,0.56,0.22,0
1130,0.42,0.71,0.45,0.15,0.5,0,0.48,0.22,0
1131,0.38,0.37,0.36,0.14,0.5,0,0.54,0.22,0
1132,0.4,0.4,0.44,0.37,0.5,0,0.53,0.25,0
1133,0.38,0.56,0.38,0.16,0.5,0,0.53,0.22,0
1134,0.8,0.79,0.43,0.25,0.5,0,0.52,0.22,0
1135,0.63,0.65,0.42,0.18,0.5,0,0.54,0.27,0
1136,0.47,0.4,0.63,0.19,0.5,0,0.52,0.32,0
1137,0.83,0.94,0.32,0.21,0.5,0,0.51,0.22,0
1138,0.61,0.76,0.3,0.16,0.5,0,0.45,0.41,0
1139,0.33,0.38,0.47,0.14,0.5,0,0.51,0.47,0
1140,0.38,0.67,0.33,0.17,0.5,0,0.51,0.22,0
1141,0.39,0.33,0.33,0.23,0.5,0,0.47,0.22,0
1142,0.5,0.63,0.45,0.13,0.5,0,0.45,0.32,0
1143,0.2,0.6,0.5,0.29,0.5,0,0.51,0.22,0
1144,0.29,0.26,0.43,0.17,0.5,0,0.55,0.3,0
1145,0.51,0.46,0.41,0.36,0.5,0,0.49,0.22,0
1146,0.92,0.66,0.52,0.23,0.5,0,0.53,0.22,0
1147,0.38,0.44,0.57,0.14,0.5,0,0.53,0.52,0
1148,0.72,0.73,0.41,0.28,0.5,0,0.44,0.22,0
1149,0.8,0.73,0.47,0.19,0.5,0,0.49,0.22,0
1150,0.49,0.55,0.35,0.23,0.5,0,0.57,0.22,0
1151,0.63,0.71,0.44,0.53,0.5,0,0.52,0.22,1
1152,0.6,0.68,0.3,0.27,0.5,0,0.55,0.22,0
1153,0.4,0.43,0.49,0.17,0.5,0,0.51,0.36,0
1154,0.82,0.63,0.47,0.18,0.5,0,0.5,0.22,0
1155,0.52,0.46,0.34,0.2,0.5,0,0.51,0.25,0
1156,0.34,0.24,0.51,0.15,0.5,0,0.54,0.4,0
1157,0.35,0.29,0.46,0.14,0.5,0,0.54,0.66,0
1158,0.58,0.67,0.49,0.16,0.5,0,0.47,0.28,0
1159,0.85,0.85,0.3,0.31,0.5,0,0.55,0.42,0
1160,0.41,0.25,0.59,0.44,0.5,0,0.6,0.69,0
1161,0.57,0.59,0.49,0.86,0.5,0,0.47,0.22,0
1162,0.77,0.74,0.37,0.29,0.5,0,0.45,0.22,0
1163,0.47,0.38,0.58,0.19,0.5,0,0.57,0.22,0
1164,0.5,0.61,0.44,0.2,0.5,0,0.49,0.22,0
1165,0.41,0.45,0.46,0.23,0.5,0,0.5,0.7,0
1166,0.46,0.62,0.46,0.54,0.5,0,0.51,0.27,0
1167,0.74,0.75,0.45,0.44,0.5,0,0.52,0.22,0
1168,0.52,0.53,0.58,0.69,0.5,0,0.5,0.22,0
1169,0.41,0.47,0.5,0.14,0.5,0,0.53,0.37,0
1170,0.25,0.4,0.52,0.15,0.5,0,0.56,0.28,0
1171,0.32,0.29,0.29,0.08,0.5,0,0.52,0.22,0
1172,0.38,0.48,0.57,0.3,0.5,0,0.41,0.11,0
1173,0.39,0.58,0.47,0.18,0.5,0,0.48,0.22,0
1174,0.38,0.47,0.47,0.18,0.5,0,0.44,0.26,0
1175,0.63,0.57,0.5,0.48,0.5,0,0.51,0.22,0
1176,0.51,0.45,0.62,0.25,0.5,0,0.59,0.22,0
1177,0.59,0.67,0.54,0.19,0.5,0,0.48,0.6,0
1178,0.6,0.61,0.54,0.11,0.5,0,0.46,0.22,0
1179,0.48,0.61,0.57,0.17,0.5,0,0.45,0.22,0
1180,0.71,0.5,0.5,0.18,0.5,0,0.46,0.22,0
1181,0.61,0.48,0.54,0.25,0.5,0,0.5,0.22,0
1182,0.38,0.32,0.64,0.41,0.5,0,0.44,0.11,0
1183,0.38,0.4,0.66,0.35,0.5,0,0.43,0.11,0
1184,0.81,0.62,0.43,0.17,0.5,0,0.53,0.22,1
1185,0.47,0.43,0.61,0.4,0.5,0,0.48,0.47,0
1186,0.43,0.4,0.6,0.16,0.5,0,0.53,0.39,0
1187,0.65,0.54,0.54,0.13,0.5,0,0.53,0.22,0
1188,0.58,0.44,0.57,0.13,0.5,0,0.54,0.22,0
1189,0.51,0.4,0.56,0.17,0.5,0.5,0.49,0.22,0
1190,0.4,0.42,0.57,0.35,0.5,0,0.53,0.25,0
1191,0.51,0.51,0.52,0.51,0.5,0,0.54,0.22,0
1192,0.8,0.88,0.36,0.39,0.5,0,0.56,0.33,0
1193,0.38,0.61,0.61,0.12,0.5,0,0.53,0.47,0
1194,0.57,0.53,0.53,0.34,0.5,0,0.53,0.22,0
1195,0.41,0.54,0.39,0.2,0.5,0,0.51,0.22,0
1196,0.37,0.36,0.56,0.18,0.5,0,0.48,0.26,0
1197,0.49,0.39,0.52,0.29,0.5,0,0.48,0.22,0
1198,0.66,0.62,0.49,0.1,0.5,0,0.49,0.22,0
1199,0.45,0.58,0.48,0.67,0.5,0,0.52,0.22,0
1200,0.41,0.46,0.59,0.19,0.5,0,0.58,0.27,0
1201,0.48,0.54,0.55,0.12,0.5,0,0.51,0.22,0
1202,0.58,0.51,0.49,0.27,0.5,0,0.57,0.29,0
1203,0.48,0.45,0.55,0.5,0.5,0,0.53,0.22,0
1204,0.46,0.38,0.47,0.22,0.5,0,0.52,0.27,0
1205,0.38,0.5,0.37,0.26,0.5,0,0.43,0.22,0
1206,0.47,0.52,0.5,0.4,0.5,0,0.41,0.22,0
1207,0.44,0.52,0.41,0.23,0.5,0,0.51,0.22,0
1208,0.3,0.32,0.57,0.19,0.5,0,0.48,0.55,0
1209,0.59,0.67,0.56,0.41,0.5,0,0.47,0.22,0
1210,0.47,0.47,0.57,0.48,0.5,0,0.48,0.22,0
1211,0.4,0.38,0.53,0.16,0.5,0,0.52,0.27,0
1212,0.41,0.4,0.59,0.47,0.5,0,0.48,0.43,0
1213,0.37,0.46,0.4,0.27,0.5,0,0.45,0.22,0
1214,0.43,0.57,0.53,0.16,0.5,0,0.54,0.22,0
1215,0.28,0.37,0.61,0.09,0.5,0,0.52,0.55,0
1216,0.44,0.39,0.53,0.14,0.5,0,0.54,0.44,0
1217,0.45,0.43,0.51,0.24,0.5,0,0.54,0.33,0
1218,0.67,0.71,0.52,0.65,0.5,0,0.53,0.36,0
1219,0.49,0.47,0.53,0.16,0.5,0,0.48,0.27,0
1220,0.71,0.59,0.48,0.43,0.5,0,0.59,0.22,0
1221,0.66,0.45,0.5,0.23,0.5,0,0.49,0.22,0
1222,0.31,0.31,0.56,0.33,0.5,0,0.52,0.33,0
1223,0.49,0.31,0.49,0.35,0.5,0,0.51,0.29,0
1224,0.54,0.38,0.52,0.18,0.5,0,0.48,0.22,0
1225,0.59,0.5,0.52,0.28,0.5,0,0.55,0.25,0
1226,0.37,0.42,0.51,0.11,0.5,0,0.57,0.22,0
1227,0.63,0.56,0.45,0.58,0.5,0,0.51,0.22,0
1228,0.72,0.62,0.34,0.29,0.5,0,0.56,0.28,0
1229,0.57,0.57,0.44,0.37,0.5,0,0.52,0.25,0
1230,0.59,0.61,0.34,0.22,0.5,0,0.51,0.22,0
1231,0.49,0.6,0.43,0.56,0.5,0,0.36,0.22,0
1232,0.41,0.45,0.53,0.17,0.5,0,0.51,0.25,0
1233,0.53,0.53,0.6,0.13,0.5,0,0.49,0.22,0
1234,0.45,0.27,0.57,0.36,0.5,0,0.52,0.18,0
1235,0.23,0.2,0.53,0.2,0.5,0,0.44,0.22,0
1236,0.8,0.46,0.5,0.15,0.5,0,0.53,0.22,0
1237,0.41,0.24,0.54,0.26,0.5,0,0.41,0.22,0
1238,0.47,0.65,0.54,0.62,0.5,0,0.53,0.36,0
1239,0.54,0.42,0.41,0.16,0.5,0,0.52,0.22,1
1240,0.46,0.35,0.53,0.16,0.5,0,0.51,0.29,0
1241,0.58,0.6,0.43,0.12,0.5,0,0.55,0.22,0
1242,0.63,0.61,0.41,0.22,0.5,0,0.51,0.22,0
1243,0.32,0.47,0.55,0.12,0.5,0,0.52,0.22,0
1244,0.35,0.6,0.47,0.13,0.5,0,0.52,0.43,0
1245,0.77,0.8,0.51,0.4,1,0,0.54,0.22,0
1246,0.43,0.51,0.48,0.14,0.5,0,0.5,0.22,0
1247,0.63,0.62,0.42,0.12,0.5,0,0.52,0.25,0
1248,0.25,0.4,0.51,0.18,0.5,0,0.5,0.27,0
1249,0.74,0.72,0.47,0.25,0.5,0,0.57,0.22,0
1250,0.47,0.47,0.58,0.16,0.5,0,0.49,0.28,0
1251,0.69,0.6,0.5,0.31,0.5,0,0.55,0.22,0
1252,0.6,0.6,0.49,0.3,0.5,0,0.53,0.22,0
1253,0.23,0.3,0.58,0.22,0.5,0,0.48,0.27,0
1254,0.42,0.39,0.47,0.13,0.5,0,0.5,0.27,0
1255,0.54,0.56,0.57,0.18,0.5,0,0.45,0.25,0
1256,0.17,0.38,0.45,0.09,0.5,0,0.54,0.27,0
1257,0.38,0.47,0.53,0.12,0.5,0,0.48,0.22,0
1258,0.64,0.53,0.45,0.13,0.5,0,0.53,0.22,0
1259,0.49,0.31,0.34,0.13,0.5,0,0.52,0.22,0
1260,0.49,0.47,0.52,0.16,0.5,0,0.53,0.28,0
1261,0.48,0.39,0.49,0.18,0.5,0,0.51,0.22,0
1262,0.43,0.54,0.58,0.16,0.5,0,0.5,0.36,0
1263,0.74,0.53,0.5,0.08,0.5,0,0.55,0.31,0
1264,0.44,0.51,0.48,0.38,0.5,0,0.52,0.22,0
1265,0.58,0.41,0.51,0.26,0.5,0,0.51,0.37,0
1266,0.69,0.5,0.49,0.42,0.5,0,0.49,0.22,0
1267,0.21,0.38,0.49,0.16,0.5,0,0.51,0.45,0
1268,0.47,0.45,0.53,0.62,0.5,0,0.46,0.22,0
1269,0.56,0.44,0.56,0.19,0.5,0,0.54,0.22,0
1270,0.51,0.63,0.3,0.35,0.5,0,0.53,0.27,0
1271,0.51,0.48,0.58,0.22,0.5,0,0.5,0.28,0
1272,0.61,0.54,0.49,0.16,0.5,0,0.54,0.42,0
1273,0.38,0.46,0.52,0.75,0.5,0,0.5,0.26,0
1274,0.34,0.34,0.61,0.18,0.5,0,0.52,0.32,0
1275,0.41,0.3,0.49,0.28,0.5,0,0.54,0.22,0
1276,0.45,0.57,0.3,0.17,0.5,0,0.51,0.22,0
1277,0.47,0.63,0.66,0.45,0.5,0,0.37,0.11,0
1278,0.51,0.34,0.43,0.18,0.5,0,0.48,0.25,0
1279,0.56,0.45,0.59,0.14,0.5,0,0.51,0.26,0
1280,0.45,0.38,0.59,0.18,0.5,0,0.44,0.45,0
1281,0.47,0.59,0.43,0.13,0.5,0,0.56,0.3,0
1282,0.42,0.32,0.61,0.13,0.5,0,0.14,0.27,0
1283,0.68,0.5,0.43,0.27,0.5,0,0.61,0.22,1
1284,0.32,0.36,0.34,0.19,0.5,0,0.55,0.26,0
1285,0.81,0.76,0.32,0.37,0.5,0,0.51,0.22,1
1286,0.42,0.25,0.6,0.14,0.5,0,0.45,0.22,0
1287,0.34,0.31,0.6,0.37,0.5,0,0.5,0.3,0
1288,0.53,0.5,0.54,0.56,0.5,0,0.49,0.41,0
1289,0.43,0.32,0.56,0.27,0.5,0,0.47,0.27,0
1290,0.52,0.48,0.58,0.55,0.5,0,0.48,0.22,0
1291,0.48,0.57,0.52,0.61,0.5,0,0.51,0.22,0
1292,0.51,0.43,0.47,0.19,0.5,0,0.52,0.37,0
1293,0.78,0.48,0.47,0.3,0.5,0,0.53,0.47,1
1294,0.48,0.51,0.57,0.24,0.5,0,0.5,0.22,0
1295,0.58,0.49,0.5,0.41,0.5,0,0.57,0.22,0
1296,0.68,0.58,0.51,0.19,0.5,0.83,0.54,0.22,0
1297,0.51,0.47,0.41,0.44,0.5,0,0.5,0.22,0
1298,0.49,0.44,0.45,0.22,0.5,0,0.51,0.22,0
1299,0.53,0.48,0.45,0.44,0.5,0,0.49,0.27,0
1300,0.7,0.53,0.42,0.22,0.5,0,0.51,0.28,0
1301,0.47,0.6,0.35,0.21,0.5,0,0.52,0.22,0
1302,0.46,0.42,0.6,0.21,0.5,0,0.4,0.22,0
1303,0.5,0.49,0.59,0.47,0.5,0,0.49,0.36,0
1304,0.37,0.31,0.53,0.16,0.5,0,0.53,0.44,0
1305,0.45,0.73,0.47,0.65,0.5,0,0.54,0.43,0
1306,0.42,0.5,0.53,0.22,0.5,0.83,0.5,0.22,0
1307,0.51,0.42,0.56,0.38,0.5,0,0.46,0.22,0
1308,0.52,0.5,0.59,0.31,0.5,0,0.5,0.22,0
1309,0.42,0.53,0.53,0.64,0.5,0,0.47,0.22,0
1310,0.45,0.38,0.64,0.14,0.5,0,0.54,0.22,0
1311,0.6,0.57,0.64,0.52,0.5,0,0.47,0.28,0
1312,0.45,0.43,0.63,0.4,0.5,0,0.59,0.11,0
1313,0.57,0.58,0.58,0.35,0.5,0,0.49,0.22,0
1314,0.64,0.64,0.56,0.21,0.5,0,0.5,0.22,0
1315,0.32,0.45,0.44,0.2,0.5,0,0.55,0.33,0
1316,0.51,0.56,0.62,0.24,0.5,0,0.52,0.51,0
1317,0.63,0.47,0.56,0.12,0.5,0,0.5,0.22,0
1318,0.44,0.53,0.53,0.37,0.5,0,0.51,0.22,0
1319,0.47,0.46,0.55,0.28,0.5,0,0.44,0.46,0
1320,0.5,0.36,0.53,0.41,0.5,0,0.55,0.36,0
1321,0.33,0.46,0.53,0.29,0.5,0,0.5,0.55,0
1322,0.35,0.5,0.44,0.27,0.5,0,0.51,0.22,0
1323,0.35,0.44,0.54,0.26,0.5,0,0.52,0.26,0
1324,0.47,0.47,0.5,0.15,0.5,0,0.5,0.48,0
1325,0.43,0.38,0.38,0.12,0.5,0,0.5,0.22,1
1326,0.58,0.51,0.56,0.16,0.5,0,0.34,0.22,0
1327,0.48,0.49,0.45,0.23,0.5,0,0.51,0.22,0
1328,0.31,0.42,0.48,0.17,0.5,0,0.49,0.53,0
1329,0.49,0.27,0.57,0.18,0.5,0.83,0.54,0.22,0
1330,0.37,0.42,0.6,0.13,0.5,0,0.51,0.22,0
1331,0.5,0.32,0.49,0.49,0.5,0,0.48,0.32,0
1332,0.56,0.68,0.52,0.39,0.5,0,0.36,0.22,0
1333,0.28,0.36,0.55,0.15,0.5,0,0.57,0.22,0
1334,0.38,0.62,0.52,0.14,0.5,0,0.53,0.22,0
1335,0.45,0.4,0.43,0.22,0.5,0,0.51,0.48,0
1336,0.47,0.61,0.5,0.23,0.5,0,0.49,0.22,0
1337,0.49,0.6,0.3,0.34,0.5,0,0.5,0.43,0
1338,0.97,0.71,0.29,0.42,0.5,0,0.35,0.22,1
1339,0.39,0.49,0.3,0.19,0.5,0,0.52,0.31,0
1340,0.37,0.48,0.5,0.26,0.5,0,0.52,0.39,0
1341,0.41,0.53,0.41,0.15,0.5,0,0.54,0.25,0
1342,0.66,0.55,0.34,0.2,0.5,0,0.62,0.22,0
1343,0.42,0.28,0.51,0.23,0.5,0,0.53,0.27,0
1344,0.45,0.48,0.56,0.56,0.5,0,0.47,0.22,0
1345,0.56,0.48,0.5,0.17,0.5,0,0.51,0.26,0
1346,0.32,0.48,0.49,0.17,0.5,0,0.47,0.22,0
1347,0.49,0.45,0.57,0.24,0.5,0,0.47,0.38,0
1348,0.45,0.45,0.52,0.17,0.5,0,0.54,0.22,0
1349,0.51,0.46,0.4,0.65,0.5,0,0.49,0.22,0
1350,0.81,0.55,0.35,0.34,0.5,0,0.51,0.22,1
1351,0.48,0.5,0.56,0.11,0.5,0,0.33,0.22,0
1352,0.68,0.53,0.44,0.31,0.5,0,0.51,0.22,0
1353,0.33,0.28,0.5,0.4,0.5,0,0.46,0.61,0
1354,0.52,0.5,0.51,0.2,0.5,0,0.51,0.22,0
1355,0.33,0.28,0.52,0.15,0.5,0,0.51,0.86,0
1356,0.55,0.59,0.53,0.15,0.5,0,0.49,0.22,0
1357,0.51,0.61,0.5,0.23,0.5,0,0.52,0.61,0
1358,0.53,0.46,0.54,0.37,0.5,0,0.51,0.3,0
1359,0.47,0.47,0.54,0.19,0.5,0,0.51,0.33,0
1360,0.4,0.66,0.34,0.21,0.5,0,0.52,0.26,0
1361,0.45,0.43,0.5,0.25,0.5,0,0.47,0.22,0
1362,0.45,0.52,0.5,0.12,0.5,0,0.6,0.22,0
1363,0.47,0.45,0.51,0.33,0.5,0,0.46,0.26,0
1364,0.5,0.36,0.64,0.37,0.5,0,0.37,0.33,0
1365,0.45,0.5,0.57,0.29,0.5,0,0.44,0.11,0
1366,0.61,0.38,0.57,0.36,0.5,0,0.44,0.21,0
1367,0.61,0.38,0.57,0.36,0.5,0,0.44,0.21,0
1368,0.43,0.33,0.54,0.37,0.5,0,0.38,0.16,0
1369,0.57,0.49,0.61,0.26,0.5,0,0.52,0.22,0
1370,0.54,0.57,0.55,0.18,0.5,0,0.5,0.22,0
1371,0.57,0.42,0.63,0.22,0.5,0,0.68,0.32,0
1372,0.35,0.33,0.48,0.42,0.5,0,0.47,0.43,0
1373,0.46,0.35,0.69,0.18,0.5,0,0.3,0.25,0
1374,0.59,0.51,0.48,0.12,0.5,0,0.54,0.31,0
1375,0.61,0.53,0.59,0.17,0.5,0,0.44,0.28,0
1376,0.63,0.64,0.45,0.26,0.5,0,0.43,0.22,0
1377,0.38,0.43,0.53,0.22,0.5,0,0.48,0.11,0
1378,0.4,0.45,0.61,0.29,0.5,0,0.44,0.22,0
1379,0.35,0.21,1,0.8,0.5,0,0.13,0.01,0
1380,0.56,0.35,0.47,0.35,0.5,0,0.52,0.22,0
1381,0.54,0.44,0.55,0.48,0.5,0,0.47,0.22,0
1382,0.69,0.54,0.55,0.23,0.5,0,0.73,0.22,0
1383,0.56,0.61,0.52,0.19,0.5,0,0.52,0.32,0
1384,0.32,0.44,0.54,0.21,0.5,0,0.4,0.19,0
1385,0.42,0.5,0.64,0.13,0.5,0,0.49,0.22,0
1386,0.39,0.65,0.57,0.19,0.5,0,0.44,0.25,0
1387,0.49,0.4,0.58,0.23,0.5,0,0.47,0.27,0
1388,0.59,0.54,0.53,0.14,0.5,0,0.48,0.22,0
1389,0.5,0.48,0.48,0.23,0.5,0,0.53,0.68,0
1390,0.39,1,0.38,0.41,0.5,0,0.5,0.27,0
1391,0.56,0.65,0.49,0.56,0.5,0,0.49,0.22,0
1392,0.46,0.42,0.51,0.16,0.5,0,0.56,0.22,0
1393,0.85,0.66,0.49,0.18,0.5,0,0.51,0.22,0
1394,0.58,0.56,0.46,0.14,0.5,0,0.51,0.22,0
1395,0.41,0.49,0.47,0.09,0.5,0,0.49,0.22,0
1396,0.44,0.51,0.53,0.3,0.5,0,0.53,0.22,0
1397,0.55,0.72,0.35,0.26,0.5,0,0.49,0.22,0
1398,0.41,0.4,0.56,0.17,0.5,0,0.56,0.22,0
1399,0.47,0.56,0.53,0.44,0.5,0,0.53,0.22,0
1400,0.53,0.49,0.47,0.21,0.5,0,0.53,0.22,0
1401,0.4,0.49,0.53,0.23,0.5,0,0.44,0.26,0
1402,0.45,0.41,0.53,0.49,0.5,0,0.49,0.31,0
1403,0.33,0.42,0.55,0.23,0.5,0,0.52,0.43,0
1404,0.38,0.42,0.31,0.35,0.5,0,0.52,0.22,0
1405,0.46,0.48,0.38,0.22,0.5,0,0.39,0.45,0
1406,0.8,0.69,0.53,0.33,0.5,0,0.51,0.22,1
1407,0.19,0.16,0.68,0.36,0.5,0,0.49,0.21,0
1408,0.4,0.75,0.44,0.12,0.5,0,0.49,0.22,0
1409,0.6,0.64,0.56,0.36,0.5,0,0.46,0.27,0
1410,0.39,0.45,0.51,0.29,0.5,0,0.54,0.22,0
1411,0.33,0.47,0.55,0.24,0.5,0,0.45,0.67,0
1412,0.33,0.46,0.6,0.18,0.5,0,0.51,0.26,0
1413,0.45,0.57,0.38,0.28,0.5,0,0.53,0.31,0
1414,0.52,0.47,0.58,0.18,0.5,0,0.34,0.11,0
1415,0.57,0.55,0.51,0.18,0.5,0,0.51,0.43,0
1416,0.44,0.43,0.46,0.28,0.5,0,0.45,0.29,0
1417,0.38,0.58,0.46,0.21,0.5,0,0.52,0.22,0
1418,0.48,0.65,0.36,0.24,0.5,0,0.54,0.31,0
1419,0.49,0.6,0.54,0.35,0.5,0,0.53,0.46,0
1420,0.49,0.48,0.51,0.21,0.5,0,0.53,0.22,0
1421,0.61,0.5,0.61,0.21,0.5,0,0.55,0.54,0
1422,0.53,0.48,0.51,0.18,0.5,0,0.52,0.27,0
1423,0.6,0.46,0.51,0.1,0.5,0,0.48,0.31,0
1424,0.38,0.42,0.47,0.12,0.5,0,0.47,0.53,0
1425,0.41,0.42,0.23,0.16,0.5,0,0.4,0.22,0
1426,0.36,0.37,0.63,0.25,0.5,0,0.3,0.22,0
1427,0.58,0.64,0.42,0.3,0.5,0,0.54,0.22,0
1428,0.74,0.82,0.46,0.24,0.5,0,0.48,0.22,0
1429,0.55,0.38,0.52,0.16,0.5,0,0.49,0.64,0
1430,0.78,0.73,0.27,0.28,0.5,0,0.56,0.22,0
1431,0.31,0.51,0.38,0.18,0.5,0,0.46,0.31,0
1432,0.44,0.65,0.49,0.16,0.5,0,0.48,0.31,0
1433,0.5,0.45,0.52,0.18,0.5,0,0.52,0.22,0
1434,0.59,0.51,0.47,0.21,0.5,0,0.47,0.22,0
1435,0.63,0.43,0.48,0.11,0.5,0,0.51,0.22,0
1436,0.55,0.79,0.45,0.25,0.5,0,0.51,0.22,0
1437,0.63,0.58,0.57,0.1,0.5,0,0.52,0.33,0
1438,0.47,0.38,0.5,0.15,0.5,0,0.49,0.47,0
1439,0.42,0.5,0.59,0.17,0.5,0,0.51,0.22,0
1440,0.28,0.27,0.5,0.14,0.5,0,0.5,0.28,0
1441,0.44,0.49,0.49,0.27,0.5,0,0.52,0.22,0
1442,0.25,0.26,0.53,0.17,0.5,0,0.45,0.22,0
1443,0.59,0.46,0.55,0.17,0.5,0,0.52,0.25,0
1444,0.36,0.52,0.61,0.33,0.5,0,0.52,0.37,0
1445,0.66,0.54,0.53,0.17,0.5,0,0.54,0.22,0
1446,0.5,0.44,0.57,0.28,0.5,0,0.57,0.22,0
1447,0.46,0.47,0.62,0.3,0.5,0,0.38,0.22,0
1448,0.34,0.42,0.48,0.19,0.5,0,0.46,0.31,0
1449,0.4,0.28,0.58,0.44,0.5,0,0.41,0.22,0
1450,0.55,0.49,0.6,0.18,0.5,0,0.51,0.22,0
1451,0.55,0.44,0.5,0.09,0.5,0,0.55,0.22,0
1452,0.51,0.49,0.48,0.55,0.5,0,0.52,0.58,0
1453,0.68,0.68,0.35,0.16,0.5,0,0.62,0.22,0
1454,0.57,0.54,0.32,0.15,0.5,0,0.52,0.25,0
1455,0.41,0.48,0.51,0.2,0.5,0,0.51,0.22,0
1456,0.57,0.47,0.48,0.17,0.5,0,0.52,0.26,0
1457,0.4,0.45,0.45,0.15,0.5,0,0.53,0.48,0
1458,0.45,0.51,0.43,0.22,0.5,0,0.57,0.22,0
1459,0.88,0.75,0.41,0.36,0.5,0,0.43,0.22,1
1460,0.5,0.47,0.56,0.31,0.5,0,0.56,0.26,0
1461,0.71,0.79,0.41,0.38,0.5,0,0.54,0.22,0
1462,0.47,0.41,0.46,0.18,0.5,0,0.53,0.22,0
1463,0.59,0.56,0.5,0.48,0.5,0,0.46,0.22,0
1464,0.26,0.3,0.37,0.15,0.5,0,0.53,0.25,0
1465,0.28,0.41,0.46,0.18,0.5,0,0.47,0.39,0
1466,0.22,0.53,0.36,0.22,0.5,0,0.54,0.31,0
1467,0.4,0.4,0.43,0.19,0.5,0.83,0.48,0.22,0
1468,0.77,0.7,0.37,0.12,0.5,0,0.49,0.26,0
1469,0.55,0.35,0.36,0.29,0.5,0,0.51,0.22,0
1470,0.35,0.32,0.31,0.16,0.5,0,0.56,0.22,0
1471,0.47,0.41,0.53,0.27,0.5,0,0.47,0.25,0
1472,0.39,0.56,0.34,0.18,0.5,0,0.49,0.22,0
1473,0.28,0.48,0.36,0.16,0.5,0,0.53,0.22,0
1474,0.48,0.58,0.47,0.17,0.5,0,0.53,0.74,0
1475,0.49,0.56,0.37,0.2,0.5,0,0.53,0.22,0
1476,0.86,0.78,0.34,0.15,0.5,0,0.53,0.22,1
1477,0.77,0.68,0.35,0.19,0.5,0,0.53,0.43,0
1478,0.51,0.59,0.46,0.13,0.5,0,0.48,0.22,0
1479,0.47,0.5,0.6,0.63,0.5,0,0.38,0.16,0
1480,0.36,0.48,0.61,0.26,0.5,0,0.5,0.16,0
1481,0.3,0.37,0.4,0.45,0.5,0,0.48,0.41,0
1482,0.38,0.4,0.39,0.19,0.5,0,0.46,0.62,0
1483,0.58,0.56,0.38,0.39,0.5,0,0.54,0.57,0
1484,0.67,0.57,0.36,0.19,0.5,0,0.56,0.22,1
